{"team_name": "PKU_ADSP", "set_name": "VAL", "report_date": "12062021_00_06_27", "overall_scores": {"precision": 0.46684175968483255, "recall": 0.3895890410958904, "fmeasure (percentage)": 42.473}, "scores_per_subset": {"PB": {"precision": 0.6638655462184874, "recall": 0.34347826086956523, "f-measure": 0.45272206303724927}, "HV": {"precision": 0.36, "recall": 0.45, "f-measure": 0.4}}, "scores_per_audiofile": {"BUK5_20161101_002104a.wav": {"precision": 0.96, "recall": 0.5454545454545454, "f-measure": 0.6956521739130435}, "BUK1_20181011_001004.wav": {"precision": 0.7037037037037037, "recall": 0.6129032258064516, "f-measure": 0.6551724137931034}, "BUK1_20181013_023504.wav": {"precision": 0.18181818181818182, "recall": 0.08333333333333333, "f-measure": 0.11428571428571428}, "BUK4_20161011_000804.wav": {"precision": 0.2222222222222222, "recall": 0.0425531914893617, "f-measure": 0.07142857142857142}, "BUK4_20171022_004304a.wav": {"precision": 0.4, "recall": 0.47058823529411764, "f-measure": 0.43243243243243246}, "BUK5_20180921_015906a.wav": {"precision": 1e-05, "recall": 1e-05, "f-measure": 1e-05}, "n1.wav": {"precision": 0.034482758620689655, "recall": 0.05555555555555555, "f-measure": 0.0425531914893617}, "a1.wav": {"precision": 0.8095238095238095, "recall": 0.7727272727272727, "f-measure": 0.7906976744186046}}}