{"team_name": "PKU_ADSP", "set_name": "VAL", "report_date": "11042021_16_25_04", "overall_scores": {"precision": 0.003102597736137852, "recall": 0.5362462760675273, "fmeasure (percentage)": 0.617}, "scores_per_subset": {"PB": {"precision": 0.004134604341334559, "recall": 0.46956521739130436, "f-measure": 0.00819703237068802}, "HV": {"precision": 0.0024828682093554475, "recall": 0.625, "f-measure": 0.004946087644673063}}, "scores_per_audiofile": {"BUK5_20161101_002104a.wav": {"precision": 0.01283112582781457, "recall": 0.7045454545454546, "f-measure": 0.025203252032520326}, "BUK1_20181011_001004.wav": {"precision": 0.004657661853749418, "recall": 0.6451612903225806, "f-measure": 0.009248554913294798}, "BUK1_20181013_023504.wav": {"precision": 0.0004763038818766373, "recall": 0.08333333333333333, "f-measure": 0.000947193937958797}, "BUK4_20161011_000804.wav": {"precision": 0.000950344499881207, "recall": 0.0851063829787234, "f-measure": 0.0018796992481203006}, "BUK4_20171022_004304a.wav": {"precision": 0.0033213396069748133, "recall": 0.7058823529411765, "f-measure": 0.006611570247933884}, "BUK5_20180921_015906a.wav": {"precision": 0.0016083634901487736, "recall": 0.34782608695652173, "f-measure": 0.003201921152691615}, "n1.wav": {"precision": 0.001028101439342015, "recall": 0.16666666666666666, "f-measure": 0.0020435967302452314}, "a1.wav": {"precision": 0.0030764927982100407, "recall": 1.0, "f-measure": 0.006134114038756448}}}