{"team_name": "PKU_ADSP", "set_name": "VAL", "report_date": "18072021_16_58_29", "overall_scores": {"precision": 0.508395324123273, "recall": 0.49523809523809526, "fmeasure (percentage)": 50.173}, "scores_per_subset": {"PB": {"precision": 0.6618705035971223, "recall": 0.4, "f-measure": 0.4986449864498645}, "HV": {"precision": 0.4126984126984127, "recall": 0.65, "f-measure": 0.5048543689320388}}, "scores_per_audiofile": {"BUK5_20161101_002104a.wav": {"precision": 0.9384615384615385, "recall": 0.6931818181818182, "f-measure": 0.7973856209150327}, "BUK1_20181011_001004.wav": {"precision": 0.7391304347826086, "recall": 0.5483870967741935, "f-measure": 0.6296296296296297}, "BUK1_20181013_023504.wav": {"precision": 0.2727272727272727, "recall": 0.125, "f-measure": 0.17142857142857143}, "BUK4_20161011_000804.wav": {"precision": 1e-05, "recall": 1e-05, "f-measure": 1e-05}, "BUK4_20171022_004304a.wav": {"precision": 0.5, "recall": 0.5882352941176471, "f-measure": 0.5405405405405406}, "BUK5_20180921_015906a.wav": {"precision": 0.08333333333333333, "recall": 0.043478260869565216, "f-measure": 0.05714285714285714}, "n1.wav": {"precision": 0.1935483870967742, "recall": 0.3333333333333333, "f-measure": 0.24489795918367346}, "a1.wav": {"precision": 0.625, "recall": 0.9090909090909091, "f-measure": 0.7407407407407407}}}