{"team_name": "PKU_ADSP", "set_name": "VAL", "report_date": "28042021_22_19_44", "overall_scores": {"precision": 0.5167632087063366, "recall": 0.3750318471337579, "fmeasure (percentage)": 43.463}, "scores_per_subset": {"PB": {"precision": 0.6213592233009708, "recall": 0.2782608695652174, "f-measure": 0.3843843843843844}, "HV": {"precision": 0.4423076923076923, "recall": 0.575, "f-measure": 0.5}}, "scores_per_audiofile": {"BUK5_20161101_002104a.wav": {"precision": 0.972972972972973, "recall": 0.4090909090909091, "f-measure": 0.576}, "BUK1_20181011_001004.wav": {"precision": 0.6111111111111112, "recall": 0.3548387096774194, "f-measure": 0.4489795918367347}, "BUK1_20181013_023504.wav": {"precision": 0.38461538461538464, "recall": 0.20833333333333334, "f-measure": 0.2702702702702703}, "BUK4_20161011_000804.wav": {"precision": 0.3076923076923077, "recall": 0.0851063829787234, "f-measure": 0.13333333333333333}, "BUK4_20171022_004304a.wav": {"precision": 0.45454545454545453, "recall": 0.29411764705882354, "f-measure": 0.35714285714285715}, "BUK5_20180921_015906a.wav": {"precision": 0.2727272727272727, "recall": 0.13043478260869565, "f-measure": 0.17647058823529413}, "n1.wav": {"precision": 0.125, "recall": 0.16666666666666666, "f-measure": 0.14285714285714285}, "a1.wav": {"precision": 0.7142857142857143, "recall": 0.9090909090909091, "f-measure": 0.8}}}