{"team_name": "PKU_ADSP", "set_name": "VAL", "report_date": "04062021_00_22_11", "overall_scores": {"precision": 0.5807622504537205, "recall": 0.45497630331753547, "fmeasure (percentage)": 51.023}, "scores_per_subset": {"PB": {"precision": 0.6274509803921569, "recall": 0.41739130434782606, "f-measure": 0.5013054830287206}, "HV": {"precision": 0.5405405405405406, "recall": 0.5, "f-measure": 0.5194805194805194}}, "scores_per_audiofile": {"BUK5_20161101_002104a.wav": {"precision": 0.9393939393939394, "recall": 0.7045454545454546, "f-measure": 0.8051948051948052}, "BUK1_20181011_001004.wav": {"precision": 0.6551724137931034, "recall": 0.6129032258064516, "f-measure": 0.6333333333333333}, "BUK1_20181013_023504.wav": {"precision": 0.36363636363636365, "recall": 0.16666666666666666, "f-measure": 0.22857142857142856}, "BUK4_20161011_000804.wav": {"precision": 0.07142857142857142, "recall": 0.02127659574468085, "f-measure": 0.03278688524590164}, "BUK4_20171022_004304a.wav": {"precision": 0.5, "recall": 0.5882352941176471, "f-measure": 0.5405405405405406}, "BUK5_20180921_015906a.wav": {"precision": 1e-05, "recall": 1e-05, "f-measure": 1e-05}, "n1.wav": {"precision": 1e-05, "recall": 1e-05, "f-measure": 1e-05}, "a1.wav": {"precision": 0.6451612903225806, "recall": 0.9090909090909091, "f-measure": 0.7547169811320755}}}