{"team_name": "PKU_ADSP", "set_name": "VAL", "report_date": "29042021_23_33_02", "overall_scores": {"precision": 0.31136971221890236, "recall": 0.5308310991957105, "fmeasure (percentage)": 39.251}, "scores_per_subset": {"PB": {"precision": 0.3474903474903475, "recall": 0.391304347826087, "f-measure": 0.36809815950920244}, "HV": {"precision": 0.28205128205128205, "recall": 0.825, "f-measure": 0.42038216560509556}}, "scores_per_audiofile": {"BUK5_20161101_002104a.wav": {"precision": 0.9629629629629629, "recall": 0.5909090909090909, "f-measure": 0.7323943661971831}, "BUK1_20181011_001004.wav": {"precision": 0.18333333333333332, "recall": 0.7096774193548387, "f-measure": 0.2913907284768212}, "BUK1_20181013_023504.wav": {"precision": 0.16666666666666666, "recall": 0.125, "f-measure": 0.14285714285714285}, "BUK4_20161011_000804.wav": {"precision": 0.10344827586206896, "recall": 0.06382978723404255, "f-measure": 0.07894736842105263}, "BUK4_20171022_004304a.wav": {"precision": 0.5625, "recall": 0.5294117647058824, "f-measure": 0.5454545454545454}, "BUK5_20180921_015906a.wav": {"precision": 0.045454545454545456, "recall": 0.043478260869565216, "f-measure": 0.044444444444444446}, "n1.wav": {"precision": 0.15294117647058825, "recall": 0.7222222222222222, "f-measure": 0.2524271844660194}, "a1.wav": {"precision": 0.625, "recall": 0.9090909090909091, "f-measure": 0.7407407407407407}}}