{"team_name": "PKU_ADSP", "set_name": "VAL", "report_date": "10042021_23_35_25", "overall_scores": {"precision": 0.007030832374446186, "recall": 0.5263565891472869, "fmeasure (percentage)": 1.388}, "scores_per_subset": {"PB": {"precision": 0.008717533926485126, "recall": 0.4217391304347826, "f-measure": 0.017081975873910363}, "HV": {"precision": 0.005891016200294551, "recall": 0.7, "f-measure": 0.011683705403713749}}, "scores_per_audiofile": {"BUK5_20161101_002104a.wav": {"precision": 0.03128313891834571, "recall": 0.6704545454545454, "f-measure": 0.05977710233029382}, "BUK1_20181011_001004.wav": {"precision": 0.005466140297600972, "recall": 0.5806451612903226, "f-measure": 0.010830324909747292}, "BUK1_20181013_023504.wav": {"precision": 1e-05, "recall": 1e-05, "f-measure": 1e-05}, "BUK4_20161011_000804.wav": {"precision": 0.0049586776859504135, "recall": 0.06382978723404255, "f-measure": 0.009202453987730062}, "BUK4_20171022_004304a.wav": {"precision": 0.017094017094017096, "recall": 0.7058823529411765, "f-measure": 0.03337969401947149}, "BUK5_20180921_015906a.wav": {"precision": 0.0016350555918901242, "recall": 0.21739130434782608, "f-measure": 0.0032456994482310936}, "n1.wav": {"precision": 0.003421309872922776, "recall": 0.3888888888888889, "f-measure": 0.006782945736434108}, "a1.wav": {"precision": 0.007757665312153676, "recall": 0.9545454545454546, "f-measure": 0.015390252839868083}}}