{"team_name": "PKU_ADSP", "set_name": "VAL", "report_date": "20082021_22_04_28", "overall_scores": {"precision": 0.6556169429097606, "recall": 0.4362745098039215, "fmeasure (percentage)": 52.391}, "scores_per_subset": {"PB": {"precision": 0.644927536231884, "recall": 0.3869565217391304, "f-measure": 0.483695652173913}, "HV": {"precision": 0.6666666666666666, "recall": 0.5, "f-measure": 0.5714285714285714}}, "scores_per_audiofile": {"BUK5_20161101_002104a.wav": {"precision": 0.8181818181818182, "recall": 0.6136363636363636, "f-measure": 0.7012987012987013}, "BUK1_20181011_001004.wav": {"precision": 0.8076923076923077, "recall": 0.6774193548387096, "f-measure": 0.7368421052631579}, "BUK1_20181013_023504.wav": {"precision": 0.3333333333333333, "recall": 0.16666666666666666, "f-measure": 0.2222222222222222}, "BUK4_20161011_000804.wav": {"precision": 0.08333333333333333, "recall": 0.02127659574468085, "f-measure": 0.03389830508474576}, "BUK4_20171022_004304a.wav": {"precision": 0.42857142857142855, "recall": 0.5294117647058824, "f-measure": 0.47368421052631576}, "BUK5_20180921_015906a.wav": {"precision": 1e-05, "recall": 1e-05, "f-measure": 1e-05}, "n1.wav": {"precision": 0.6666666666666666, "recall": 0.1111111111111111, "f-measure": 0.19047619047619047}, "a1.wav": {"precision": 0.6666666666666666, "recall": 0.8181818181818182, "f-measure": 0.7346938775510204}}}