{"team_name": "PKU_ADSP", "set_name": "VAL", "report_date": "11042021_16_43_35", "overall_scores": {"precision": 0.018594245230252937, "recall": 0.4353055286129971, "fmeasure (percentage)": 3.567}, "scores_per_subset": {"PB": {"precision": 0.030289532293986638, "recall": 0.2956521739130435, "f-measure": 0.05494949494949495}, "HV": {"precision": 0.013414634146341463, "recall": 0.825, "f-measure": 0.0264}}, "scores_per_audiofile": {"BUK5_20161101_002104a.wav": {"precision": 0.10951008645533142, "recall": 0.4318181818181818, "f-measure": 0.17471264367816092}, "BUK1_20181011_001004.wav": {"precision": 0.01256281407035176, "recall": 0.6451612903225806, "f-measure": 0.024645717806531114}, "BUK1_20181013_023504.wav": {"precision": 0.04040404040404041, "recall": 0.16666666666666666, "f-measure": 0.06504065040650407}, "BUK4_20161011_000804.wav": {"precision": 1e-05, "recall": 1e-05, "f-measure": 1e-05}, "BUK4_20171022_004304a.wav": {"precision": 0.13953488372093023, "recall": 0.35294117647058826, "f-measure": 0.2}, "BUK5_20180921_015906a.wav": {"precision": 1e-05, "recall": 1e-05, "f-measure": 1e-05}, "n1.wav": {"precision": 0.004981884057971014, "recall": 0.6111111111111112, "f-measure": 0.009883198562443846}, "a1.wav": {"precision": 0.0873015873015873, "recall": 1.0, "f-measure": 0.16058394160583941}}}