{"team_name": "PKU_ADSP", "set_name": "VAL", "report_date": "03052021_22_30_11", "overall_scores": {"precision": 0.5797101449275363, "recall": 0.40384615384615385, "fmeasure (percentage)": 47.606}, "scores_per_subset": {"PB": {"precision": 0.5882352941176471, "recall": 0.30434782608695654, "f-measure": 0.40114613180515757}, "HV": {"precision": 0.5714285714285714, "recall": 0.6, "f-measure": 0.5853658536585366}}, "scores_per_audiofile": {"BUK5_20161101_002104a.wav": {"precision": 0.9607843137254902, "recall": 0.5568181818181818, "f-measure": 0.7050359712230215}, "BUK1_20181011_001004.wav": {"precision": 0.4482758620689655, "recall": 0.41935483870967744, "f-measure": 0.43333333333333335}, "BUK1_20181013_023504.wav": {"precision": 0.2222222222222222, "recall": 0.08333333333333333, "f-measure": 0.12121212121212122}, "BUK4_20161011_000804.wav": {"precision": 0.08333333333333333, "recall": 0.02127659574468085, "f-measure": 0.03389830508474576}, "BUK4_20171022_004304a.wav": {"precision": 0.38461538461538464, "recall": 0.29411764705882354, "f-measure": 0.3333333333333333}, "BUK5_20180921_015906a.wav": {"precision": 1e-05, "recall": 1e-05, "f-measure": 1e-05}, "n1.wav": {"precision": 0.4, "recall": 0.2222222222222222, "f-measure": 0.2857142857142857}, "a1.wav": {"precision": 0.625, "recall": 0.9090909090909091, "f-measure": 0.7407407407407407}}}