{"team_name": "PKU_ADSP", "set_name": "VAL", "report_date": "13042021_16_41_57", "overall_scores": {"precision": 0.004992848523053625, "recall": 0.4284482758620689, "fmeasure (percentage)": 0.987}, "scores_per_subset": {"PB": {"precision": 0.002588029452504192, "recall": 0.30869565217391304, "f-measure": 0.005133024869866975}, "HV": {"precision": 0.07052896725440806, "recall": 0.7, "f-measure": 0.12814645308924486}}, "scores_per_audiofile": {"BUK5_20161101_002104a.wav": {"precision": 0.014426460239268121, "recall": 0.4659090909090909, "f-measure": 0.027986348122866895}, "BUK1_20181011_001004.wav": {"precision": 0.0033875338753387536, "recall": 0.3225806451612903, "f-measure": 0.00670465973851827}, "BUK1_20181013_023504.wav": {"precision": 0.00016244314489928524, "recall": 0.041666666666666664, "f-measure": 0.00032362459546925567}, "BUK4_20161011_000804.wav": {"precision": 1e-05, "recall": 1e-05, "f-measure": 1e-05}, "BUK4_20171022_004304a.wav": {"precision": 0.006657156443176415, "recall": 0.8235294117647058, "f-measure": 0.013207547169811321}, "BUK5_20180921_015906a.wav": {"precision": 0.0007390983000739098, "recall": 0.21739130434782608, "f-measure": 0.0014731879787860931}, "n1.wav": {"precision": 0.03765690376569038, "recall": 0.5, "f-measure": 0.07003891050583658}, "a1.wav": {"precision": 0.12025316455696203, "recall": 0.8636363636363636, "f-measure": 0.2111111111111111}}}