{"team_name": "PKU_ADSP", "set_name": "VAL", "report_date": "13042021_17_26_11", "overall_scores": {"precision": 0.3073838957567658, "recall": 0.2857142857142857, "fmeasure (percentage)": 29.615}, "scores_per_subset": {"PB": {"precision": 0.25274725274725274, "recall": 0.2, "f-measure": 0.22330097087378642}, "HV": {"precision": 0.39215686274509803, "recall": 0.5, "f-measure": 0.43956043956043955}}, "scores_per_audiofile": {"BUK5_20161101_002104a.wav": {"precision": 0.4852941176470588, "recall": 0.375, "f-measure": 0.4230769230769231}, "BUK1_20181011_001004.wav": {"precision": 0.08695652173913043, "recall": 0.06451612903225806, "f-measure": 0.07407407407407407}, "BUK1_20181013_023504.wav": {"precision": 0.08888888888888889, "recall": 0.16666666666666666, "f-measure": 0.11594202898550725}, "BUK4_20161011_000804.wav": {"precision": 1e-05, "recall": 1e-05, "f-measure": 1e-05}, "BUK4_20171022_004304a.wav": {"precision": 0.5833333333333334, "recall": 0.4117647058823529, "f-measure": 0.4827586206896552}, "BUK5_20180921_015906a.wav": {"precision": 1e-05, "recall": 1e-05, "f-measure": 1e-05}, "n1.wav": {"precision": 0.05, "recall": 0.05555555555555555, "f-measure": 0.05263157894736842}, "a1.wav": {"precision": 0.6129032258064516, "recall": 0.8636363636363636, "f-measure": 0.7169811320754716}}}