{"team_name": "PKU_ADSP", "set_name": "VAL", "report_date": "11042021_16_36_08", "overall_scores": {"precision": 0.004320127521836488, "recall": 0.4506787330316742, "fmeasure (percentage)": 0.856}, "scores_per_subset": {"PB": {"precision": 0.009877424729263359, "recall": 0.36086956521739133, "f-measure": 0.01922854164253446}, "HV": {"precision": 0.0027646584494873862, "recall": 0.6, "f-measure": 0.005503955968352253}}, "scores_per_audiofile": {"BUK5_20161101_002104a.wav": {"precision": 0.021032504780114723, "recall": 0.625, "f-measure": 0.040695523492415835}, "BUK1_20181011_001004.wav": {"precision": 0.007858546168958742, "recall": 0.25806451612903225, "f-measure": 0.015252621544327931}, "BUK1_20181013_023504.wav": {"precision": 0.0015015015015015015, "recall": 0.041666666666666664, "f-measure": 0.002898550724637681}, "BUK4_20161011_000804.wav": {"precision": 0.004282655246252677, "recall": 0.0851063829787234, "f-measure": 0.00815494393476045}, "BUK4_20171022_004304a.wav": {"precision": 0.005664488017429194, "recall": 0.7647058823529411, "f-measure": 0.01124567474048443}, "BUK5_20180921_015906a.wav": {"precision": 0.002285714285714286, "recall": 0.08695652173913043, "f-measure": 0.004454342984409799}, "n1.wav": {"precision": 0.0007710100231303007, "recall": 0.1111111111111111, "f-measure": 0.0015313935681470138}, "a1.wav": {"precision": 0.0036142598981435846, "recall": 1.0, "f-measure": 0.0072024881322638725}}}