{"team_name": "PKU_ADSP", "set_name": "VAL", "report_date": "12062021_23_38_27", "overall_scores": {"precision": 0.6186953597848016, "recall": 0.4444444444444444, "fmeasure (percentage)": 51.729}, "scores_per_subset": {"PB": {"precision": 0.6524822695035462, "recall": 0.4, "f-measure": 0.49595687331536387}, "HV": {"precision": 0.5882352941176471, "recall": 0.5, "f-measure": 0.5405405405405406}}, "scores_per_audiofile": {"BUK5_20161101_002104a.wav": {"precision": 0.9206349206349206, "recall": 0.6590909090909091, "f-measure": 0.7682119205298014}, "BUK1_20181011_001004.wav": {"precision": 0.7037037037037037, "recall": 0.6129032258064516, "f-measure": 0.6551724137931034}, "BUK1_20181013_023504.wav": {"precision": 0.3333333333333333, "recall": 0.16666666666666666, "f-measure": 0.2222222222222222}, "BUK4_20161011_000804.wav": {"precision": 0.0625, "recall": 0.02127659574468085, "f-measure": 0.031746031746031744}, "BUK4_20171022_004304a.wav": {"precision": 0.45454545454545453, "recall": 0.5882352941176471, "f-measure": 0.5128205128205128}, "BUK5_20180921_015906a.wav": {"precision": 1e-05, "recall": 1e-05, "f-measure": 1e-05}, "n1.wav": {"precision": 0.25, "recall": 0.1111111111111111, "f-measure": 0.15384615384615385}, "a1.wav": {"precision": 0.6923076923076923, "recall": 0.8181818181818182, "f-measure": 0.75}}}