{"team_name": "PKU_ADSP", "set_name": "VAL", "report_date": "18072021_16_27_03", "overall_scores": {"precision": 0.43329407145661564, "recall": 0.5161833489242282, "fmeasure (percentage)": 47.112}, "scores_per_subset": {"PB": {"precision": 0.483695652173913, "recall": 0.3869565217391304, "f-measure": 0.42995169082125606}, "HV": {"precision": 0.3924050632911392, "recall": 0.775, "f-measure": 0.5210084033613446}}, "scores_per_audiofile": {"BUK5_20161101_002104a.wav": {"precision": 0.9818181818181818, "recall": 0.6136363636363636, "f-measure": 0.7552447552447552}, "BUK1_20181011_001004.wav": {"precision": 0.36507936507936506, "recall": 0.7419354838709677, "f-measure": 0.48936170212765956}, "BUK1_20181013_023504.wav": {"precision": 0.1111111111111111, "recall": 0.08333333333333333, "f-measure": 0.09523809523809523}, "BUK4_20161011_000804.wav": {"precision": 0.05, "recall": 0.02127659574468085, "f-measure": 0.029850746268656716}, "BUK4_20171022_004304a.wav": {"precision": 0.47058823529411764, "recall": 0.47058823529411764, "f-measure": 0.47058823529411764}, "BUK5_20180921_015906a.wav": {"precision": 0.09090909090909091, "recall": 0.043478260869565216, "f-measure": 0.058823529411764705}, "n1.wav": {"precision": 0.23404255319148937, "recall": 0.6111111111111112, "f-measure": 0.3384615384615385}, "a1.wav": {"precision": 0.625, "recall": 0.9090909090909091, "f-measure": 0.7407407407407407}}}