{"team_name": "PKU_ADSP", "set_name": "VAL", "report_date": "07062021_20_48_01", "overall_scores": {"precision": 0.6653534690304224, "recall": 0.4015852047556143, "fmeasure (percentage)": 50.086}, "scores_per_subset": {"PB": {"precision": 0.6106870229007634, "recall": 0.34782608695652173, "f-measure": 0.44321329639889195}, "HV": {"precision": 0.7307692307692307, "recall": 0.475, "f-measure": 0.5757575757575758}}, "scores_per_audiofile": {"BUK5_20161101_002104a.wav": {"precision": 0.8548387096774194, "recall": 0.6022727272727273, "f-measure": 0.7066666666666667}, "BUK1_20181011_001004.wav": {"precision": 0.7083333333333334, "recall": 0.5483870967741935, "f-measure": 0.6181818181818182}, "BUK1_20181013_023504.wav": {"precision": 0.2727272727272727, "recall": 0.125, "f-measure": 0.17142857142857143}, "BUK4_20161011_000804.wav": {"precision": 1e-05, "recall": 1e-05, "f-measure": 1e-05}, "BUK4_20171022_004304a.wav": {"precision": 0.35294117647058826, "recall": 0.35294117647058826, "f-measure": 0.35294117647058826}, "BUK5_20180921_015906a.wav": {"precision": 0.125, "recall": 0.043478260869565216, "f-measure": 0.06451612903225806}, "n1.wav": {"precision": 0.4, "recall": 0.1111111111111111, "f-measure": 0.17391304347826086}, "a1.wav": {"precision": 0.8095238095238095, "recall": 0.7727272727272727, "f-measure": 0.7906976744186046}}}