{"team_name": "PKU_ADSP", "set_name": "VAL", "report_date": "13042021_16_43_20", "overall_scores": {"precision": 0.005332300828039795, "recall": 0.4436756756756757, "fmeasure (percentage)": 1.054}, "scores_per_subset": {"PB": {"precision": 0.0027718005762427515, "recall": 0.33043478260869563, "f-measure": 0.0054974863467033164}, "HV": {"precision": 0.06994818652849741, "recall": 0.675, "f-measure": 0.1267605633802817}}, "scores_per_audiofile": {"BUK5_20161101_002104a.wav": {"precision": 0.016151202749140895, "recall": 0.5340909090909091, "f-measure": 0.03135423615743829}, "BUK1_20181011_001004.wav": {"precision": 0.0034083162917518746, "recall": 0.3225806451612903, "f-measure": 0.006745362563237774}, "BUK1_20181013_023504.wav": {"precision": 0.00016244314489928524, "recall": 0.041666666666666664, "f-measure": 0.00032362459546925567}, "BUK4_20161011_000804.wav": {"precision": 1e-05, "recall": 1e-05, "f-measure": 1e-05}, "BUK4_20171022_004304a.wav": {"precision": 0.006196377502383222, "recall": 0.7647058823529411, "f-measure": 0.012293144208037825}, "BUK5_20180921_015906a.wav": {"precision": 0.0007457121551081282, "recall": 0.21739130434782608, "f-measure": 0.0014863258026159335}, "n1.wav": {"precision": 0.044715447154471545, "recall": 0.6111111111111112, "f-measure": 0.08333333333333333}, "a1.wav": {"precision": 0.11428571428571428, "recall": 0.7272727272727273, "f-measure": 0.19753086419753085}}}