{"team_name": "PKU_ADSP", "set_name": "VAL", "report_date": "08062021_12_14_34", "overall_scores": {"precision": 0.4125644631973746, "recall": 0.4261501210653753, "fmeasure (percentage)": 41.925}, "scores_per_subset": {"PB": {"precision": 0.4819277108433735, "recall": 0.34782608695652173, "f-measure": 0.40404040404040403}, "HV": {"precision": 0.36065573770491804, "recall": 0.55, "f-measure": 0.43564356435643564}}, "scores_per_audiofile": {"BUK5_20161101_002104a.wav": {"precision": 0.5568181818181818, "recall": 0.5568181818181818, "f-measure": 0.5568181818181818}, "BUK1_20181011_001004.wav": {"precision": 0.7037037037037037, "recall": 0.6129032258064516, "f-measure": 0.6551724137931034}, "BUK1_20181013_023504.wav": {"precision": 0.18181818181818182, "recall": 0.08333333333333333, "f-measure": 0.11428571428571428}, "BUK4_20161011_000804.wav": {"precision": 0.13333333333333333, "recall": 0.0425531914893617, "f-measure": 0.06451612903225806}, "BUK4_20171022_004304a.wav": {"precision": 0.36363636363636365, "recall": 0.47058823529411764, "f-measure": 0.41025641025641024}, "BUK5_20180921_015906a.wav": {"precision": 1e-05, "recall": 1e-05, "f-measure": 1e-05}, "n1.wav": {"precision": 0.038461538461538464, "recall": 0.05555555555555555, "f-measure": 0.045454545454545456}, "a1.wav": {"precision": 0.6, "recall": 0.9545454545454546, "f-measure": 0.7368421052631579}}}