{"team_name": "PKU_ADSP", "set_name": "VAL", "report_date": "05052021_14_33_00", "overall_scores": {"precision": 0.6854815245853942, "recall": 0.3439416058394161, "fmeasure (percentage)": 45.805}, "scores_per_subset": {"PB": {"precision": 0.7469879518072289, "recall": 0.26956521739130435, "f-measure": 0.3961661341853035}, "HV": {"precision": 0.6333333333333333, "recall": 0.475, "f-measure": 0.5428571428571428}}, "scores_per_audiofile": {"BUK5_20161101_002104a.wav": {"precision": 0.9777777777777777, "recall": 0.5, "f-measure": 0.6616541353383458}, "BUK1_20181011_001004.wav": {"precision": 0.8888888888888888, "recall": 0.25806451612903225, "f-measure": 0.4}, "BUK1_20181013_023504.wav": {"precision": 0.25, "recall": 0.08333333333333333, "f-measure": 0.125}, "BUK4_20161011_000804.wav": {"precision": 1e-05, "recall": 1e-05, "f-measure": 1e-05}, "BUK4_20171022_004304a.wav": {"precision": 0.6153846153846154, "recall": 0.47058823529411764, "f-measure": 0.5333333333333333}, "BUK5_20180921_015906a.wav": {"precision": 1e-05, "recall": 1e-05, "f-measure": 1e-05}, "n1.wav": {"precision": 1e-05, "recall": 1e-05, "f-measure": 1e-05}, "a1.wav": {"precision": 0.6551724137931034, "recall": 0.8636363636363636, "f-measure": 0.7450980392156863}}}