{"team_name": "PKU_ADSP", "set_name": "VAL", "report_date": "12062021_11_24_18", "overall_scores": {"precision": 0.7184388689765034, "recall": 0.4326139088729017, "fmeasure (percentage)": 54.004}, "scores_per_subset": {"PB": {"precision": 0.7522935779816514, "recall": 0.3565217391304348, "f-measure": 0.4837758112094395}, "HV": {"precision": 0.6875, "recall": 0.55, "f-measure": 0.6111111111111112}}, "scores_per_audiofile": {"BUK5_20161101_002104a.wav": {"precision": 0.9622641509433962, "recall": 0.5795454545454546, "f-measure": 0.723404255319149}, "BUK1_20181011_001004.wav": {"precision": 0.8181818181818182, "recall": 0.5806451612903226, "f-measure": 0.6792452830188679}, "BUK1_20181013_023504.wav": {"precision": 0.375, "recall": 0.125, "f-measure": 0.1875}, "BUK4_20161011_000804.wav": {"precision": 0.2857142857142857, "recall": 0.0425531914893617, "f-measure": 0.07407407407407407}, "BUK4_20171022_004304a.wav": {"precision": 0.47058823529411764, "recall": 0.47058823529411764, "f-measure": 0.47058823529411764}, "BUK5_20180921_015906a.wav": {"precision": 1e-05, "recall": 1e-05, "f-measure": 1e-05}, "n1.wav": {"precision": 0.3333333333333333, "recall": 0.16666666666666666, "f-measure": 0.2222222222222222}, "a1.wav": {"precision": 0.8260869565217391, "recall": 0.8636363636363636, "f-measure": 0.8444444444444444}}}