{"team_name": "PKU_ADSP", "set_name": "VAL", "report_date": "23042021_09_58_33", "overall_scores": {"precision": 0.4727272727272727, "recall": 0.4164627363737486, "fmeasure (percentage)": 44.281}, "scores_per_subset": {"PB": {"precision": 0.6666666666666666, "recall": 0.30638297872340425, "f-measure": 0.4198250728862974}, "HV": {"precision": 0.36619718309859156, "recall": 0.65, "f-measure": 0.46846846846846846}}, "scores_per_audiofile": {"BUK5_20161101_002104a.wav": {"precision": 0.9803921568627451, "recall": 0.5681818181818182, "f-measure": 0.7194244604316546}, "BUK1_20181011_001004.wav": {"precision": 0.5833333333333334, "recall": 0.22580645161290322, "f-measure": 0.32558139534883723}, "BUK1_20181013_023504.wav": {"precision": 0.14285714285714285, "recall": 0.08333333333333333, "f-measure": 0.10526315789473684}, "BUK4_20161011_000804.wav": {"precision": 0.3333333333333333, "recall": 0.06382978723404255, "f-measure": 0.10714285714285714}, "BUK4_20171022_004304a.wav": {"precision": 0.45454545454545453, "recall": 0.5882352941176471, "f-measure": 0.5128205128205128}, "BUK5_20180921_015906a.wav": {"precision": 1e-05, "recall": 1e-05, "f-measure": 1e-05}, "n1.wav": {"precision": 0.16279069767441862, "recall": 0.3888888888888889, "f-measure": 0.22950819672131148}, "a1.wav": {"precision": 0.6785714285714286, "recall": 0.8636363636363636, "f-measure": 0.76}}}