{"team_name": "PKU_ADSP", "set_name": "VAL", "report_date": "12062021_22_20_58", "overall_scores": {"precision": 0.6087627871067361, "recall": 0.41014304291287385, "fmeasure (percentage)": 49.009}, "scores_per_subset": {"PB": {"precision": 0.5684931506849316, "recall": 0.36086956521739133, "f-measure": 0.44148936170212766}, "HV": {"precision": 0.6551724137931034, "recall": 0.475, "f-measure": 0.5507246376811594}}, "scores_per_audiofile": {"BUK5_20161101_002104a.wav": {"precision": 0.7246376811594203, "recall": 0.5681818181818182, "f-measure": 0.6369426751592356}, "BUK1_20181011_001004.wav": {"precision": 0.7407407407407407, "recall": 0.6451612903225806, "f-measure": 0.6896551724137931}, "BUK1_20181013_023504.wav": {"precision": 0.36363636363636365, "recall": 0.16666666666666666, "f-measure": 0.22857142857142856}, "BUK4_20161011_000804.wav": {"precision": 0.0625, "recall": 0.02127659574468085, "f-measure": 0.031746031746031744}, "BUK4_20171022_004304a.wav": {"precision": 0.36363636363636365, "recall": 0.47058823529411764, "f-measure": 0.41025641025641024}, "BUK5_20180921_015906a.wav": {"precision": 1e-05, "recall": 1e-05, "f-measure": 1e-05}, "n1.wav": {"precision": 0.4, "recall": 0.1111111111111111, "f-measure": 0.17391304347826086}, "a1.wav": {"precision": 0.7083333333333334, "recall": 0.7727272727272727, "f-measure": 0.7391304347826086}}}