{"team_name": "PKU_ADSP", "set_name": "VAL", "report_date": "04062021_10_15_54", "overall_scores": {"precision": 0.46869806094182825, "recall": 0.5091273821464394, "fmeasure (percentage)": 48.808}, "scores_per_subset": {"PB": {"precision": 0.6714285714285714, "recall": 0.40869565217391307, "f-measure": 0.5081081081081081}, "HV": {"precision": 0.36, "recall": 0.675, "f-measure": 0.46956521739130436}}, "scores_per_audiofile": {"BUK5_20161101_002104a.wav": {"precision": 0.9384615384615385, "recall": 0.6931818181818182, "f-measure": 0.7973856209150327}, "BUK1_20181011_001004.wav": {"precision": 0.7307692307692307, "recall": 0.6129032258064516, "f-measure": 0.6666666666666666}, "BUK1_20181013_023504.wav": {"precision": 0.3333333333333333, "recall": 0.16666666666666666, "f-measure": 0.2222222222222222}, "BUK4_20161011_000804.wav": {"precision": 1e-05, "recall": 1e-05, "f-measure": 1e-05}, "BUK4_20171022_004304a.wav": {"precision": 0.45, "recall": 0.5294117647058824, "f-measure": 0.4864864864864865}, "BUK5_20180921_015906a.wav": {"precision": 0.1, "recall": 0.043478260869565216, "f-measure": 0.06060606060606061}, "n1.wav": {"precision": 0.1590909090909091, "recall": 0.3888888888888889, "f-measure": 0.22580645161290322}, "a1.wav": {"precision": 0.6451612903225806, "recall": 0.9090909090909091, "f-measure": 0.7547169811320755}}}