{"team_name": "PKU_ADSP", "set_name": "VAL", "report_date": "18042021_10_46_27", "overall_scores": {"precision": 0.5185825410544512, "recall": 0.4225352112676056, "fmeasure (percentage)": 46.566}, "scores_per_subset": {"PB": {"precision": 0.6944444444444444, "recall": 0.32608695652173914, "f-measure": 0.4437869822485207}, "HV": {"precision": 0.41379310344827586, "recall": 0.6, "f-measure": 0.4897959183673469}}, "scores_per_audiofile": {"BUK5_20161101_002104a.wav": {"precision": 0.9791666666666666, "recall": 0.5340909090909091, "f-measure": 0.6911764705882353}, "BUK1_20181011_001004.wav": {"precision": 0.9230769230769231, "recall": 0.3870967741935484, "f-measure": 0.5454545454545454}, "BUK1_20181013_023504.wav": {"precision": 0.26666666666666666, "recall": 0.16666666666666666, "f-measure": 0.20512820512820512}, "BUK4_20161011_000804.wav": {"precision": 0.125, "recall": 0.02127659574468085, "f-measure": 0.03636363636363636}, "BUK4_20171022_004304a.wav": {"precision": 0.5333333333333333, "recall": 0.47058823529411764, "f-measure": 0.5}, "BUK5_20180921_015906a.wav": {"precision": 0.3333333333333333, "recall": 0.13043478260869565, "f-measure": 0.1875}, "n1.wav": {"precision": 0.16, "recall": 0.2222222222222222, "f-measure": 0.18604651162790697}, "a1.wav": {"precision": 0.6060606060606061, "recall": 0.9090909090909091, "f-measure": 0.7272727272727273}}}