{"team_name": "PKU_ADSP", "set_name": "VAL", "report_date": "14042021_23_32_48", "overall_scores": {"precision": 0.08422447241411943, "recall": 0.5105162523900574, "fmeasure (percentage)": 14.459}, "scores_per_subset": {"PB": {"precision": 0.07069102462271644, "recall": 0.3869565217391304, "f-measure": 0.11954331766286098}, "HV": {"precision": 0.10416666666666667, "recall": 0.75, "f-measure": 0.18292682926829268}}, "scores_per_audiofile": {"BUK5_20161101_002104a.wav": {"precision": 0.352112676056338, "recall": 0.5681818181818182, "f-measure": 0.43478260869565216}, "BUK1_20181011_001004.wav": {"precision": 0.046753246753246755, "recall": 0.5806451612903226, "f-measure": 0.08653846153846154}, "BUK1_20181013_023504.wav": {"precision": 0.010135135135135136, "recall": 0.125, "f-measure": 0.01875}, "BUK4_20161011_000804.wav": {"precision": 0.016556291390728478, "recall": 0.10638297872340426, "f-measure": 0.02865329512893983}, "BUK4_20171022_004304a.wav": {"precision": 0.2558139534883721, "recall": 0.6470588235294118, "f-measure": 0.36666666666666664}, "BUK5_20180921_015906a.wav": {"precision": 0.02197802197802198, "recall": 0.08695652173913043, "f-measure": 0.03508771929824561}, "n1.wav": {"precision": 0.04149377593360996, "recall": 0.5555555555555556, "f-measure": 0.07722007722007722}, "a1.wav": {"precision": 0.425531914893617, "recall": 0.9090909090909091, "f-measure": 0.5797101449275363}}}