{"team_name": "PKU_ADSP", "set_name": "VAL", "report_date": "11042021_17_01_45", "overall_scores": {"precision": 0.03589232303090728, "recall": 0.1045372050816697, "fmeasure (percentage)": 5.344}, "scores_per_subset": {"PB": {"precision": 0.024691358024691357, "recall": 0.06808510638297872, "f-measure": 0.0362400906002265}, "HV": {"precision": 0.06569343065693431, "recall": 0.225, "f-measure": 0.1016949152542373}}, "scores_per_audiofile": {"BUK5_20161101_002104a.wav": {"precision": 1e-05, "recall": 1e-05, "f-measure": 1e-05}, "BUK1_20181011_001004.wav": {"precision": 0.019963702359346643, "recall": 0.3548387096774194, "f-measure": 0.037800687285223365}, "BUK1_20181013_023504.wav": {"precision": 0.07692307692307693, "recall": 0.125, "f-measure": 0.09523809523809523}, "BUK4_20161011_000804.wav": {"precision": 1e-05, "recall": 1e-05, "f-measure": 1e-05}, "BUK4_20171022_004304a.wav": {"precision": 0.08333333333333333, "recall": 0.11764705882352941, "f-measure": 0.0975609756097561}, "BUK5_20180921_015906a.wav": {"precision": 1e-05, "recall": 1e-05, "f-measure": 1e-05}, "n1.wav": {"precision": 1e-05, "recall": 1e-05, "f-measure": 1e-05}, "a1.wav": {"precision": 0.0743801652892562, "recall": 0.4090909090909091, "f-measure": 0.1258741258741259}}}