{"team_name": "PKU_ADSP", "set_name": "VAL", "report_date": "08062021_09_27_50", "overall_scores": {"precision": 0.23708206686930092, "recall": 0.44571428571428573, "fmeasure (percentage)": 30.952}, "scores_per_subset": {"PB": {"precision": 0.7155963302752294, "recall": 0.3391304347826087, "f-measure": 0.46017699115044247}, "HV": {"precision": 0.14207650273224043, "recall": 0.65, "f-measure": 0.23318385650224216}}, "scores_per_audiofile": {"BUK5_20161101_002104a.wav": {"precision": 0.9, "recall": 0.6136363636363636, "f-measure": 0.7297297297297297}, "BUK1_20181011_001004.wav": {"precision": 0.8125, "recall": 0.41935483870967744, "f-measure": 0.5531914893617021}, "BUK1_20181013_023504.wav": {"precision": 0.42857142857142855, "recall": 0.125, "f-measure": 0.1935483870967742}, "BUK4_20161011_000804.wav": {"precision": 0.2, "recall": 0.0425531914893617, "f-measure": 0.07017543859649122}, "BUK4_20171022_004304a.wav": {"precision": 0.4, "recall": 0.35294117647058826, "f-measure": 0.375}, "BUK5_20180921_015906a.wav": {"precision": 1e-05, "recall": 1e-05, "f-measure": 1e-05}, "n1.wav": {"precision": 0.04430379746835443, "recall": 0.3888888888888889, "f-measure": 0.07954545454545454}, "a1.wav": {"precision": 0.76, "recall": 0.8636363636363636, "f-measure": 0.8085106382978723}}}