{"team_name": "PKU_ADSP", "set_name": "VAL", "report_date": "03052021_15_59_49", "overall_scores": {"precision": 0.272975432211101, "recall": 0.4545454545454546, "fmeasure (percentage)": 34.11}, "scores_per_subset": {"PB": {"precision": 0.6147540983606558, "recall": 0.32608695652173914, "f-measure": 0.42613636363636365}, "HV": {"precision": 0.17543859649122806, "recall": 0.75, "f-measure": 0.2843601895734597}}, "scores_per_audiofile": {"BUK5_20161101_002104a.wav": {"precision": 0.896551724137931, "recall": 0.5909090909090909, "f-measure": 0.7123287671232876}, "BUK1_20181011_001004.wav": {"precision": 0.7222222222222222, "recall": 0.41935483870967744, "f-measure": 0.5306122448979592}, "BUK1_20181013_023504.wav": {"precision": 0.2, "recall": 0.08333333333333333, "f-measure": 0.11764705882352941}, "BUK4_20161011_000804.wav": {"precision": 0.08333333333333333, "recall": 0.02127659574468085, "f-measure": 0.03389830508474576}, "BUK4_20171022_004304a.wav": {"precision": 0.35294117647058826, "recall": 0.35294117647058826, "f-measure": 0.35294117647058826}, "BUK5_20180921_015906a.wav": {"precision": 0.14285714285714285, "recall": 0.043478260869565216, "f-measure": 0.06666666666666667}, "n1.wav": {"precision": 0.09016393442622951, "recall": 0.6111111111111112, "f-measure": 0.15714285714285714}, "a1.wav": {"precision": 0.3877551020408163, "recall": 0.8636363636363636, "f-measure": 0.5352112676056338}}}