{"team_name": "PKU_ADSP", "set_name": "VAL", "report_date": "21042021_19_43_51", "overall_scores": {"precision": 0.5900473933649288, "recall": 0.4277300613496933, "fmeasure (percentage)": 49.595}, "scores_per_subset": {"PB": {"precision": 0.5804195804195804, "recall": 0.36086956521739133, "f-measure": 0.4450402144772118}, "HV": {"precision": 0.6, "recall": 0.525, "f-measure": 0.56}}, "scores_per_audiofile": {"BUK5_20161101_002104a.wav": {"precision": 0.96, "recall": 0.5454545454545454, "f-measure": 0.6956521739130435}, "BUK1_20181011_001004.wav": {"precision": 0.6666666666666666, "recall": 0.5806451612903226, "f-measure": 0.6206896551724138}, "BUK1_20181013_023504.wav": {"precision": 0.15, "recall": 0.125, "f-measure": 0.13636363636363635}, "BUK4_20161011_000804.wav": {"precision": 0.08695652173913043, "recall": 0.0425531914893617, "f-measure": 0.05714285714285714}, "BUK4_20171022_004304a.wav": {"precision": 0.6111111111111112, "recall": 0.6470588235294118, "f-measure": 0.6285714285714286}, "BUK5_20180921_015906a.wav": {"precision": 0.2, "recall": 0.043478260869565216, "f-measure": 0.07142857142857142}, "n1.wav": {"precision": 0.16666666666666666, "recall": 0.05555555555555555, "f-measure": 0.08333333333333333}, "a1.wav": {"precision": 0.6896551724137931, "recall": 0.9090909090909091, "f-measure": 0.7843137254901961}}}