{"team_name": "PKU_ADSP", "set_name": "VAL", "report_date": "08062021_11_57_24", "overall_scores": {"precision": 0.49897119341563784, "recall": 0.5398886827458256, "fmeasure (percentage)": 51.862}, "scores_per_subset": {"PB": {"precision": 0.6217948717948718, "recall": 0.4217391304347826, "f-measure": 0.5025906735751295}, "HV": {"precision": 0.4166666666666667, "recall": 0.75, "f-measure": 0.5357142857142857}}, "scores_per_audiofile": {"BUK5_20161101_002104a.wav": {"precision": 0.9393939393939394, "recall": 0.7045454545454546, "f-measure": 0.8051948051948052}, "BUK1_20181011_001004.wav": {"precision": 0.6, "recall": 0.6774193548387096, "f-measure": 0.6363636363636364}, "BUK1_20181013_023504.wav": {"precision": 0.16666666666666666, "recall": 0.08333333333333333, "f-measure": 0.1111111111111111}, "BUK4_20161011_000804.wav": {"precision": 0.08333333333333333, "recall": 0.02127659574468085, "f-measure": 0.03389830508474576}, "BUK4_20171022_004304a.wav": {"precision": 0.5, "recall": 0.5882352941176471, "f-measure": 0.5405405405405406}, "BUK5_20180921_015906a.wav": {"precision": 0.09090909090909091, "recall": 0.043478260869565216, "f-measure": 0.058823529411764705}, "n1.wav": {"precision": 0.24390243902439024, "recall": 0.5555555555555556, "f-measure": 0.3389830508474576}, "a1.wav": {"precision": 0.6451612903225806, "recall": 0.9090909090909091, "f-measure": 0.7547169811320755}}}