{"team_name": "PKU_ADSP", "set_name": "VAL", "report_date": "23042021_10_17_34", "overall_scores": {"precision": 0.5440956651718983, "recall": 0.45030927835051543, "fmeasure (percentage)": 49.278}, "scores_per_subset": {"PB": {"precision": 0.6842105263157895, "recall": 0.33191489361702126, "f-measure": 0.4469914040114613}, "HV": {"precision": 0.45161290322580644, "recall": 0.7, "f-measure": 0.5490196078431373}}, "scores_per_audiofile": {"BUK5_20161101_002104a.wav": {"precision": 0.9433962264150944, "recall": 0.5681818181818182, "f-measure": 0.7092198581560284}, "BUK1_20181011_001004.wav": {"precision": 0.7142857142857143, "recall": 0.4838709677419355, "f-measure": 0.5769230769230769}, "BUK1_20181013_023504.wav": {"precision": 0.08333333333333333, "recall": 0.041666666666666664, "f-measure": 0.05555555555555555}, "BUK4_20161011_000804.wav": {"precision": 0.2222222222222222, "recall": 0.0425531914893617, "f-measure": 0.07142857142857142}, "BUK4_20171022_004304a.wav": {"precision": 0.5263157894736842, "recall": 0.5882352941176471, "f-measure": 0.5555555555555556}, "BUK5_20180921_015906a.wav": {"precision": 1e-05, "recall": 1e-05, "f-measure": 1e-05}, "n1.wav": {"precision": 0.25, "recall": 0.5, "f-measure": 0.3333333333333333}, "a1.wav": {"precision": 0.7307692307692307, "recall": 0.8636363636363636, "f-measure": 0.7916666666666666}}}