{"team_name": "PKU_ADSP", "set_name": "VAL", "report_date": "23042021_23_55_12", "overall_scores": {"precision": 0.6554333856918463, "recall": 0.477627471383975, "fmeasure (percentage)": 55.258}, "scores_per_subset": {"PB": {"precision": 0.6854838709677419, "recall": 0.3695652173913043, "f-measure": 0.480225988700565}, "HV": {"precision": 0.627906976744186, "recall": 0.675, "f-measure": 0.6506024096385542}}, "scores_per_audiofile": {"BUK5_20161101_002104a.wav": {"precision": 0.9473684210526315, "recall": 0.6136363636363636, "f-measure": 0.7448275862068966}, "BUK1_20181011_001004.wav": {"precision": 0.68, "recall": 0.5483870967741935, "f-measure": 0.6071428571428571}, "BUK1_20181013_023504.wav": {"precision": 0.25, "recall": 0.125, "f-measure": 0.16666666666666666}, "BUK4_20161011_000804.wav": {"precision": 0.25, "recall": 0.0425531914893617, "f-measure": 0.07272727272727272}, "BUK4_20171022_004304a.wav": {"precision": 0.5, "recall": 0.47058823529411764, "f-measure": 0.48484848484848486}, "BUK5_20180921_015906a.wav": {"precision": 0.16666666666666666, "recall": 0.043478260869565216, "f-measure": 0.06896551724137931}, "n1.wav": {"precision": 0.5, "recall": 0.4444444444444444, "f-measure": 0.47058823529411764}, "a1.wav": {"precision": 0.7037037037037037, "recall": 0.8636363636363636, "f-measure": 0.7755102040816326}}}