{"team_name": "PKU_ADSP", "set_name": "VAL", "report_date": "25042021_17_18_59", "overall_scores": {"precision": 0.48962462112380506, "recall": 0.46103183315038415, "fmeasure (percentage)": 47.49}, "scores_per_subset": {"PB": {"precision": 0.711864406779661, "recall": 0.3652173913043478, "f-measure": 0.4827586206896552}, "HV": {"precision": 0.373134328358209, "recall": 0.625, "f-measure": 0.4672897196261682}}, "scores_per_audiofile": {"BUK5_20161101_002104a.wav": {"precision": 0.9649122807017544, "recall": 0.625, "f-measure": 0.7586206896551724}, "BUK1_20181011_001004.wav": {"precision": 0.6521739130434783, "recall": 0.4838709677419355, "f-measure": 0.5555555555555556}, "BUK1_20181013_023504.wav": {"precision": 0.45454545454545453, "recall": 0.20833333333333334, "f-measure": 0.2857142857142857}, "BUK4_20161011_000804.wav": {"precision": 0.3, "recall": 0.06382978723404255, "f-measure": 0.10526315789473684}, "BUK4_20171022_004304a.wav": {"precision": 0.4, "recall": 0.35294117647058826, "f-measure": 0.375}, "BUK5_20180921_015906a.wav": {"precision": 1e-05, "recall": 1e-05, "f-measure": 1e-05}, "n1.wav": {"precision": 0.14634146341463414, "recall": 0.3333333333333333, "f-measure": 0.2033898305084746}, "a1.wav": {"precision": 0.7307692307692307, "recall": 0.8636363636363636, "f-measure": 0.7916666666666666}}}