{"team_name": "PKU_ADSP", "set_name": "VAL", "report_date": "12062021_00_25_47", "overall_scores": {"precision": 0.5533530156052299, "recall": 0.37701149425287356, "fmeasure (percentage)": 44.847}, "scores_per_subset": {"PB": {"precision": 0.7008547008547008, "recall": 0.3565217391304348, "f-measure": 0.47262247838616717}, "HV": {"precision": 0.45714285714285713, "recall": 0.4, "f-measure": 0.4266666666666667}}, "scores_per_audiofile": {"BUK5_20161101_002104a.wav": {"precision": 0.8983050847457628, "recall": 0.6022727272727273, "f-measure": 0.7210884353741497}, "BUK1_20181011_001004.wav": {"precision": 0.75, "recall": 0.5806451612903226, "f-measure": 0.6545454545454545}, "BUK1_20181013_023504.wav": {"precision": 0.25, "recall": 0.08333333333333333, "f-measure": 0.125}, "BUK4_20161011_000804.wav": {"precision": 0.14285714285714285, "recall": 0.02127659574468085, "f-measure": 0.037037037037037035}, "BUK4_20171022_004304a.wav": {"precision": 0.47058823529411764, "recall": 0.47058823529411764, "f-measure": 0.47058823529411764}, "BUK5_20180921_015906a.wav": {"precision": 1e-05, "recall": 1e-05, "f-measure": 1e-05}, "n1.wav": {"precision": 0.10526315789473684, "recall": 0.1111111111111111, "f-measure": 0.10810810810810811}, "a1.wav": {"precision": 0.875, "recall": 0.6363636363636364, "f-measure": 0.7368421052631579}}}