{"team_name": "PKU_ADSP", "set_name": "VAL", "report_date": "21042021_16_01_23", "overall_scores": {"precision": 0.5304659498207885, "recall": 0.4188679245283019, "fmeasure (percentage)": 46.811}, "scores_per_subset": {"PB": {"precision": 0.5648854961832062, "recall": 0.3217391304347826, "f-measure": 0.4099722991689751}, "HV": {"precision": 0.5, "recall": 0.6, "f-measure": 0.5454545454545454}}, "scores_per_audiofile": {"BUK5_20161101_002104a.wav": {"precision": 0.9333333333333333, "recall": 0.6363636363636364, "f-measure": 0.7567567567567568}, "BUK1_20181011_001004.wav": {"precision": 0.5, "recall": 0.25806451612903225, "f-measure": 0.3404255319148936}, "BUK1_20181013_023504.wav": {"precision": 0.09090909090909091, "recall": 0.041666666666666664, "f-measure": 0.05714285714285714}, "BUK4_20161011_000804.wav": {"precision": 1e-05, "recall": 1e-05, "f-measure": 1e-05}, "BUK4_20171022_004304a.wav": {"precision": 0.5, "recall": 0.5294117647058824, "f-measure": 0.5142857142857142}, "BUK5_20180921_015906a.wav": {"precision": 1e-05, "recall": 1e-05, "f-measure": 1e-05}, "n1.wav": {"precision": 0.3076923076923077, "recall": 0.2222222222222222, "f-measure": 0.25806451612903225}, "a1.wav": {"precision": 0.5714285714285714, "recall": 0.9090909090909091, "f-measure": 0.7017543859649122}}}