{"team_name": "PKU_ADSP", "set_name": "VAL", "report_date": "21042021_21_27_37", "overall_scores": {"precision": 0.3206997084548105, "recall": 0.4261501210653753, "fmeasure (percentage)": 36.598}, "scores_per_subset": {"PB": {"precision": 0.625, "recall": 0.34782608695652173, "f-measure": 0.44692737430167595}, "HV": {"precision": 0.21568627450980393, "recall": 0.55, "f-measure": 0.30985915492957744}}, "scores_per_audiofile": {"BUK5_20161101_002104a.wav": {"precision": 0.94, "recall": 0.5340909090909091, "f-measure": 0.6811594202898551}, "BUK1_20181011_001004.wav": {"precision": 0.6153846153846154, "recall": 0.5161290322580645, "f-measure": 0.5614035087719298}, "BUK1_20181013_023504.wav": {"precision": 0.2, "recall": 0.125, "f-measure": 0.15384615384615385}, "BUK4_20161011_000804.wav": {"precision": 0.3333333333333333, "recall": 0.0851063829787234, "f-measure": 0.13559322033898305}, "BUK4_20171022_004304a.wav": {"precision": 0.4166666666666667, "recall": 0.5882352941176471, "f-measure": 0.4878048780487805}, "BUK5_20180921_015906a.wav": {"precision": 1e-05, "recall": 1e-05, "f-measure": 1e-05}, "n1.wav": {"precision": 0.027777777777777776, "recall": 0.1111111111111111, "f-measure": 0.044444444444444446}, "a1.wav": {"precision": 0.6666666666666666, "recall": 0.9090909090909091, "f-measure": 0.7692307692307693}}}