{"team_name": "PKU_ADSP", "set_name": "VAL", "report_date": "11042021_17_07_29", "overall_scores": {"precision": 0.05647840531561461, "recall": 0.16585365853658537, "fmeasure (percentage)": 8.426}, "scores_per_subset": {"PB": {"precision": 0.12639405204460966, "recall": 0.14166666666666666, "f-measure": 0.13359528487229863}, "HV": {"precision": 0.03636363636363636, "recall": 0.2, "f-measure": 0.06153846153846154}}, "scores_per_audiofile": {"BUK5_20161101_002104a.wav": {"precision": 0.15976331360946747, "recall": 0.3068181818181818, "f-measure": 0.21011673151750973}, "BUK1_20181011_001004.wav": {"precision": 1e-05, "recall": 1e-05, "f-measure": 1e-05}, "BUK1_20181013_023504.wav": {"precision": 0.07894736842105263, "recall": 0.125, "f-measure": 0.0967741935483871}, "BUK4_20161011_000804.wav": {"precision": 1e-05, "recall": 1e-05, "f-measure": 1e-05}, "BUK4_20171022_004304a.wav": {"precision": 0.14814814814814814, "recall": 0.23529411764705882, "f-measure": 0.18181818181818182}, "BUK5_20180921_015906a.wav": {"precision": 1e-05, "recall": 1e-05, "f-measure": 1e-05}, "n1.wav": {"precision": 1e-05, "recall": 1e-05, "f-measure": 1e-05}, "a1.wav": {"precision": 0.08080808080808081, "recall": 0.36363636363636365, "f-measure": 0.1322314049586777}}}