{"team_name": "PKU_ADSP", "set_name": "VAL", "report_date": "14042021_23_38_00", "overall_scores": {"precision": 0.15511421618651383, "recall": 0.43813747228381367, "fmeasure (percentage)": 22.911}, "scores_per_subset": {"PB": {"precision": 0.18673218673218672, "recall": 0.33043478260869563, "f-measure": 0.23861852433281006}, "HV": {"precision": 0.1326530612244898, "recall": 0.65, "f-measure": 0.22033898305084745}}, "scores_per_audiofile": {"BUK5_20161101_002104a.wav": {"precision": 0.43434343434343436, "recall": 0.48863636363636365, "f-measure": 0.45989304812834225}, "BUK1_20181011_001004.wav": {"precision": 0.2222222222222222, "recall": 0.45161290322580644, "f-measure": 0.2978723404255319}, "BUK1_20181013_023504.wav": {"precision": 0.0759493670886076, "recall": 0.25, "f-measure": 0.11650485436893204}, "BUK4_20161011_000804.wav": {"precision": 0.035398230088495575, "recall": 0.0851063829787234, "f-measure": 0.05}, "BUK4_20171022_004304a.wav": {"precision": 0.2647058823529412, "recall": 0.5294117647058824, "f-measure": 0.35294117647058826}, "BUK5_20180921_015906a.wav": {"precision": 1e-05, "recall": 1e-05, "f-measure": 1e-05}, "n1.wav": {"precision": 0.056962025316455694, "recall": 0.5, "f-measure": 0.10227272727272728}, "a1.wav": {"precision": 0.4473684210526316, "recall": 0.7727272727272727, "f-measure": 0.5666666666666667}}}