{"team_name": "PKU_ADSP", "set_name": "VAL", "report_date": "16042021_20_41_34", "overall_scores": {"precision": 0.48550724637681153, "recall": 0.3747003994673768, "fmeasure (percentage)": 42.297}, "scores_per_subset": {"PB": {"precision": 0.47183098591549294, "recall": 0.29130434782608694, "f-measure": 0.3602150537634409}, "HV": {"precision": 0.5, "recall": 0.525, "f-measure": 0.5121951219512195}}, "scores_per_audiofile": {"BUK5_20161101_002104a.wav": {"precision": 0.9772727272727273, "recall": 0.48863636363636365, "f-measure": 0.6515151515151515}, "BUK1_20181011_001004.wav": {"precision": 0.6428571428571429, "recall": 0.2903225806451613, "f-measure": 0.4}, "BUK1_20181013_023504.wav": {"precision": 0.058823529411764705, "recall": 0.041666666666666664, "f-measure": 0.04878048780487805}, "BUK4_20161011_000804.wav": {"precision": 0.08695652173913043, "recall": 0.0425531914893617, "f-measure": 0.05714285714285714}, "BUK4_20171022_004304a.wav": {"precision": 0.42857142857142855, "recall": 0.5294117647058824, "f-measure": 0.47368421052631576}, "BUK5_20180921_015906a.wav": {"precision": 0.13043478260869565, "recall": 0.13043478260869565, "f-measure": 0.13043478260869565}, "n1.wav": {"precision": 0.1111111111111111, "recall": 0.05555555555555555, "f-measure": 0.07407407407407407}, "a1.wav": {"precision": 0.6060606060606061, "recall": 0.9090909090909091, "f-measure": 0.7272727272727273}}}