{"team_name": "PKU_ADSP", "set_name": "VAL", "report_date": "03062021_10_44_50", "overall_scores": {"precision": 0.6118539213729794, "recall": 0.3956129032258065, "fmeasure (percentage)": 48.053}, "scores_per_subset": {"PB": {"precision": 0.6636363636363637, "recall": 0.3173913043478261, "f-measure": 0.4294117647058823}, "HV": {"precision": 0.5675675675675675, "recall": 0.525, "f-measure": 0.5454545454545454}}, "scores_per_audiofile": {"BUK5_20161101_002104a.wav": {"precision": 0.9607843137254902, "recall": 0.5568181818181818, "f-measure": 0.7050359712230215}, "BUK1_20181011_001004.wav": {"precision": 0.8235294117647058, "recall": 0.45161290322580644, "f-measure": 0.5833333333333334}, "BUK1_20181013_023504.wav": {"precision": 0.3076923076923077, "recall": 0.16666666666666666, "f-measure": 0.21621621621621623}, "BUK4_20161011_000804.wav": {"precision": 1e-05, "recall": 1e-05, "f-measure": 1e-05}, "BUK4_20171022_004304a.wav": {"precision": 0.4, "recall": 0.35294117647058826, "f-measure": 0.375}, "BUK5_20180921_015906a.wav": {"precision": 1e-05, "recall": 1e-05, "f-measure": 1e-05}, "n1.wav": {"precision": 0.14285714285714285, "recall": 0.05555555555555555, "f-measure": 0.08}, "a1.wav": {"precision": 0.6666666666666666, "recall": 0.9090909090909091, "f-measure": 0.7692307692307693}}}