{"team_name": "PKU_ADSP", "set_name": "VAL", "report_date": "26042021_20_40_21", "overall_scores": {"precision": 0.5326116373477672, "recall": 0.44727272727272727, "fmeasure (percentage)": 48.623}, "scores_per_subset": {"PB": {"precision": 0.6833333333333333, "recall": 0.3565217391304348, "f-measure": 0.4685714285714286}, "HV": {"precision": 0.43636363636363634, "recall": 0.6, "f-measure": 0.5052631578947369}}, "scores_per_audiofile": {"BUK5_20161101_002104a.wav": {"precision": 0.9032258064516129, "recall": 0.6363636363636364, "f-measure": 0.7466666666666667}, "BUK1_20181011_001004.wav": {"precision": 0.7619047619047619, "recall": 0.5161290322580645, "f-measure": 0.6153846153846154}, "BUK1_20181013_023504.wav": {"precision": 0.3, "recall": 0.125, "f-measure": 0.17647058823529413}, "BUK4_20161011_000804.wav": {"precision": 0.3333333333333333, "recall": 0.0425531914893617, "f-measure": 0.07547169811320754}, "BUK4_20171022_004304a.wav": {"precision": 0.38461538461538464, "recall": 0.29411764705882354, "f-measure": 0.3333333333333333}, "BUK5_20180921_015906a.wav": {"precision": 1e-05, "recall": 1e-05, "f-measure": 1e-05}, "n1.wav": {"precision": 0.16666666666666666, "recall": 0.2777777777777778, "f-measure": 0.20833333333333334}, "a1.wav": {"precision": 0.76, "recall": 0.8636363636363636, "f-measure": 0.8085106382978723}}}