{"team_name": "PKU_ADSP", "set_name": "VAL", "report_date": "10062021_10_12_10", "overall_scores": {"precision": 0.584070796460177, "recall": 0.37714285714285717, "fmeasure (percentage)": 45.833}, "scores_per_subset": {"PB": {"precision": 0.6804123711340206, "recall": 0.28695652173913044, "f-measure": 0.4036697247706422}, "HV": {"precision": 0.5116279069767442, "recall": 0.55, "f-measure": 0.5301204819277109}}, "scores_per_audiofile": {"BUK5_20161101_002104a.wav": {"precision": 0.9767441860465116, "recall": 0.4772727272727273, "f-measure": 0.6412213740458015}, "BUK1_20181011_001004.wav": {"precision": 0.7058823529411765, "recall": 0.3870967741935484, "f-measure": 0.5}, "BUK1_20181013_023504.wav": {"precision": 0.46153846153846156, "recall": 0.25, "f-measure": 0.32432432432432434}, "BUK4_20161011_000804.wav": {"precision": 1e-05, "recall": 1e-05, "f-measure": 1e-05}, "BUK4_20171022_004304a.wav": {"precision": 0.42857142857142855, "recall": 0.35294117647058826, "f-measure": 0.3870967741935484}, "BUK5_20180921_015906a.wav": {"precision": 1e-05, "recall": 1e-05, "f-measure": 1e-05}, "n1.wav": {"precision": 0.18181818181818182, "recall": 0.1111111111111111, "f-measure": 0.13793103448275862}, "a1.wav": {"precision": 0.625, "recall": 0.9090909090909091, "f-measure": 0.7407407407407407}}}