{"team_name": "PKU_ADSP", "set_name": "VAL", "report_date": "10042021_22_53_38", "overall_scores": {"precision": 0.0026396937955197194, "recall": 0.5469613259668509, "fmeasure (percentage)": 0.525}, "scores_per_subset": {"PB": {"precision": 0.003070338667659099, "recall": 0.43043478260869567, "f-measure": 0.006097185440660221}, "HV": {"precision": 0.0023149934408519175, "recall": 0.75, "f-measure": 0.004615739672282483}}, "scores_per_audiofile": {"BUK5_20161101_002104a.wav": {"precision": 0.009664478482859227, "recall": 0.6022727272727273, "f-measure": 0.019023689877961235}, "BUK1_20181011_001004.wav": {"precision": 0.003708040593286495, "recall": 0.6129032258064516, "f-measure": 0.007371483996120271}, "BUK1_20181013_023504.wav": {"precision": 0.0005351409204423831, "recall": 0.125, "f-measure": 0.0010657193605683837}, "BUK4_20161011_000804.wav": {"precision": 0.0003322259136212625, "recall": 0.0425531914893617, "f-measure": 0.0006593044338223175}, "BUK4_20171022_004304a.wav": {"precision": 0.0028790786948176585, "recall": 0.7058823529411765, "f-measure": 0.005734767025089606}, "BUK5_20180921_015906a.wav": {"precision": 0.0017117425539198905, "recall": 0.43478260869565216, "f-measure": 0.0034100596760443308}, "n1.wav": {"precision": 0.00352, "recall": 0.6111111111111112, "f-measure": 0.006999681832643971}, "a1.wav": {"precision": 0.0019320724018710596, "recall": 0.8636363636363636, "f-measure": 0.0038555194805194805}}}