{"team_name": "PKU_ADSP", "set_name": "VAL", "report_date": "17042021_10_43_15", "overall_scores": {"precision": 0.47905935050391935, "recall": 0.4748057713651498, "fmeasure (percentage)": 47.692}, "scores_per_subset": {"PB": {"precision": 0.5224719101123596, "recall": 0.4043478260869565, "f-measure": 0.45588235294117646}, "HV": {"precision": 0.4423076923076923, "recall": 0.575, "f-measure": 0.5}}, "scores_per_audiofile": {"BUK5_20161101_002104a.wav": {"precision": 0.8840579710144928, "recall": 0.6931818181818182, "f-measure": 0.7770700636942676}, "BUK1_20181011_001004.wav": {"precision": 0.6060606060606061, "recall": 0.6451612903225806, "f-measure": 0.625}, "BUK1_20181013_023504.wav": {"precision": 0.11764705882352941, "recall": 0.08333333333333333, "f-measure": 0.0975609756097561}, "BUK4_20161011_000804.wav": {"precision": 0.037037037037037035, "recall": 0.02127659574468085, "f-measure": 0.02702702702702703}, "BUK4_20171022_004304a.wav": {"precision": 0.47368421052631576, "recall": 0.5294117647058824, "f-measure": 0.5}, "BUK5_20180921_015906a.wav": {"precision": 1e-05, "recall": 1e-05, "f-measure": 1e-05}, "n1.wav": {"precision": 0.14285714285714285, "recall": 0.16666666666666666, "f-measure": 0.15384615384615385}, "a1.wav": {"precision": 0.6451612903225806, "recall": 0.9090909090909091, "f-measure": 0.7547169811320755}}}