{"team_name": "PKU_ADSP", "set_name": "VAL", "report_date": "18072021_23_34_51", "overall_scores": {"precision": 0.6209386281588447, "recall": 0.427860696517413, "fmeasure (percentage)": 50.663}, "scores_per_subset": {"PB": {"precision": 0.581081081081081, "recall": 0.3739130434782609, "f-measure": 0.455026455026455}, "HV": {"precision": 0.6666666666666666, "recall": 0.5, "f-measure": 0.5714285714285714}}, "scores_per_audiofile": {"BUK5_20161101_002104a.wav": {"precision": 0.7857142857142857, "recall": 0.625, "f-measure": 0.6962025316455697}, "BUK1_20181011_001004.wav": {"precision": 0.6551724137931034, "recall": 0.6129032258064516, "f-measure": 0.6333333333333333}, "BUK1_20181013_023504.wav": {"precision": 0.25, "recall": 0.125, "f-measure": 0.16666666666666666}, "BUK4_20161011_000804.wav": {"precision": 0.0625, "recall": 0.02127659574468085, "f-measure": 0.031746031746031744}, "BUK4_20171022_004304a.wav": {"precision": 0.42105263157894735, "recall": 0.47058823529411764, "f-measure": 0.4444444444444444}, "BUK5_20180921_015906a.wav": {"precision": 1e-05, "recall": 1e-05, "f-measure": 1e-05}, "n1.wav": {"precision": 0.5, "recall": 0.1111111111111111, "f-measure": 0.18181818181818182}, "a1.wav": {"precision": 0.6923076923076923, "recall": 0.8181818181818182, "f-measure": 0.75}}}