{"team_name": "PKU_ADSP", "set_name": "VAL", "report_date": "04062021_00_08_04", "overall_scores": {"precision": 0.6076149141842573, "recall": 0.4010416666666667, "fmeasure (percentage)": 48.318}, "scores_per_subset": {"PB": {"precision": 0.6936936936936937, "recall": 0.3347826086956522, "f-measure": 0.45161290322580644}, "HV": {"precision": 0.5405405405405406, "recall": 0.5, "f-measure": 0.5194805194805194}}, "scores_per_audiofile": {"BUK5_20161101_002104a.wav": {"precision": 0.9433962264150944, "recall": 0.5681818181818182, "f-measure": 0.7092198581560284}, "BUK1_20181011_001004.wav": {"precision": 0.8888888888888888, "recall": 0.5161290322580645, "f-measure": 0.6530612244897959}, "BUK1_20181013_023504.wav": {"precision": 0.3333333333333333, "recall": 0.16666666666666666, "f-measure": 0.2222222222222222}, "BUK4_20161011_000804.wav": {"precision": 1e-05, "recall": 1e-05, "f-measure": 1e-05}, "BUK4_20171022_004304a.wav": {"precision": 0.4666666666666667, "recall": 0.4117647058823529, "f-measure": 0.4375}, "BUK5_20180921_015906a.wav": {"precision": 1e-05, "recall": 1e-05, "f-measure": 1e-05}, "n1.wav": {"precision": 0.125, "recall": 0.05555555555555555, "f-measure": 0.07692307692307693}, "a1.wav": {"precision": 0.6551724137931034, "recall": 0.8636363636363636, "f-measure": 0.7450980392156863}}}