{"team_name": "PKU_ADSP", "set_name": "VAL", "report_date": "08062021_00_08_50", "overall_scores": {"precision": 0.47425262169353577, "recall": 0.5539305301645339, "fmeasure (percentage)": 51.1}, "scores_per_subset": {"PB": {"precision": 0.5126903553299492, "recall": 0.4391304347826087, "f-measure": 0.47306791569086654}, "HV": {"precision": 0.4411764705882353, "recall": 0.75, "f-measure": 0.5555555555555556}}, "scores_per_audiofile": {"BUK5_20161101_002104a.wav": {"precision": 0.8648648648648649, "recall": 0.7272727272727273, "f-measure": 0.7901234567901234}, "BUK1_20181011_001004.wav": {"precision": 0.36507936507936506, "recall": 0.7419354838709677, "f-measure": 0.48936170212765956}, "BUK1_20181013_023504.wav": {"precision": 0.13333333333333333, "recall": 0.08333333333333333, "f-measure": 0.10256410256410256}, "BUK4_20161011_000804.wav": {"precision": 0.07142857142857142, "recall": 0.02127659574468085, "f-measure": 0.03278688524590164}, "BUK4_20171022_004304a.wav": {"precision": 0.5, "recall": 0.5882352941176471, "f-measure": 0.5405405405405406}, "BUK5_20180921_015906a.wav": {"precision": 0.09090909090909091, "recall": 0.043478260869565216, "f-measure": 0.058823529411764705}, "n1.wav": {"precision": 0.2702702702702703, "recall": 0.5555555555555556, "f-measure": 0.36363636363636365}, "a1.wav": {"precision": 0.6451612903225806, "recall": 0.9090909090909091, "f-measure": 0.7547169811320755}}}