{"team_name": "PKU_ADSP", "set_name": "VAL", "report_date": "03052021_17_26_11", "overall_scores": {"precision": 0.6174496644295302, "recall": 0.4126060606060606, "fmeasure (percentage)": 49.466}, "scores_per_subset": {"PB": {"precision": 0.6666666666666666, "recall": 0.3217391304347826, "f-measure": 0.4340175953079179}, "HV": {"precision": 0.575, "recall": 0.575, "f-measure": 0.575}}, "scores_per_audiofile": {"BUK5_20161101_002104a.wav": {"precision": 0.94, "recall": 0.5340909090909091, "f-measure": 0.6811594202898551}, "BUK1_20181011_001004.wav": {"precision": 0.68, "recall": 0.5483870967741935, "f-measure": 0.6071428571428571}, "BUK1_20181013_023504.wav": {"precision": 0.42857142857142855, "recall": 0.125, "f-measure": 0.1935483870967742}, "BUK4_20161011_000804.wav": {"precision": 0.1111111111111111, "recall": 0.02127659574468085, "f-measure": 0.03571428571428571}, "BUK4_20171022_004304a.wav": {"precision": 0.42857142857142855, "recall": 0.35294117647058826, "f-measure": 0.3870967741935484}, "BUK5_20180921_015906a.wav": {"precision": 1e-05, "recall": 1e-05, "f-measure": 1e-05}, "n1.wav": {"precision": 0.3, "recall": 0.16666666666666666, "f-measure": 0.21428571428571427}, "a1.wav": {"precision": 0.6666666666666666, "recall": 0.9090909090909091, "f-measure": 0.7692307692307693}}}