{"team_name": "PKU_ADSP", "set_name": "VAL", "report_date": "12062021_11_13_11", "overall_scores": {"precision": 0.6893222629851322, "recall": 0.43377885783718106, "fmeasure (percentage)": 53.248}, "scores_per_subset": {"PB": {"precision": 0.7798165137614679, "recall": 0.3695652173913043, "f-measure": 0.5014749262536873}, "HV": {"precision": 0.6176470588235294, "recall": 0.525, "f-measure": 0.5675675675675675}}, "scores_per_audiofile": {"BUK5_20161101_002104a.wav": {"precision": 0.9636363636363636, "recall": 0.6022727272727273, "f-measure": 0.7412587412587412}, "BUK1_20181011_001004.wav": {"precision": 0.8571428571428571, "recall": 0.5806451612903226, "f-measure": 0.6923076923076923}, "BUK1_20181013_023504.wav": {"precision": 0.4, "recall": 0.16666666666666666, "f-measure": 0.23529411764705882}, "BUK4_20161011_000804.wav": {"precision": 0.4, "recall": 0.0425531914893617, "f-measure": 0.07692307692307693}, "BUK4_20171022_004304a.wav": {"precision": 0.47058823529411764, "recall": 0.47058823529411764, "f-measure": 0.47058823529411764}, "BUK5_20180921_015906a.wav": {"precision": 1e-05, "recall": 1e-05, "f-measure": 1e-05}, "n1.wav": {"precision": 0.18181818181818182, "recall": 0.1111111111111111, "f-measure": 0.13793103448275862}, "a1.wav": {"precision": 0.8260869565217391, "recall": 0.8636363636363636, "f-measure": 0.8444444444444444}}}