{"team_name": "PKU_ADSP", "set_name": "VAL", "report_date": "10042021_23_51_35", "overall_scores": {"precision": 0.007289058540337716, "recall": 0.5119301648884578, "fmeasure (percentage)": 1.437}, "scores_per_subset": {"PB": {"precision": 0.008703136954858455, "recall": 0.39565217391304347, "f-measure": 0.0170316301703163}, "HV": {"precision": 0.00627027027027027, "recall": 0.725, "f-measure": 0.012433011789924973}}, "scores_per_audiofile": {"BUK5_20161101_002104a.wav": {"precision": 0.03018446059250978, "recall": 0.6136363636363636, "f-measure": 0.05753862546616942}, "BUK1_20181011_001004.wav": {"precision": 0.004955094456488077, "recall": 0.5161290322580645, "f-measure": 0.0098159509202454}, "BUK1_20181013_023504.wav": {"precision": 0.0007173601147776184, "recall": 0.041666666666666664, "f-measure": 0.0014104372355430183}, "BUK4_20161011_000804.wav": {"precision": 0.0039447731755424065, "recall": 0.0425531914893617, "f-measure": 0.007220216606498195}, "BUK4_20171022_004304a.wav": {"precision": 0.02127659574468085, "recall": 0.8235294117647058, "f-measure": 0.04148148148148148}, "BUK5_20180921_015906a.wav": {"precision": 0.0013893713094824591, "recall": 0.17391304347826086, "f-measure": 0.0027567195037904893}, "n1.wav": {"precision": 0.003992015968063872, "recall": 0.4444444444444444, "f-measure": 0.00791295746785361}, "a1.wav": {"precision": 0.008012209080503624, "recall": 0.9545454545454546, "f-measure": 0.015891032917139614}}}