{"team_name": "PKU_ADSP", "set_name": "VAL", "report_date": "05052021_21_25_54", "overall_scores": {"precision": 0.6273261508325172, "recall": 0.35240715268225586, "fmeasure (percentage)": 45.129}, "scores_per_subset": {"PB": {"precision": 0.7011494252873564, "recall": 0.26521739130434785, "f-measure": 0.38485804416403785}, "HV": {"precision": 0.5675675675675675, "recall": 0.525, "f-measure": 0.5454545454545454}}, "scores_per_audiofile": {"BUK5_20161101_002104a.wav": {"precision": 0.9743589743589743, "recall": 0.4318181818181818, "f-measure": 0.5984251968503937}, "BUK1_20181011_001004.wav": {"precision": 0.8, "recall": 0.3870967741935484, "f-measure": 0.5217391304347826}, "BUK1_20181013_023504.wav": {"precision": 0.4444444444444444, "recall": 0.16666666666666666, "f-measure": 0.24242424242424243}, "BUK4_20161011_000804.wav": {"precision": 1e-05, "recall": 1e-05, "f-measure": 1e-05}, "BUK4_20171022_004304a.wav": {"precision": 0.5384615384615384, "recall": 0.4117647058823529, "f-measure": 0.4666666666666667}, "BUK5_20180921_015906a.wav": {"precision": 1e-05, "recall": 1e-05, "f-measure": 1e-05}, "n1.wav": {"precision": 0.25, "recall": 0.05555555555555555, "f-measure": 0.09090909090909091}, "a1.wav": {"precision": 0.6060606060606061, "recall": 0.9090909090909091, "f-measure": 0.7272727272727273}}}