{"team_name": "PKU_ADSP", "set_name": "VAL", "report_date": "28042021_15_12_03", "overall_scores": {"precision": 0.4480097979179425, "recall": 0.3854583772391992, "fmeasure (percentage)": 41.439}, "scores_per_subset": {"PB": {"precision": 0.6276595744680851, "recall": 0.2565217391304348, "f-measure": 0.36419753086419754}, "HV": {"precision": 0.34831460674157305, "recall": 0.775, "f-measure": 0.4806201550387597}}, "scores_per_audiofile": {"BUK5_20161101_002104a.wav": {"precision": 0.9743589743589743, "recall": 0.4318181818181818, "f-measure": 0.5984251968503937}, "BUK1_20181011_001004.wav": {"precision": 0.6153846153846154, "recall": 0.25806451612903225, "f-measure": 0.36363636363636365}, "BUK1_20181013_023504.wav": {"precision": 0.21428571428571427, "recall": 0.125, "f-measure": 0.15789473684210525}, "BUK4_20161011_000804.wav": {"precision": 0.125, "recall": 0.02127659574468085, "f-measure": 0.03636363636363636}, "BUK4_20171022_004304a.wav": {"precision": 0.5555555555555556, "recall": 0.29411764705882354, "f-measure": 0.38461538461538464}, "BUK5_20180921_015906a.wav": {"precision": 0.36363636363636365, "recall": 0.17391304347826086, "f-measure": 0.23529411764705882}, "n1.wav": {"precision": 0.171875, "recall": 0.6111111111111112, "f-measure": 0.2682926829268293}, "a1.wav": {"precision": 0.8, "recall": 0.9090909090909091, "f-measure": 0.851063829787234}}}