{"team_name": "PKU_ADSP", "set_name": "VAL", "report_date": "11042021_15_51_26", "overall_scores": {"precision": 0.014930015552099532, "recall": 0.42509225092250924, "fmeasure (percentage)": 2.885}, "scores_per_subset": {"PB": {"precision": 0.03137254901960784, "recall": 0.2782608695652174, "f-measure": 0.05638766519823789}, "HV": {"precision": 0.009795918367346938, "recall": 0.9, "f-measure": 0.019380888290713324}}, "scores_per_audiofile": {"BUK5_20161101_002104a.wav": {"precision": 0.08158995815899582, "recall": 0.4431818181818182, "f-measure": 0.13780918727915195}, "BUK1_20181011_001004.wav": {"precision": 0.00929368029739777, "recall": 0.3225806451612903, "f-measure": 0.018066847335140017}, "BUK1_20181013_023504.wav": {"precision": 0.039603960396039604, "recall": 0.16666666666666666, "f-measure": 0.064}, "BUK4_20161011_000804.wav": {"precision": 1e-05, "recall": 1e-05, "f-measure": 1e-05}, "BUK4_20171022_004304a.wav": {"precision": 0.039711191335740074, "recall": 0.6470588235294118, "f-measure": 0.07482993197278912}, "BUK5_20180921_015906a.wav": {"precision": 1e-05, "recall": 1e-05, "f-measure": 1e-05}, "n1.wav": {"precision": 0.006852444038373686, "recall": 0.8333333333333334, "f-measure": 0.01359311282283643}, "a1.wav": {"precision": 0.014131897711978465, "recall": 0.9545454545454546, "f-measure": 0.027851458885941646}}}