{"team_name": "PKU_ADSP", "set_name": "VAL", "report_date": "30042021_23_48_36", "overall_scores": {"precision": 0.399663582842725, "recall": 0.4883864337101747, "fmeasure (percentage)": 43.959}, "scores_per_subset": {"PB": {"precision": 0.6567164179104478, "recall": 0.3826086956521739, "f-measure": 0.4835164835164835}, "HV": {"precision": 0.2872340425531915, "recall": 0.675, "f-measure": 0.40298507462686567}}, "scores_per_audiofile": {"BUK5_20161101_002104a.wav": {"precision": 0.9636363636363636, "recall": 0.6022727272727273, "f-measure": 0.7412587412587412}, "BUK1_20181011_001004.wav": {"precision": 0.7241379310344828, "recall": 0.6774193548387096, "f-measure": 0.7}, "BUK1_20181013_023504.wav": {"precision": 0.2, "recall": 0.125, "f-measure": 0.15384615384615385}, "BUK4_20161011_000804.wav": {"precision": 0.2, "recall": 0.0425531914893617, "f-measure": 0.07017543859649122}, "BUK4_20171022_004304a.wav": {"precision": 0.6, "recall": 0.5294117647058824, "f-measure": 0.5625}, "BUK5_20180921_015906a.wav": {"precision": 1e-05, "recall": 1e-05, "f-measure": 1e-05}, "n1.wav": {"precision": 0.11475409836065574, "recall": 0.3888888888888889, "f-measure": 0.17721518987341772}, "a1.wav": {"precision": 0.6060606060606061, "recall": 0.9090909090909091, "f-measure": 0.7272727272727273}}}