{"team_name": "PKU_ADSP", "set_name": "VAL", "report_date": "13042021_18_17_58", "overall_scores": {"precision": 0.6525389844062375, "recall": 0.2853146853146853, "fmeasure (percentage)": 39.703}, "scores_per_subset": {"PB": {"precision": 0.6144578313253012, "recall": 0.2217391304347826, "f-measure": 0.3258785942492013}, "HV": {"precision": 0.6956521739130435, "recall": 0.4, "f-measure": 0.5079365079365079}}, "scores_per_audiofile": {"BUK5_20161101_002104a.wav": {"precision": 0.92, "recall": 0.26136363636363635, "f-measure": 0.40707964601769914}, "BUK1_20181011_001004.wav": {"precision": 0.6785714285714286, "recall": 0.6129032258064516, "f-measure": 0.6440677966101694}, "BUK1_20181013_023504.wav": {"precision": 0.2857142857142857, "recall": 0.16666666666666666, "f-measure": 0.21052631578947367}, "BUK4_20161011_000804.wav": {"precision": 1e-05, "recall": 1e-05, "f-measure": 1e-05}, "BUK4_20171022_004304a.wav": {"precision": 0.625, "recall": 0.29411764705882354, "f-measure": 0.4}, "BUK5_20180921_015906a.wav": {"precision": 1e-05, "recall": 1e-05, "f-measure": 1e-05}, "n1.wav": {"precision": 1e-05, "recall": 1e-05, "f-measure": 1e-05}, "a1.wav": {"precision": 0.8, "recall": 0.7272727272727273, "f-measure": 0.7619047619047619}}}