{"team_name": "PKU_ADSP", "set_name": "VAL", "report_date": "11042021_00_09_04", "overall_scores": {"precision": 0.007372151129098146, "recall": 0.5263565891472869, "fmeasure (percentage)": 1.454}, "scores_per_subset": {"PB": {"precision": 0.009342193970913994, "recall": 0.4217391304347826, "f-measure": 0.01827946857627438}, "HV": {"precision": 0.0060882800608828, "recall": 0.7, "f-measure": 0.01207156714809226}}, "scores_per_audiofile": {"BUK5_20161101_002104a.wav": {"precision": 0.032456631225517625, "recall": 0.6590909090909091, "f-measure": 0.06186666666666667}, "BUK1_20181011_001004.wav": {"precision": 0.005266418835192069, "recall": 0.5483870967741935, "f-measure": 0.010432648051549556}, "BUK1_20181013_023504.wav": {"precision": 0.0014524328249818446, "recall": 0.08333333333333333, "f-measure": 0.0028551034975017845}, "BUK4_20161011_000804.wav": {"precision": 0.003883495145631068, "recall": 0.0425531914893617, "f-measure": 0.0071174377224199285}, "BUK4_20171022_004304a.wav": {"precision": 0.0219435736677116, "recall": 0.8235294117647058, "f-measure": 0.042748091603053436}, "BUK5_20180921_015906a.wav": {"precision": 0.0014094432699083862, "recall": 0.17391304347826086, "f-measure": 0.0027962250961202375}, "n1.wav": {"precision": 0.003391472868217054, "recall": 0.3888888888888889, "f-measure": 0.0067243035542747355}, "a1.wav": {"precision": 0.008284023668639054, "recall": 0.9545454545454546, "f-measure": 0.016425498631208447}}}