{"team_name": "PKU_ADSP", "set_name": "VAL", "report_date": "13062021_12_08_41", "overall_scores": {"precision": 0.6546080964685617, "recall": 0.45238095238095244, "fmeasure (percentage)": 53.502}, "scores_per_subset": {"PB": {"precision": 0.6643356643356644, "recall": 0.41304347826086957, "f-measure": 0.5093833780160858}, "HV": {"precision": 0.6451612903225806, "recall": 0.5, "f-measure": 0.5633802816901409}}, "scores_per_audiofile": {"BUK5_20161101_002104a.wav": {"precision": 0.8840579710144928, "recall": 0.6931818181818182, "f-measure": 0.7770700636942676}, "BUK1_20181011_001004.wav": {"precision": 0.7037037037037037, "recall": 0.6129032258064516, "f-measure": 0.6551724137931034}, "BUK1_20181013_023504.wav": {"precision": 0.3333333333333333, "recall": 0.16666666666666666, "f-measure": 0.2222222222222222}, "BUK4_20161011_000804.wav": {"precision": 0.07692307692307693, "recall": 0.02127659574468085, "f-measure": 0.03333333333333333}, "BUK4_20171022_004304a.wav": {"precision": 0.5, "recall": 0.5882352941176471, "f-measure": 0.5405405405405406}, "BUK5_20180921_015906a.wav": {"precision": 1e-05, "recall": 1e-05, "f-measure": 1e-05}, "n1.wav": {"precision": 0.4, "recall": 0.1111111111111111, "f-measure": 0.17391304347826086}, "a1.wav": {"precision": 0.6923076923076923, "recall": 0.8181818181818182, "f-measure": 0.75}}}