{"team_name": "PKU_ADSP", "set_name": "VAL", "report_date": "13042021_18_20_03", "overall_scores": {"precision": 0.6295399515738498, "recall": 0.07417974322396577, "fmeasure (percentage)": 13.272}, "scores_per_subset": {"PB": {"precision": 0.47619047619047616, "recall": 0.0425531914893617, "f-measure": 0.078125}, "HV": {"precision": 0.9285714285714286, "recall": 0.28888888888888886, "f-measure": 0.4406779661016949}}, "scores_per_audiofile": {"BUK5_20161101_002104a.wav": {"precision": 0.75, "recall": 0.06818181818181818, "f-measure": 0.125}, "BUK1_20181011_001004.wav": {"precision": 0.6666666666666666, "recall": 0.06451612903225806, "f-measure": 0.11764705882352941}, "BUK1_20181013_023504.wav": {"precision": 0.16666666666666666, "recall": 0.041666666666666664, "f-measure": 0.06666666666666667}, "BUK4_20161011_000804.wav": {"precision": 1e-05, "recall": 1e-05, "f-measure": 1e-05}, "BUK4_20171022_004304a.wav": {"precision": 0.5, "recall": 0.058823529411764705, "f-measure": 0.10526315789473684}, "BUK5_20180921_015906a.wav": {"precision": 1e-05, "recall": 1e-05, "f-measure": 1e-05}, "n1.wav": {"precision": 1e-05, "recall": 1e-05, "f-measure": 1e-05}, "a1.wav": {"precision": 0.9285714285714286, "recall": 0.5909090909090909, "f-measure": 0.7222222222222222}}}