{"team_name": "PKU_ADSP", "set_name": "VAL", "report_date": "13042021_18_09_31", "overall_scores": {"precision": 0.5802955665024631, "recall": 0.3439416058394161, "fmeasure (percentage)": 43.19}, "scores_per_subset": {"PB": {"precision": 0.5849056603773585, "recall": 0.26956521739130435, "f-measure": 0.36904761904761907}, "HV": {"precision": 0.5757575757575758, "recall": 0.475, "f-measure": 0.5205479452054794}}, "scores_per_audiofile": {"BUK5_20161101_002104a.wav": {"precision": 0.90625, "recall": 0.32954545454545453, "f-measure": 0.48333333333333334}, "BUK1_20181011_001004.wav": {"precision": 0.6052631578947368, "recall": 0.7419354838709677, "f-measure": 0.6666666666666666}, "BUK1_20181013_023504.wav": {"precision": 0.2857142857142857, "recall": 0.16666666666666666, "f-measure": 0.21052631578947367}, "BUK4_20161011_000804.wav": {"precision": 0.14285714285714285, "recall": 0.02127659574468085, "f-measure": 0.037037037037037035}, "BUK4_20171022_004304a.wav": {"precision": 0.5555555555555556, "recall": 0.29411764705882354, "f-measure": 0.38461538461538464}, "BUK5_20180921_015906a.wav": {"precision": 1e-05, "recall": 1e-05, "f-measure": 1e-05}, "n1.wav": {"precision": 0.2222222222222222, "recall": 0.1111111111111111, "f-measure": 0.14814814814814814}, "a1.wav": {"precision": 0.7083333333333334, "recall": 0.7727272727272727, "f-measure": 0.7391304347826086}}}