{"team_name": "PKU_ADSP", "set_name": "VAL", "report_date": "11042021_23_59_06", "overall_scores": {"precision": 0.007862871520679353, "recall": 0.4285714285714286, "fmeasure (percentage)": 1.544}, "scores_per_subset": {"PB": {"precision": 0.014484356894553883, "recall": 0.32608695652173914, "f-measure": 0.027736686390532544}, "HV": {"precision": 0.005396071659831643, "recall": 0.625, "f-measure": 0.010699764605178685}}, "scores_per_audiofile": {"BUK5_20161101_002104a.wav": {"precision": 0.029624753127057275, "recall": 0.5113636363636364, "f-measure": 0.056004978220286245}, "BUK1_20181011_001004.wav": {"precision": 0.011187607573149742, "recall": 0.41935483870967744, "f-measure": 0.02179379715004191}, "BUK1_20181013_023504.wav": {"precision": 0.007317073170731708, "recall": 0.125, "f-measure": 0.013824884792626729}, "BUK4_20161011_000804.wav": {"precision": 0.0021691973969631237, "recall": 0.02127659574468085, "f-measure": 0.003937007874015748}, "BUK4_20171022_004304a.wav": {"precision": 0.011111111111111112, "recall": 0.7058823529411765, "f-measure": 0.02187784867821331}, "BUK5_20180921_015906a.wav": {"precision": 0.0018315018315018315, "recall": 0.043478260869565216, "f-measure": 0.0035149384885764497}, "n1.wav": {"precision": 0.00135623869801085, "recall": 0.16666666666666666, "f-measure": 0.0026905829596412557}, "a1.wav": {"precision": 0.009087154068566708, "recall": 1.0, "f-measure": 0.018010642652476462}}}