{"team_name": "PKU_ADSP", "set_name": "VAL", "report_date": "11042021_16_32_29", "overall_scores": {"precision": 0.0031455327483964866, "recall": 0.5446516192345436, "fmeasure (percentage)": 0.625}, "scores_per_subset": {"PB": {"precision": 0.004267261264031985, "recall": 0.4826086956521739, "f-measure": 0.0084597210578462}, "HV": {"precision": 0.002490784098834313, "recall": 0.625, "f-measure": 0.0049617941847772155}}, "scores_per_audiofile": {"BUK5_20161101_002104a.wav": {"precision": 0.012839402231109241, "recall": 0.6931818181818182, "f-measure": 0.02521182062409589}, "BUK1_20181011_001004.wav": {"precision": 0.0054694621695533276, "recall": 0.7741935483870968, "f-measure": 0.010862186014935505}, "BUK1_20181013_023504.wav": {"precision": 0.00047938638542665386, "recall": 0.08333333333333333, "f-measure": 0.0009532888465204957}, "BUK4_20161011_000804.wav": {"precision": 0.0009562514941429596, "recall": 0.0851063829787234, "f-measure": 0.0018912529550827422}, "BUK4_20171022_004304a.wav": {"precision": 0.003615127919911012, "recall": 0.7647058823529411, "f-measure": 0.0071962358151120955}, "BUK5_20180921_015906a.wav": {"precision": 0.0014221861032100772, "recall": 0.30434782608695654, "f-measure": 0.0028311425682507585}, "n1.wav": {"precision": 0.0010337698139214334, "recall": 0.16666666666666666, "f-measure": 0.002054794520547945}, "a1.wav": {"precision": 0.0030833917309039944, "recall": 1.0, "f-measure": 0.006147827301942154}}}