{"team_name": "PKU_ADSP", "set_name": "VAL", "report_date": "17042021_20_24_40", "overall_scores": {"precision": 0.6636990874693969, "recall": 0.3887874837027379, "fmeasure (percentage)": 49.034}, "scores_per_subset": {"PB": {"precision": 0.7171717171717171, "recall": 0.30869565217391304, "f-measure": 0.4316109422492401}, "HV": {"precision": 0.6176470588235294, "recall": 0.525, "f-measure": 0.5675675675675675}}, "scores_per_audiofile": {"BUK5_20161101_002104a.wav": {"precision": 0.98, "recall": 0.5568181818181818, "f-measure": 0.7101449275362319}, "BUK1_20181011_001004.wav": {"precision": 1.0, "recall": 0.3225806451612903, "f-measure": 0.4878048780487805}, "BUK1_20181013_023504.wav": {"precision": 0.2857142857142857, "recall": 0.16666666666666666, "f-measure": 0.21052631578947367}, "BUK4_20161011_000804.wav": {"precision": 0.25, "recall": 0.0425531914893617, "f-measure": 0.07272727272727272}, "BUK4_20171022_004304a.wav": {"precision": 0.6, "recall": 0.35294117647058826, "f-measure": 0.4444444444444444}, "BUK5_20180921_015906a.wav": {"precision": 1e-05, "recall": 1e-05, "f-measure": 1e-05}, "n1.wav": {"precision": 0.25, "recall": 0.05555555555555555, "f-measure": 0.09090909090909091}, "a1.wav": {"precision": 0.6666666666666666, "recall": 0.9090909090909091, "f-measure": 0.7692307692307693}}}