{"team_name": "PKU_ADSP", "set_name": "VAL", "report_date": "13042021_17_10_08", "overall_scores": {"precision": 0.16934046345811052, "recall": 0.24836601307189538, "fmeasure (percentage)": 20.138}, "scores_per_subset": {"PB": {"precision": 0.16101694915254236, "recall": 0.16521739130434782, "f-measure": 0.1630901287553648}, "HV": {"precision": 0.17857142857142858, "recall": 0.5, "f-measure": 0.2631578947368421}}, "scores_per_audiofile": {"BUK5_20161101_002104a.wav": {"precision": 0.6285714285714286, "recall": 0.25, "f-measure": 0.35772357723577236}, "BUK1_20181011_001004.wav": {"precision": 0.072, "recall": 0.2903225806451613, "f-measure": 0.11538461538461539}, "BUK1_20181013_023504.wav": {"precision": 0.09523809523809523, "recall": 0.16666666666666666, "f-measure": 0.12121212121212122}, "BUK4_20161011_000804.wav": {"precision": 1e-05, "recall": 1e-05, "f-measure": 1e-05}, "BUK4_20171022_004304a.wav": {"precision": 0.5, "recall": 0.17647058823529413, "f-measure": 0.2608695652173913}, "BUK5_20180921_015906a.wav": {"precision": 1e-05, "recall": 1e-05, "f-measure": 1e-05}, "n1.wav": {"precision": 0.024390243902439025, "recall": 0.1111111111111111, "f-measure": 0.04}, "a1.wav": {"precision": 0.6, "recall": 0.8181818181818182, "f-measure": 0.6923076923076923}}}