{"team_name": "PKU_ADSP", "set_name": "VAL", "report_date": "12062021_22_45_57", "overall_scores": {"precision": 0.6349206349206349, "recall": 0.3700440528634361, "fmeasure (percentage)": 46.758}, "scores_per_subset": {"PB": {"precision": 0.5714285714285714, "recall": 0.3652173913043478, "f-measure": 0.44562334217506633}, "HV": {"precision": 0.7142857142857143, "recall": 0.375, "f-measure": 0.4918032786885246}}, "scores_per_audiofile": {"BUK5_20161101_002104a.wav": {"precision": 0.8181818181818182, "recall": 0.6136363636363636, "f-measure": 0.7012987012987013}, "BUK1_20181011_001004.wav": {"precision": 0.6551724137931034, "recall": 0.6129032258064516, "f-measure": 0.6333333333333333}, "BUK1_20181013_023504.wav": {"precision": 0.15384615384615385, "recall": 0.08333333333333333, "f-measure": 0.10810810810810811}, "BUK4_20161011_000804.wav": {"precision": 0.07142857142857142, "recall": 0.02127659574468085, "f-measure": 0.03278688524590164}, "BUK4_20171022_004304a.wav": {"precision": 0.34782608695652173, "recall": 0.47058823529411764, "f-measure": 0.4}, "BUK5_20180921_015906a.wav": {"precision": 1e-05, "recall": 1e-05, "f-measure": 1e-05}, "n1.wav": {"precision": 1e-05, "recall": 1e-05, "f-measure": 1e-05}, "a1.wav": {"precision": 0.75, "recall": 0.6818181818181818, "f-measure": 0.7142857142857143}}}