{"team_name": "PKU_ADSP", "set_name": "VAL", "report_date": "22042021_23_11_08", "overall_scores": {"precision": 0.3025081370859659, "recall": 0.4072164948453609, "fmeasure (percentage)": 34.714}, "scores_per_subset": {"PB": {"precision": 0.5231788079470199, "recall": 0.34347826086956523, "f-measure": 0.4146981627296588}, "HV": {"precision": 0.2127659574468085, "recall": 0.5, "f-measure": 0.29850746268656714}}, "scores_per_audiofile": {"BUK5_20161101_002104a.wav": {"precision": 0.9375, "recall": 0.5113636363636364, "f-measure": 0.6617647058823529}, "BUK1_20181011_001004.wav": {"precision": 0.391304347826087, "recall": 0.5806451612903226, "f-measure": 0.4675324675324675}, "BUK1_20181013_023504.wav": {"precision": 0.16666666666666666, "recall": 0.125, "f-measure": 0.14285714285714285}, "BUK4_20161011_000804.wav": {"precision": 0.15384615384615385, "recall": 0.0425531914893617, "f-measure": 0.06666666666666667}, "BUK4_20171022_004304a.wav": {"precision": 0.44, "recall": 0.6470588235294118, "f-measure": 0.5238095238095238}, "BUK5_20180921_015906a.wav": {"precision": 1e-05, "recall": 1e-05, "f-measure": 1e-05}, "n1.wav": {"precision": 0.041666666666666664, "recall": 0.16666666666666666, "f-measure": 0.06666666666666667}, "a1.wav": {"precision": 0.7727272727272727, "recall": 0.7727272727272727, "f-measure": 0.7727272727272727}}}