{"team_name": "PKU_ADSP", "set_name": "VAL", "report_date": "13042021_18_16_31", "overall_scores": {"precision": 0.605625, "recall": 0.3130856219709209, "fmeasure (percentage)": 41.278}, "scores_per_subset": {"PB": {"precision": 0.6263736263736264, "recall": 0.24782608695652175, "f-measure": 0.35514018691588783}, "HV": {"precision": 0.5862068965517241, "recall": 0.425, "f-measure": 0.4927536231884058}}, "scores_per_audiofile": {"BUK5_20161101_002104a.wav": {"precision": 0.8888888888888888, "recall": 0.2727272727272727, "f-measure": 0.41739130434782606}, "BUK1_20181011_001004.wav": {"precision": 0.7096774193548387, "recall": 0.7096774193548387, "f-measure": 0.7096774193548387}, "BUK1_20181013_023504.wav": {"precision": 0.26666666666666666, "recall": 0.16666666666666666, "f-measure": 0.20512820512820512}, "BUK4_20161011_000804.wav": {"precision": 0.3333333333333333, "recall": 0.0425531914893617, "f-measure": 0.07547169811320754}, "BUK4_20171022_004304a.wav": {"precision": 0.8333333333333334, "recall": 0.29411764705882354, "f-measure": 0.43478260869565216}, "BUK5_20180921_015906a.wav": {"precision": 1e-05, "recall": 1e-05, "f-measure": 1e-05}, "n1.wav": {"precision": 1e-05, "recall": 1e-05, "f-measure": 1e-05}, "a1.wav": {"precision": 0.7391304347826086, "recall": 0.7727272727272727, "f-measure": 0.7555555555555555}}}