{"team_name": "PKU_ADSP", "set_name": "VAL", "report_date": "03052021_15_38_16", "overall_scores": {"precision": 0.6010928961748634, "recall": 0.4856512141280353, "fmeasure (percentage)": 53.724}, "scores_per_subset": {"PB": {"precision": 0.625, "recall": 0.43478260869565216, "f-measure": 0.5128205128205128}, "HV": {"precision": 0.5789473684210527, "recall": 0.55, "f-measure": 0.5641025641025641}}, "scores_per_audiofile": {"BUK5_20161101_002104a.wav": {"precision": 0.953125, "recall": 0.6931818181818182, "f-measure": 0.8026315789473685}, "BUK1_20181011_001004.wav": {"precision": 0.6216216216216216, "recall": 0.7419354838709677, "f-measure": 0.6764705882352942}, "BUK1_20181013_023504.wav": {"precision": 0.36363636363636365, "recall": 0.16666666666666666, "f-measure": 0.22857142857142856}, "BUK4_20161011_000804.wav": {"precision": 0.06666666666666667, "recall": 0.02127659574468085, "f-measure": 0.03225806451612903}, "BUK4_20171022_004304a.wav": {"precision": 0.45454545454545453, "recall": 0.5882352941176471, "f-measure": 0.5128205128205128}, "BUK5_20180921_015906a.wav": {"precision": 0.09090909090909091, "recall": 0.043478260869565216, "f-measure": 0.058823529411764705}, "n1.wav": {"precision": 0.2222222222222222, "recall": 0.1111111111111111, "f-measure": 0.14814814814814814}, "a1.wav": {"precision": 0.6896551724137931, "recall": 0.9090909090909091, "f-measure": 0.7843137254901961}}}