{"team_name": "PKU_ADSP", "set_name": "VAL", "report_date": "03052021_15_33_10", "overall_scores": {"precision": 0.5317460317460317, "recall": 0.3681318681318681, "fmeasure (percentage)": 43.506}, "scores_per_subset": {"PB": {"precision": 0.5677966101694916, "recall": 0.29130434782608694, "f-measure": 0.3850574712643678}, "HV": {"precision": 0.5, "recall": 0.5, "f-measure": 0.5}}, "scores_per_audiofile": {"BUK5_20161101_002104a.wav": {"precision": 0.975, "recall": 0.4431818181818182, "f-measure": 0.609375}, "BUK1_20181011_001004.wav": {"precision": 0.7647058823529411, "recall": 0.41935483870967744, "f-measure": 0.5416666666666666}, "BUK1_20181013_023504.wav": {"precision": 0.21428571428571427, "recall": 0.125, "f-measure": 0.15789473684210525}, "BUK4_20161011_000804.wav": {"precision": 0.11764705882352941, "recall": 0.0425531914893617, "f-measure": 0.0625}, "BUK4_20171022_004304a.wav": {"precision": 0.5833333333333334, "recall": 0.4117647058823529, "f-measure": 0.4827586206896552}, "BUK5_20180921_015906a.wav": {"precision": 0.16666666666666666, "recall": 0.13043478260869565, "f-measure": 0.14634146341463414}, "n1.wav": {"precision": 1e-05, "recall": 1e-05, "f-measure": 1e-05}, "a1.wav": {"precision": 0.6060606060606061, "recall": 0.9090909090909091, "f-measure": 0.7272727272727273}}}