{"team_name": "PKU_ADSP", "set_name": "VAL", "report_date": "11042021_17_12_50", "overall_scores": {"precision": 0.08119726158255054, "recall": 0.27868852459016397, "fmeasure (percentage)": 12.576}, "scores_per_subset": {"PB": {"precision": 0.06772908366533864, "recall": 0.2217391304347826, "f-measure": 0.10376398779247202}, "HV": {"precision": 0.10135135135135136, "recall": 0.375, "f-measure": 0.1595744680851064}}, "scores_per_audiofile": {"BUK5_20161101_002104a.wav": {"precision": 0.11594202898550725, "recall": 0.45454545454545453, "f-measure": 0.18475750577367206}, "BUK1_20181011_001004.wav": {"precision": 0.021052631578947368, "recall": 0.06451612903225806, "f-measure": 0.031746031746031744}, "BUK1_20181013_023504.wav": {"precision": 0.02912621359223301, "recall": 0.125, "f-measure": 0.047244094488188976}, "BUK4_20161011_000804.wav": {"precision": 1e-05, "recall": 1e-05, "f-measure": 1e-05}, "BUK4_20171022_004304a.wav": {"precision": 0.125, "recall": 0.35294117647058826, "f-measure": 0.18461538461538463}, "BUK5_20180921_015906a.wav": {"precision": 1e-05, "recall": 1e-05, "f-measure": 1e-05}, "n1.wav": {"precision": 1e-05, "recall": 1e-05, "f-measure": 1e-05}, "a1.wav": {"precision": 0.11029411764705882, "recall": 0.6818181818181818, "f-measure": 0.189873417721519}}}