{"team_name": "PKU_ADSP", "set_name": "VAL", "report_date": "11042021_16_46_25", "overall_scores": {"precision": 0.039586919104991396, "recall": 0.14556962025316456, "fmeasure (percentage)": 6.225}, "scores_per_subset": {"PB": {"precision": 0.125, "recall": 0.08333333333333333, "f-measure": 0.1}, "HV": {"precision": 0.023517382413087935, "recall": 0.575, "f-measure": 0.04518664047151277}}, "scores_per_audiofile": {"BUK5_20161101_002104a.wav": {"precision": 0.24193548387096775, "recall": 0.17045454545454544, "f-measure": 0.2}, "BUK1_20181011_001004.wav": {"precision": 0.012987012987012988, "recall": 0.03225806451612903, "f-measure": 0.018518518518518517}, "BUK1_20181013_023504.wav": {"precision": 0.2727272727272727, "recall": 0.125, "f-measure": 0.17142857142857143}, "BUK4_20161011_000804.wav": {"precision": 1e-05, "recall": 1e-05, "f-measure": 1e-05}, "BUK4_20171022_004304a.wav": {"precision": 0.1, "recall": 0.058823529411764705, "f-measure": 0.07407407407407407}, "BUK5_20180921_015906a.wav": {"precision": 1e-05, "recall": 1e-05, "f-measure": 1e-05}, "n1.wav": {"precision": 0.0037359900373599006, "recall": 0.16666666666666666, "f-measure": 0.007308160779537149}, "a1.wav": {"precision": 0.11428571428571428, "recall": 0.9090909090909091, "f-measure": 0.20304568527918782}}}