{"team_name": "PKU_ADSP", "set_name": "VAL", "report_date": "25042021_16_35_27", "overall_scores": {"precision": 0.3648960739030023, "recall": 0.4661241098677517, "fmeasure (percentage)": 40.934}, "scores_per_subset": {"PB": {"precision": 0.6752136752136753, "recall": 0.34347826086956523, "f-measure": 0.4553314121037464}, "HV": {"precision": 0.25, "recall": 0.725, "f-measure": 0.3717948717948718}}, "scores_per_audiofile": {"BUK5_20161101_002104a.wav": {"precision": 0.9032258064516129, "recall": 0.6363636363636364, "f-measure": 0.7466666666666667}, "BUK1_20181011_001004.wav": {"precision": 0.6842105263157895, "recall": 0.41935483870967744, "f-measure": 0.52}, "BUK1_20181013_023504.wav": {"precision": 0.23076923076923078, "recall": 0.125, "f-measure": 0.16216216216216217}, "BUK4_20161011_000804.wav": {"precision": 0.2, "recall": 0.02127659574468085, "f-measure": 0.038461538461538464}, "BUK4_20171022_004304a.wav": {"precision": 0.42857142857142855, "recall": 0.35294117647058826, "f-measure": 0.3870967741935484}, "BUK5_20180921_015906a.wav": {"precision": 1e-05, "recall": 1e-05, "f-measure": 1e-05}, "n1.wav": {"precision": 0.11956521739130435, "recall": 0.6111111111111112, "f-measure": 0.2}, "a1.wav": {"precision": 0.75, "recall": 0.8181818181818182, "f-measure": 0.782608695652174}}}