{"team_name": "PKU_ADSP", "set_name": "VAL", "report_date": "12062021_10_57_06", "overall_scores": {"precision": 0.5819397993311036, "recall": 0.43422459893048126, "fmeasure (percentage)": 49.735}, "scores_per_subset": {"PB": {"precision": 0.696, "recall": 0.3702127659574468, "f-measure": 0.48333333333333334}, "HV": {"precision": 0.5, "recall": 0.525, "f-measure": 0.5121951219512195}}, "scores_per_audiofile": {"BUK5_20161101_002104a.wav": {"precision": 0.9821428571428571, "recall": 0.625, "f-measure": 0.7638888888888888}, "BUK1_20181011_001004.wav": {"precision": 0.8571428571428571, "recall": 0.5806451612903226, "f-measure": 0.6923076923076923}, "BUK1_20181013_023504.wav": {"precision": 0.15384615384615385, "recall": 0.08333333333333333, "f-measure": 0.10810810810810811}, "BUK4_20161011_000804.wav": {"precision": 0.21428571428571427, "recall": 0.06382978723404255, "f-measure": 0.09836065573770492}, "BUK4_20171022_004304a.wav": {"precision": 0.42857142857142855, "recall": 0.5294117647058824, "f-measure": 0.47368421052631576}, "BUK5_20180921_015906a.wav": {"precision": 1e-05, "recall": 1e-05, "f-measure": 1e-05}, "n1.wav": {"precision": 0.3333333333333333, "recall": 0.1111111111111111, "f-measure": 0.16666666666666666}, "a1.wav": {"precision": 0.5277777777777778, "recall": 0.8636363636363636, "f-measure": 0.6551724137931034}}}