{"team_name": "PKU_ADSP", "set_name": "VAL", "report_date": "10042021_18_05_59", "overall_scores": {"precision": 0.0023122991190140355, "recall": 0.5128205128205128, "fmeasure (percentage)": 0.46}, "scores_per_subset": {"PB": {"precision": 0.003057542958478567, "recall": 0.43478260869565216, "f-measure": 0.006072382803011902}, "HV": {"precision": 0.0018591507399419946, "recall": 0.625, "f-measure": 0.003707273670942389}}, "scores_per_audiofile": {"BUK5_20161101_002104a.wav": {"precision": 0.01130918152194748, "recall": 0.6704545454545454, "f-measure": 0.022243166823751177}, "BUK1_20181011_001004.wav": {"precision": 0.004196314541142127, "recall": 0.7419354838709677, "f-measure": 0.008345428156748911}, "BUK1_20181013_023504.wav": {"precision": 1e-05, "recall": 1e-05, "f-measure": 1e-05}, "BUK4_20161011_000804.wav": {"precision": 0.0004973474801061008, "recall": 0.06382978723404255, "f-measure": 0.000987004441519987}, "BUK4_20171022_004304a.wav": {"precision": 0.0024498886414253897, "recall": 0.6470588235294118, "f-measure": 0.00488129576214777}, "BUK5_20180921_015906a.wav": {"precision": 0.0007220216606498195, "recall": 0.17391304347826086, "f-measure": 0.0014380729822038468}, "n1.wav": {"precision": 0.002116082224909311, "recall": 0.3888888888888889, "f-measure": 0.004209260372820205}, "a1.wav": {"precision": 0.0017753230101587927, "recall": 0.8181818181818182, "f-measure": 0.00354295837023915}}}