{"team_name": "PKU_ADSP", "set_name": "VAL", "report_date": "29042021_23_02_27", "overall_scores": {"precision": 0.5517241379310345, "recall": 0.46071428571428574, "fmeasure (percentage)": 50.213}, "scores_per_subset": {"PB": {"precision": 0.6666666666666666, "recall": 0.3739130434782609, "f-measure": 0.479108635097493}, "HV": {"precision": 0.47058823529411764, "recall": 0.6, "f-measure": 0.5274725274725275}}, "scores_per_audiofile": {"BUK5_20161101_002104a.wav": {"precision": 0.9622641509433962, "recall": 0.5795454545454546, "f-measure": 0.723404255319149}, "BUK1_20181011_001004.wav": {"precision": 0.7857142857142857, "recall": 0.7096774193548387, "f-measure": 0.7457627118644068}, "BUK1_20181013_023504.wav": {"precision": 0.14285714285714285, "recall": 0.08333333333333333, "f-measure": 0.10526315789473684}, "BUK4_20161011_000804.wav": {"precision": 0.2, "recall": 0.0425531914893617, "f-measure": 0.07017543859649122}, "BUK4_20171022_004304a.wav": {"precision": 0.5625, "recall": 0.5294117647058824, "f-measure": 0.5454545454545454}, "BUK5_20180921_015906a.wav": {"precision": 1e-05, "recall": 1e-05, "f-measure": 1e-05}, "n1.wav": {"precision": 0.23529411764705882, "recall": 0.2222222222222222, "f-measure": 0.22857142857142856}, "a1.wav": {"precision": 0.5882352941176471, "recall": 0.9090909090909091, "f-measure": 0.7142857142857143}}}