{"team_name": "PKU_ADSP", "set_name": "VAL", "report_date": "18042021_11_23_13", "overall_scores": {"precision": 0.0067425200168563, "recall": 0.4672566371681416, "fmeasure (percentage)": 1.329}, "scores_per_subset": {"PB": {"precision": 0.0035955056179775282, "recall": 0.3826086956521739, "f-measure": 0.0071240639546650475}, "HV": {"precision": 0.05405405405405406, "recall": 0.6, "f-measure": 0.09917355371900827}}, "scores_per_audiofile": {"BUK5_20161101_002104a.wav": {"precision": 0.017857142857142856, "recall": 0.6363636363636364, "f-measure": 0.034739454094292806}, "BUK1_20181011_001004.wav": {"precision": 0.003399048266485384, "recall": 0.3225806451612903, "f-measure": 0.006727211570803902}, "BUK1_20181013_023504.wav": {"precision": 0.00019527436047646945, "recall": 0.041666666666666664, "f-measure": 0.00038872691933916425}, "BUK4_20161011_000804.wav": {"precision": 0.000353045013239188, "recall": 0.0425531914893617, "f-measure": 0.0007002801120448179}, "BUK4_20171022_004304a.wav": {"precision": 0.005208333333333333, "recall": 0.7647058823529411, "f-measure": 0.010346199761241544}, "BUK5_20180921_015906a.wav": {"precision": 0.0011730205278592375, "recall": 0.2608695652173913, "f-measure": 0.0023355391202802647}, "n1.wav": {"precision": 0.0297029702970297, "recall": 0.3333333333333333, "f-measure": 0.05454545454545454}, "a1.wav": {"precision": 0.0743801652892562, "recall": 0.8181818181818182, "f-measure": 0.13636363636363635}}}