{"team_name": "PKU_ADSP", "set_name": "VAL", "report_date": "07062021_22_39_58", "overall_scores": {"precision": 0.5431988041853513, "recall": 0.4300591715976331, "fmeasure (percentage)": 48.005}, "scores_per_subset": {"PB": {"precision": 0.626984126984127, "recall": 0.34347826086956523, "f-measure": 0.4438202247191011}, "HV": {"precision": 0.4791666666666667, "recall": 0.575, "f-measure": 0.5227272727272727}}, "scores_per_audiofile": {"BUK5_20161101_002104a.wav": {"precision": 0.9795918367346939, "recall": 0.5454545454545454, "f-measure": 0.7007299270072993}, "BUK1_20181011_001004.wav": {"precision": 0.8888888888888888, "recall": 0.5161290322580645, "f-measure": 0.6530612244897959}, "BUK1_20181013_023504.wav": {"precision": 0.42857142857142855, "recall": 0.125, "f-measure": 0.1935483870967742}, "BUK4_20161011_000804.wav": {"precision": 0.13043478260869565, "recall": 0.06382978723404255, "f-measure": 0.08571428571428572}, "BUK4_20171022_004304a.wav": {"precision": 0.4, "recall": 0.35294117647058826, "f-measure": 0.375}, "BUK5_20180921_015906a.wav": {"precision": 0.21428571428571427, "recall": 0.13043478260869565, "f-measure": 0.16216216216216217}, "n1.wav": {"precision": 0.2, "recall": 0.2222222222222222, "f-measure": 0.21052631578947367}, "a1.wav": {"precision": 0.6785714285714286, "recall": 0.8636363636363636, "f-measure": 0.76}}}