{"team_name": "PKU_ADSP", "set_name": "VAL", "report_date": "11042021_00_02_14", "overall_scores": {"precision": 0.0007429617640035025, "recall": 0.07088607594936709, "fmeasure (percentage)": 0.147}, "scores_per_subset": {"PB": {"precision": 0.0027327737653718522, "recall": 0.12173913043478261, "f-measure": 0.005345551737304314}, "HV": {"precision": 0.0004299226139294927, "recall": 0.05, "f-measure": 0.0008525149190110827}}, "scores_per_audiofile": {"BUK5_20161101_002104a.wav": {"precision": 0.007323943661971831, "recall": 0.14772727272727273, "f-measure": 0.013955984970477724}, "BUK1_20181011_001004.wav": {"precision": 0.002813379180994061, "recall": 0.2903225806451613, "f-measure": 0.005572755417956657}, "BUK1_20181013_023504.wav": {"precision": 0.0007513148009015778, "recall": 0.041666666666666664, "f-measure": 0.0014760147601476014}, "BUK4_20161011_000804.wav": {"precision": 1e-05, "recall": 1e-05, "f-measure": 1e-05}, "BUK4_20171022_004304a.wav": {"precision": 0.0032310177705977385, "recall": 0.11764705882352941, "f-measure": 0.006289308176100629}, "BUK5_20180921_015906a.wav": {"precision": 0.001065340909090909, "recall": 0.13043478260869565, "f-measure": 0.0021134202183867557}, "n1.wav": {"precision": 0.0009940357852882703, "recall": 0.1111111111111111, "f-measure": 0.0019704433497536944}, "a1.wav": {"precision": 1e-05, "recall": 1e-05, "f-measure": 1e-05}}}