{"team_name": "PKU_ADSP", "set_name": "VAL", "report_date": "28042021_22_05_00", "overall_scores": {"precision": 0.637643491444661, "recall": 0.3750318471337579, "fmeasure (percentage)": 47.229}, "scores_per_subset": {"PB": {"precision": 0.6736842105263158, "recall": 0.2782608695652174, "f-measure": 0.39384615384615385}, "HV": {"precision": 0.6052631578947368, "recall": 0.575, "f-measure": 0.5897435897435898}}, "scores_per_audiofile": {"BUK5_20161101_002104a.wav": {"precision": 0.975609756097561, "recall": 0.45454545454545453, "f-measure": 0.6201550387596899}, "BUK1_20181011_001004.wav": {"precision": 0.6153846153846154, "recall": 0.25806451612903225, "f-measure": 0.36363636363636365}, "BUK1_20181013_023504.wav": {"precision": 0.4166666666666667, "recall": 0.20833333333333334, "f-measure": 0.2777777777777778}, "BUK4_20161011_000804.wav": {"precision": 0.4444444444444444, "recall": 0.0851063829787234, "f-measure": 0.14285714285714285}, "BUK4_20171022_004304a.wav": {"precision": 0.5555555555555556, "recall": 0.29411764705882354, "f-measure": 0.38461538461538464}, "BUK5_20180921_015906a.wav": {"precision": 0.18181818181818182, "recall": 0.08695652173913043, "f-measure": 0.11764705882352941}, "n1.wav": {"precision": 0.3333333333333333, "recall": 0.16666666666666666, "f-measure": 0.2222222222222222}, "a1.wav": {"precision": 0.6896551724137931, "recall": 0.9090909090909091, "f-measure": 0.7843137254901961}}}