{"team_name": "PKU_ADSP", "set_name": "VAL", "report_date": "18042021_11_23_25", "overall_scores": {"precision": 0.48636698599852624, "recall": 0.45727482678983833, "fmeasure (percentage)": 47.137}, "scores_per_subset": {"PB": {"precision": 0.4838709677419355, "recall": 0.391304347826087, "f-measure": 0.4326923076923077}, "HV": {"precision": 0.4888888888888889, "recall": 0.55, "f-measure": 0.5176470588235295}}, "scores_per_audiofile": {"BUK5_20161101_002104a.wav": {"precision": 0.9791666666666666, "recall": 0.5340909090909091, "f-measure": 0.6911764705882353}, "BUK1_20181011_001004.wav": {"precision": 0.625, "recall": 0.6451612903225806, "f-measure": 0.6349206349206349}, "BUK1_20181013_023504.wav": {"precision": 0.18181818181818182, "recall": 0.16666666666666666, "f-measure": 0.17391304347826086}, "BUK4_20161011_000804.wav": {"precision": 0.08, "recall": 0.0425531914893617, "f-measure": 0.05555555555555555}, "BUK4_20171022_004304a.wav": {"precision": 0.5217391304347826, "recall": 0.7058823529411765, "f-measure": 0.6}, "BUK5_20180921_015906a.wav": {"precision": 0.1388888888888889, "recall": 0.21739130434782608, "f-measure": 0.1694915254237288}, "n1.wav": {"precision": 0.15384615384615385, "recall": 0.1111111111111111, "f-measure": 0.12903225806451613}, "a1.wav": {"precision": 0.625, "recall": 0.9090909090909091, "f-measure": 0.7407407407407407}}}