{"team_name": "PKU_ADSP", "set_name": "VAL", "report_date": "01052021_23_29_04", "overall_scores": {"precision": 0.5447374907567167, "recall": 0.47121535181236673, "fmeasure (percentage)": 50.532}, "scores_per_subset": {"PB": {"precision": 0.6589147286821705, "recall": 0.3695652173913043, "f-measure": 0.4735376044568245}, "HV": {"precision": 0.4642857142857143, "recall": 0.65, "f-measure": 0.5416666666666666}}, "scores_per_audiofile": {"BUK5_20161101_002104a.wav": {"precision": 0.9615384615384616, "recall": 0.5681818181818182, "f-measure": 0.7142857142857143}, "BUK1_20181011_001004.wav": {"precision": 0.7857142857142857, "recall": 0.7096774193548387, "f-measure": 0.7457627118644068}, "BUK1_20181013_023504.wav": {"precision": 0.3076923076923077, "recall": 0.16666666666666666, "f-measure": 0.21621621621621623}, "BUK4_20161011_000804.wav": {"precision": 0.18181818181818182, "recall": 0.0425531914893617, "f-measure": 0.06896551724137931}, "BUK4_20171022_004304a.wav": {"precision": 0.375, "recall": 0.35294117647058826, "f-measure": 0.36363636363636365}, "BUK5_20180921_015906a.wav": {"precision": 0.1111111111111111, "recall": 0.043478260869565216, "f-measure": 0.0625}, "n1.wav": {"precision": 0.2222222222222222, "recall": 0.3333333333333333, "f-measure": 0.26666666666666666}, "a1.wav": {"precision": 0.6896551724137931, "recall": 0.9090909090909091, "f-measure": 0.7843137254901961}}}