{"team_name": "PKU_ADSP", "set_name": "VAL", "report_date": "12062021_00_09_33", "overall_scores": {"precision": 0.636094674556213, "recall": 0.427860696517413, "fmeasure (percentage)": 51.16}, "scores_per_subset": {"PB": {"precision": 0.8037383177570093, "recall": 0.3739130434782609, "f-measure": 0.5103857566765578}, "HV": {"precision": 0.5263157894736842, "recall": 0.5, "f-measure": 0.5128205128205128}}, "scores_per_audiofile": {"BUK5_20161101_002104a.wav": {"precision": 0.9629629629629629, "recall": 0.5909090909090909, "f-measure": 0.7323943661971831}, "BUK1_20181011_001004.wav": {"precision": 0.8571428571428571, "recall": 0.5806451612903226, "f-measure": 0.6923076923076923}, "BUK1_20181013_023504.wav": {"precision": 0.6666666666666666, "recall": 0.25, "f-measure": 0.36363636363636365}, "BUK4_20161011_000804.wav": {"precision": 0.3333333333333333, "recall": 0.0425531914893617, "f-measure": 0.07547169811320754}, "BUK4_20171022_004304a.wav": {"precision": 0.5, "recall": 0.47058823529411764, "f-measure": 0.48484848484848486}, "BUK5_20180921_015906a.wav": {"precision": 1e-05, "recall": 1e-05, "f-measure": 1e-05}, "n1.wav": {"precision": 0.06666666666666667, "recall": 0.05555555555555555, "f-measure": 0.06060606060606061}, "a1.wav": {"precision": 0.8260869565217391, "recall": 0.8636363636363636, "f-measure": 0.8444444444444444}}}