{"team_name": "PKU_ADSP", "set_name": "VAL", "report_date": "18072021_16_49_42", "overall_scores": {"precision": 0.16800298340481074, "recall": 0.5976782752902156, "fmeasure (percentage)": 26.228}, "scores_per_subset": {"PB": {"precision": 0.106, "recall": 0.4608695652173913, "f-measure": 0.17235772357723578}, "HV": {"precision": 0.40476190476190477, "recall": 0.85, "f-measure": 0.5483870967741935}}, "scores_per_audiofile": {"BUK5_20161101_002104a.wav": {"precision": 0.7647058823529411, "recall": 0.7386363636363636, "f-measure": 0.7514450867052023}, "BUK1_20181011_001004.wav": {"precision": 0.03067484662576687, "recall": 0.8064516129032258, "f-measure": 0.0591016548463357}, "BUK1_20181013_023504.wav": {"precision": 0.06666666666666667, "recall": 0.08333333333333333, "f-measure": 0.07407407407407407}, "BUK4_20161011_000804.wav": {"precision": 0.02857142857142857, "recall": 0.02127659574468085, "f-measure": 0.024390243902439025}, "BUK4_20171022_004304a.wav": {"precision": 0.5, "recall": 0.5882352941176471, "f-measure": 0.5405405405405406}, "BUK5_20180921_015906a.wav": {"precision": 0.2, "recall": 0.13043478260869565, "f-measure": 0.15789473684210525}, "n1.wav": {"precision": 0.2692307692307692, "recall": 0.7777777777777778, "f-measure": 0.4}, "a1.wav": {"precision": 0.625, "recall": 0.9090909090909091, "f-measure": 0.7407407407407407}}}