{"team_name": "PKU_ADSP", "set_name": "VAL", "report_date": "03052021_15_47_42", "overall_scores": {"precision": 0.30734292202876606, "recall": 0.45805128205128204, "fmeasure (percentage)": 36.786}, "scores_per_subset": {"PB": {"precision": 0.5833333333333334, "recall": 0.3347826086956522, "f-measure": 0.425414364640884}, "HV": {"precision": 0.20863309352517986, "recall": 0.725, "f-measure": 0.3240223463687151}}, "scores_per_audiofile": {"BUK5_20161101_002104a.wav": {"precision": 0.84375, "recall": 0.6136363636363636, "f-measure": 0.7105263157894737}, "BUK1_20181011_001004.wav": {"precision": 0.7222222222222222, "recall": 0.41935483870967744, "f-measure": 0.5306122448979592}, "BUK1_20181013_023504.wav": {"precision": 0.16666666666666666, "recall": 0.08333333333333333, "f-measure": 0.1111111111111111}, "BUK4_20161011_000804.wav": {"precision": 0.08333333333333333, "recall": 0.02127659574468085, "f-measure": 0.03389830508474576}, "BUK4_20171022_004304a.wav": {"precision": 0.3157894736842105, "recall": 0.35294117647058826, "f-measure": 0.3333333333333333}, "BUK5_20180921_015906a.wav": {"precision": 0.14285714285714285, "recall": 0.043478260869565216, "f-measure": 0.06666666666666667}, "n1.wav": {"precision": 0.08490566037735849, "recall": 0.5, "f-measure": 0.14516129032258066}, "a1.wav": {"precision": 0.6060606060606061, "recall": 0.9090909090909091, "f-measure": 0.7272727272727273}}}