{"team_name": "PKU_ADSP", "set_name": "VAL", "report_date": "03052021_16_24_57", "overall_scores": {"precision": 0.4880284110436476, "recall": 0.4373716632443532, "fmeasure (percentage)": 46.131}, "scores_per_subset": {"PB": {"precision": 0.6826923076923077, "recall": 0.30869565217391304, "f-measure": 0.4251497005988024}, "HV": {"precision": 0.379746835443038, "recall": 0.75, "f-measure": 0.5042016806722689}}, "scores_per_audiofile": {"BUK5_20161101_002104a.wav": {"precision": 0.9565217391304348, "recall": 0.5, "f-measure": 0.6567164179104478}, "BUK1_20181011_001004.wav": {"precision": 0.68, "recall": 0.5483870967741935, "f-measure": 0.6071428571428571}, "BUK1_20181013_023504.wav": {"precision": 0.42857142857142855, "recall": 0.125, "f-measure": 0.1935483870967742}, "BUK4_20161011_000804.wav": {"precision": 0.125, "recall": 0.02127659574468085, "f-measure": 0.03636363636363636}, "BUK4_20171022_004304a.wav": {"precision": 0.42857142857142855, "recall": 0.35294117647058826, "f-measure": 0.3870967741935484}, "BUK5_20180921_015906a.wav": {"precision": 1e-05, "recall": 1e-05, "f-measure": 1e-05}, "n1.wav": {"precision": 0.20754716981132076, "recall": 0.6111111111111112, "f-measure": 0.30985915492957744}, "a1.wav": {"precision": 0.7307692307692307, "recall": 0.8636363636363636, "f-measure": 0.7916666666666666}}}