{"team_name": "PKU_ADSP", "set_name": "VAL", "report_date": "12062021_15_17_24", "overall_scores": {"precision": 0.6829268292682926, "recall": 0.4221105527638191, "fmeasure (percentage)": 52.174}, "scores_per_subset": {"PB": {"precision": 0.7, "recall": 0.3652173913043478, "f-measure": 0.48}, "HV": {"precision": 0.6666666666666666, "recall": 0.5, "f-measure": 0.5714285714285714}}, "scores_per_audiofile": {"BUK5_20161101_002104a.wav": {"precision": 0.9464285714285714, "recall": 0.6022727272727273, "f-measure": 0.7361111111111112}, "BUK1_20181011_001004.wav": {"precision": 0.76, "recall": 0.6129032258064516, "f-measure": 0.6785714285714286}, "BUK1_20181013_023504.wav": {"precision": 0.25, "recall": 0.08333333333333333, "f-measure": 0.125}, "BUK4_20161011_000804.wav": {"precision": 0.2, "recall": 0.0425531914893617, "f-measure": 0.07017543859649122}, "BUK4_20171022_004304a.wav": {"precision": 0.42105263157894735, "recall": 0.47058823529411764, "f-measure": 0.4444444444444444}, "BUK5_20180921_015906a.wav": {"precision": 1e-05, "recall": 1e-05, "f-measure": 1e-05}, "n1.wav": {"precision": 0.16666666666666666, "recall": 0.05555555555555555, "f-measure": 0.08333333333333333}, "a1.wav": {"precision": 0.7916666666666666, "recall": 0.8636363636363636, "f-measure": 0.8260869565217391}}}