{"team_name": "PKU_ADSP", "set_name": "VAL", "report_date": "12042021_17_50_10", "overall_scores": {"precision": 0.009895260690932238, "recall": 0.1905292479108635, "fmeasure (percentage)": 1.881}, "scores_per_subset": {"PB": {"precision": 0.005266075388026608, "recall": 0.16521739130434782, "f-measure": 0.0102068224550094}, "HV": {"precision": 0.08181818181818182, "recall": 0.225, "f-measure": 0.12}}, "scores_per_audiofile": {"BUK5_20161101_002104a.wav": {"precision": 0.038834951456310676, "recall": 0.22727272727272727, "f-measure": 0.06633499170812604}, "BUK1_20181011_001004.wav": {"precision": 0.005474452554744526, "recall": 0.0967741935483871, "f-measure": 0.010362694300518135}, "BUK1_20181013_023504.wav": {"precision": 0.0017371163867979154, "recall": 0.125, "f-measure": 0.0034266133637921186}, "BUK4_20161011_000804.wav": {"precision": 0.0014609203798392988, "recall": 0.0425531914893617, "f-measure": 0.002824858757062147}, "BUK4_20171022_004304a.wav": {"precision": 0.026217228464419477, "recall": 0.4117647058823529, "f-measure": 0.04929577464788732}, "BUK5_20180921_015906a.wav": {"precision": 0.001075268817204301, "recall": 0.13043478260869565, "f-measure": 0.002132954141485958}, "n1.wav": {"precision": 0.011111111111111112, "recall": 0.05555555555555555, "f-measure": 0.018518518518518517}, "a1.wav": {"precision": 0.4, "recall": 0.36363636363636365, "f-measure": 0.38095238095238093}}}