{"team_name": "PKU_ADSP", "set_name": "VAL", "report_date": "11042021_17_18_37", "overall_scores": {"precision": 0.01688404879490102, "recall": 0.0645682001614205, "fmeasure (percentage)": 2.677}, "scores_per_subset": {"PB": {"precision": 0.041025641025641026, "recall": 0.03404255319148936, "f-measure": 0.037209302325581395}, "HV": {"precision": 0.010629251700680272, "recall": 0.625, "f-measure": 0.020903010033444816}}, "scores_per_audiofile": {"BUK5_20161101_002104a.wav": {"precision": 1e-05, "recall": 1e-05, "f-measure": 1e-05}, "BUK1_20181011_001004.wav": {"precision": 0.041666666666666664, "recall": 0.12903225806451613, "f-measure": 0.06299212598425197}, "BUK1_20181013_023504.wav": {"precision": 0.045454545454545456, "recall": 0.16666666666666666, "f-measure": 0.07142857142857142}, "BUK4_20161011_000804.wav": {"precision": 1e-05, "recall": 1e-05, "f-measure": 1e-05}, "BUK4_20171022_004304a.wav": {"precision": 1e-05, "recall": 1e-05, "f-measure": 1e-05}, "BUK5_20180921_015906a.wav": {"precision": 1e-05, "recall": 1e-05, "f-measure": 1e-05}, "n1.wav": {"precision": 0.005361930294906166, "recall": 0.6666666666666666, "f-measure": 0.010638297872340425}, "a1.wav": {"precision": 0.11403508771929824, "recall": 0.5909090909090909, "f-measure": 0.19117647058823528}}}