{"team_name": "PKU_ADSP", "set_name": "VAL", "report_date": "12042021_18_13_12", "overall_scores": {"precision": 0.01518100428182172, "recall": 0.4512396694214876, "fmeasure (percentage)": 2.937}, "scores_per_subset": {"PB": {"precision": 0.008096805765637512, "recall": 0.39565217391304347, "f-measure": 0.015868863893975065}, "HV": {"precision": 0.12138728323699421, "recall": 0.525, "f-measure": 0.19718309859154928}}, "scores_per_audiofile": {"BUK5_20161101_002104a.wav": {"precision": 0.04838709677419355, "recall": 0.6136363636363636, "f-measure": 0.08970099667774087}, "BUK1_20181011_001004.wav": {"precision": 0.015711645101663587, "recall": 0.5483870967741935, "f-measure": 0.030548068283917342}, "BUK1_20181013_023504.wav": {"precision": 1e-05, "recall": 1e-05, "f-measure": 1e-05}, "BUK4_20161011_000804.wav": {"precision": 0.0011750881316098707, "recall": 0.06382978723404255, "f-measure": 0.002307692307692308}, "BUK4_20171022_004304a.wav": {"precision": 0.01616915422885572, "recall": 0.7647058823529411, "f-measure": 0.031668696711327646}, "BUK5_20180921_015906a.wav": {"precision": 0.0012395413696932136, "recall": 0.17391304347826086, "f-measure": 0.0024615384615384616}, "n1.wav": {"precision": 1e-05, "recall": 1e-05, "f-measure": 1e-05}, "a1.wav": {"precision": 0.19444444444444445, "recall": 0.9545454545454546, "f-measure": 0.3230769230769231}}}