{"team_name": "PKU_ADSP", "set_name": "VAL", "report_date": "11042021_15_59_21", "overall_scores": {"precision": 0.009774586076201873, "recall": 0.5297297297297296, "fmeasure (percentage)": 1.919}, "scores_per_subset": {"PB": {"precision": 0.011395348837209301, "recall": 0.4260869565217391, "f-measure": 0.022197055492638732}, "HV": {"precision": 0.008557457212713936, "recall": 0.7, "f-measure": 0.016908212560386472}}, "scores_per_audiofile": {"BUK5_20161101_002104a.wav": {"precision": 0.032388663967611336, "recall": 0.5454545454545454, "f-measure": 0.061146496815286625}, "BUK1_20181011_001004.wav": {"precision": 0.008428860418071477, "recall": 0.8064516129032258, "f-measure": 0.01668335001668335}, "BUK1_20181013_023504.wav": {"precision": 0.005, "recall": 0.16666666666666666, "f-measure": 0.009708737864077669}, "BUK4_20161011_000804.wav": {"precision": 0.005387931034482759, "recall": 0.10638297872340426, "f-measure": 0.010256410256410256}, "BUK4_20171022_004304a.wav": {"precision": 0.023255813953488372, "recall": 0.6470588235294118, "f-measure": 0.044897959183673466}, "BUK5_20180921_015906a.wav": {"precision": 0.0025627883136852894, "recall": 0.21739130434782608, "f-measure": 0.005065856129685917}, "n1.wav": {"precision": 0.002565042139978014, "recall": 0.3888888888888889, "f-measure": 0.005096468875136513}, "a1.wav": {"precision": 0.03867403314917127, "recall": 0.9545454545454546, "f-measure": 0.0743362831858407}}}