{"team_name": "PKU_ADSP", "set_name": "VAL", "report_date": "12062021_11_41_49", "overall_scores": {"precision": 0.6009369676320273, "recall": 0.3903181189488244, "fmeasure (percentage)": 47.325}, "scores_per_subset": {"PB": {"precision": 0.6916666666666667, "recall": 0.36086956521739133, "f-measure": 0.4742857142857143}, "HV": {"precision": 0.53125, "recall": 0.425, "f-measure": 0.4722222222222222}}, "scores_per_audiofile": {"BUK5_20161101_002104a.wav": {"precision": 0.9272727272727272, "recall": 0.5795454545454546, "f-measure": 0.7132867132867133}, "BUK1_20181011_001004.wav": {"precision": 0.7307692307692307, "recall": 0.6129032258064516, "f-measure": 0.6666666666666666}, "BUK1_20181013_023504.wav": {"precision": 0.375, "recall": 0.125, "f-measure": 0.1875}, "BUK4_20161011_000804.wav": {"precision": 0.2, "recall": 0.0425531914893617, "f-measure": 0.07017543859649122}, "BUK4_20171022_004304a.wav": {"precision": 0.42105263157894735, "recall": 0.47058823529411764, "f-measure": 0.4444444444444444}, "BUK5_20180921_015906a.wav": {"precision": 1e-05, "recall": 1e-05, "f-measure": 1e-05}, "n1.wav": {"precision": 0.15384615384615385, "recall": 0.1111111111111111, "f-measure": 0.12903225806451613}, "a1.wav": {"precision": 0.7894736842105263, "recall": 0.6818181818181818, "f-measure": 0.7317073170731707}}}