{"team_name": "PKU_ADSP", "set_name": "VAL", "report_date": "12062021_20_45_56", "overall_scores": {"precision": 0.6399548532731377, "recall": 0.42156133828996284, "fmeasure (percentage)": 50.829}, "scores_per_subset": {"PB": {"precision": 0.6639344262295082, "recall": 0.3521739130434783, "f-measure": 0.4602272727272727}, "HV": {"precision": 0.6176470588235294, "recall": 0.525, "f-measure": 0.5675675675675675}}, "scores_per_audiofile": {"BUK5_20161101_002104a.wav": {"precision": 0.9259259259259259, "recall": 0.5681818181818182, "f-measure": 0.704225352112676}, "BUK1_20181011_001004.wav": {"precision": 0.7037037037037037, "recall": 0.6129032258064516, "f-measure": 0.6551724137931034}, "BUK1_20181013_023504.wav": {"precision": 0.2, "recall": 0.08333333333333333, "f-measure": 0.11764705882352941}, "BUK4_20161011_000804.wav": {"precision": 0.2, "recall": 0.0425531914893617, "f-measure": 0.07017543859649122}, "BUK4_20171022_004304a.wav": {"precision": 0.42105263157894735, "recall": 0.47058823529411764, "f-measure": 0.4444444444444444}, "BUK5_20180921_015906a.wav": {"precision": 1e-05, "recall": 1e-05, "f-measure": 1e-05}, "n1.wav": {"precision": 0.18181818181818182, "recall": 0.1111111111111111, "f-measure": 0.13793103448275862}, "a1.wav": {"precision": 0.8260869565217391, "recall": 0.8636363636363636, "f-measure": 0.8444444444444444}}}