{"team_name": "PKU_ADSP", "set_name": "VAL", "report_date": "03052021_15_50_42", "overall_scores": {"precision": 0.6084799278304014, "recall": 0.37420249653259363, "fmeasure (percentage)": 46.341}, "scores_per_subset": {"PB": {"precision": 0.568, "recall": 0.30869565217391304, "f-measure": 0.4}, "HV": {"precision": 0.6551724137931034, "recall": 0.475, "f-measure": 0.5507246376811594}}, "scores_per_audiofile": {"BUK5_20161101_002104a.wav": {"precision": 0.8867924528301887, "recall": 0.5340909090909091, "f-measure": 0.6666666666666666}, "BUK1_20181011_001004.wav": {"precision": 0.7368421052631579, "recall": 0.45161290322580644, "f-measure": 0.56}, "BUK1_20181013_023504.wav": {"precision": 0.15384615384615385, "recall": 0.08333333333333333, "f-measure": 0.10810810810810811}, "BUK4_20161011_000804.wav": {"precision": 0.07142857142857142, "recall": 0.02127659574468085, "f-measure": 0.03278688524590164}, "BUK4_20171022_004304a.wav": {"precision": 0.3157894736842105, "recall": 0.35294117647058826, "f-measure": 0.3333333333333333}, "BUK5_20180921_015906a.wav": {"precision": 0.14285714285714285, "recall": 0.043478260869565216, "f-measure": 0.06666666666666667}, "n1.wav": {"precision": 1e-05, "recall": 1e-05, "f-measure": 1e-05}, "a1.wav": {"precision": 0.7307692307692307, "recall": 0.8636363636363636, "f-measure": 0.7916666666666666}}}