{"team_name": "PKU_ADSP", "set_name": "VAL", "report_date": "12062021_09_58_38", "overall_scores": {"precision": 0.6070152646963299, "recall": 0.44553039332538735, "fmeasure (percentage)": 51.389}, "scores_per_subset": {"PB": {"precision": 0.8018018018018018, "recall": 0.3869565217391304, "f-measure": 0.5219941348973607}, "HV": {"precision": 0.4883720930232558, "recall": 0.525, "f-measure": 0.5060240963855421}}, "scores_per_audiofile": {"BUK5_20161101_002104a.wav": {"precision": 0.9649122807017544, "recall": 0.625, "f-measure": 0.7586206896551724}, "BUK1_20181011_001004.wav": {"precision": 0.8571428571428571, "recall": 0.5806451612903226, "f-measure": 0.6923076923076923}, "BUK1_20181013_023504.wav": {"precision": 0.6666666666666666, "recall": 0.25, "f-measure": 0.36363636363636365}, "BUK4_20161011_000804.wav": {"precision": 0.3333333333333333, "recall": 0.0425531914893617, "f-measure": 0.07547169811320754}, "BUK4_20171022_004304a.wav": {"precision": 0.5, "recall": 0.47058823529411764, "f-measure": 0.48484848484848486}, "BUK5_20180921_015906a.wav": {"precision": 1e-05, "recall": 1e-05, "f-measure": 1e-05}, "n1.wav": {"precision": 0.1111111111111111, "recall": 0.1111111111111111, "f-measure": 0.1111111111111111}, "a1.wav": {"precision": 0.76, "recall": 0.8636363636363636, "f-measure": 0.8085106382978723}}}