{"team_name": "PKU_ADSP", "set_name": "VAL", "report_date": "04052021_15_35_38", "overall_scores": {"precision": 0.43890274314214467, "recall": 0.4672566371681416, "fmeasure (percentage)": 45.264}, "scores_per_subset": {"PB": {"precision": 0.4583333333333333, "recall": 0.3826086956521739, "f-measure": 0.41706161137440756}, "HV": {"precision": 0.42105263157894735, "recall": 0.6, "f-measure": 0.4948453608247423}}, "scores_per_audiofile": {"BUK5_20161101_002104a.wav": {"precision": 0.9661016949152542, "recall": 0.6477272727272727, "f-measure": 0.7755102040816326}, "BUK1_20181011_001004.wav": {"precision": 0.6521739130434783, "recall": 0.4838709677419355, "f-measure": 0.5555555555555556}, "BUK1_20181013_023504.wav": {"precision": 0.0625, "recall": 0.041666666666666664, "f-measure": 0.05}, "BUK4_20161011_000804.wav": {"precision": 0.05555555555555555, "recall": 0.02127659574468085, "f-measure": 0.03076923076923077}, "BUK4_20171022_004304a.wav": {"precision": 0.5, "recall": 0.5882352941176471, "f-measure": 0.5405405405405406}, "BUK5_20180921_015906a.wav": {"precision": 0.07142857142857142, "recall": 0.17391304347826086, "f-measure": 0.10126582278481013}, "n1.wav": {"precision": 0.19047619047619047, "recall": 0.2222222222222222, "f-measure": 0.20512820512820512}, "a1.wav": {"precision": 0.5555555555555556, "recall": 0.9090909090909091, "f-measure": 0.6896551724137931}}}