{"team_name": "PKU_ADSP", "set_name": "VAL", "report_date": "12062021_22_58_19", "overall_scores": {"precision": 0.6397306397306397, "recall": 0.4291091593475534, "fmeasure (percentage)": 51.367}, "scores_per_subset": {"PB": {"precision": 0.625, "recall": 0.391304347826087, "f-measure": 0.48128342245989303}, "HV": {"precision": 0.6551724137931034, "recall": 0.475, "f-measure": 0.5507246376811594}}, "scores_per_audiofile": {"BUK5_20161101_002104a.wav": {"precision": 0.8636363636363636, "recall": 0.6477272727272727, "f-measure": 0.7402597402597403}, "BUK1_20181011_001004.wav": {"precision": 0.7037037037037037, "recall": 0.6129032258064516, "f-measure": 0.6551724137931034}, "BUK1_20181013_023504.wav": {"precision": 0.3333333333333333, "recall": 0.16666666666666666, "f-measure": 0.2222222222222222}, "BUK4_20161011_000804.wav": {"precision": 0.058823529411764705, "recall": 0.02127659574468085, "f-measure": 0.03125}, "BUK4_20171022_004304a.wav": {"precision": 0.42857142857142855, "recall": 0.5294117647058824, "f-measure": 0.47368421052631576}, "BUK5_20180921_015906a.wav": {"precision": 1e-05, "recall": 1e-05, "f-measure": 1e-05}, "n1.wav": {"precision": 0.25, "recall": 0.05555555555555555, "f-measure": 0.09090909090909091}, "a1.wav": {"precision": 0.72, "recall": 0.8181818181818182, "f-measure": 0.7659574468085106}}}