{"team_name": "PKU_ADSP", "set_name": "VAL", "report_date": "03052021_16_02_37", "overall_scores": {"precision": 0.42338475814870663, "recall": 0.4209919261822375, "fmeasure (percentage)": 42.218}, "scores_per_subset": {"PB": {"precision": 0.6083333333333333, "recall": 0.3173913043478261, "f-measure": 0.41714285714285715}, "HV": {"precision": 0.3246753246753247, "recall": 0.625, "f-measure": 0.42735042735042733}}, "scores_per_audiofile": {"BUK5_20161101_002104a.wav": {"precision": 0.9245283018867925, "recall": 0.5568181818181818, "f-measure": 0.6950354609929078}, "BUK1_20181011_001004.wav": {"precision": 0.7, "recall": 0.45161290322580644, "f-measure": 0.5490196078431373}, "BUK1_20181013_023504.wav": {"precision": 0.2, "recall": 0.08333333333333333, "f-measure": 0.11764705882352941}, "BUK4_20161011_000804.wav": {"precision": 0.08333333333333333, "recall": 0.02127659574468085, "f-measure": 0.03389830508474576}, "BUK4_20171022_004304a.wav": {"precision": 0.3333333333333333, "recall": 0.35294117647058826, "f-measure": 0.34285714285714286}, "BUK5_20180921_015906a.wav": {"precision": 0.14285714285714285, "recall": 0.043478260869565216, "f-measure": 0.06666666666666667}, "n1.wav": {"precision": 0.13953488372093023, "recall": 0.3333333333333333, "f-measure": 0.19672131147540983}, "a1.wav": {"precision": 0.5588235294117647, "recall": 0.8636363636363636, "f-measure": 0.6785714285714286}}}