{"team_name": "PKU_ADSP", "set_name": "VAL", "report_date": "07062021_22_43_50", "overall_scores": {"precision": 0.48164026095060575, "recall": 0.36445698166431595, "fmeasure (percentage)": 41.493}, "scores_per_subset": {"PB": {"precision": 0.6355140186915887, "recall": 0.2956521739130435, "f-measure": 0.4035608308605341}, "HV": {"precision": 0.3877551020408163, "recall": 0.475, "f-measure": 0.42696629213483145}}, "scores_per_audiofile": {"BUK5_20161101_002104a.wav": {"precision": 0.9772727272727273, "recall": 0.48863636363636365, "f-measure": 0.6515151515151515}, "BUK1_20181011_001004.wav": {"precision": 0.625, "recall": 0.4838709677419355, "f-measure": 0.5454545454545454}, "BUK1_20181013_023504.wav": {"precision": 0.5, "recall": 0.08333333333333333, "f-measure": 0.14285714285714285}, "BUK4_20161011_000804.wav": {"precision": 0.125, "recall": 0.0425531914893617, "f-measure": 0.06349206349206349}, "BUK4_20171022_004304a.wav": {"precision": 0.42857142857142855, "recall": 0.35294117647058826, "f-measure": 0.3870967741935484}, "BUK5_20180921_015906a.wav": {"precision": 1e-05, "recall": 1e-05, "f-measure": 1e-05}, "n1.wav": {"precision": 0.03571428571428571, "recall": 0.05555555555555555, "f-measure": 0.043478260869565216}, "a1.wav": {"precision": 0.8571428571428571, "recall": 0.8181818181818182, "f-measure": 0.8372093023255814}}}