{"team_name": "PKU_ADSP", "set_name": "VAL", "report_date": "01052021_23_25_44", "overall_scores": {"precision": 0.6036254905625117, "recall": 0.41570141570141567, "fmeasure (percentage)": 49.234}, "scores_per_subset": {"PB": {"precision": 0.6343283582089553, "recall": 0.3695652173913043, "f-measure": 0.46703296703296704}, "HV": {"precision": 0.5757575757575758, "recall": 0.475, "f-measure": 0.5205479452054794}}, "scores_per_audiofile": {"BUK5_20161101_002104a.wav": {"precision": 0.9473684210526315, "recall": 0.6136363636363636, "f-measure": 0.7448275862068966}, "BUK1_20181011_001004.wav": {"precision": 0.7307692307692307, "recall": 0.6129032258064516, "f-measure": 0.6666666666666666}, "BUK1_20181013_023504.wav": {"precision": 0.23076923076923078, "recall": 0.125, "f-measure": 0.16216216216216217}, "BUK4_20161011_000804.wav": {"precision": 0.16666666666666666, "recall": 0.0425531914893617, "f-measure": 0.06779661016949153}, "BUK4_20171022_004304a.wav": {"precision": 0.375, "recall": 0.35294117647058826, "f-measure": 0.36363636363636365}, "BUK5_20180921_015906a.wav": {"precision": 0.1, "recall": 0.043478260869565216, "f-measure": 0.06060606060606061}, "n1.wav": {"precision": 1e-05, "recall": 1e-05, "f-measure": 1e-05}, "a1.wav": {"precision": 0.7037037037037037, "recall": 0.8636363636363636, "f-measure": 0.7755102040816326}}}