{"team_name": "PKU_ADSP", "set_name": "VAL", "report_date": "17042021_10_45_03", "overall_scores": {"precision": 0.49082858950031616, "recall": 0.49531914893617024, "fmeasure (percentage)": 49.306}, "scores_per_subset": {"PB": {"precision": 0.5480225988700564, "recall": 0.4217391304347826, "f-measure": 0.47665847665847666}, "HV": {"precision": 0.4444444444444444, "recall": 0.6, "f-measure": 0.5106382978723404}}, "scores_per_audiofile": {"BUK5_20161101_002104a.wav": {"precision": 0.9264705882352942, "recall": 0.7159090909090909, "f-measure": 0.8076923076923077}, "BUK1_20181011_001004.wav": {"precision": 0.6111111111111112, "recall": 0.7096774193548387, "f-measure": 0.6567164179104478}, "BUK1_20181013_023504.wav": {"precision": 0.11764705882352941, "recall": 0.08333333333333333, "f-measure": 0.0975609756097561}, "BUK4_20161011_000804.wav": {"precision": 0.041666666666666664, "recall": 0.02127659574468085, "f-measure": 0.028169014084507043}, "BUK4_20171022_004304a.wav": {"precision": 0.5, "recall": 0.5294117647058824, "f-measure": 0.5142857142857142}, "BUK5_20180921_015906a.wav": {"precision": 1e-05, "recall": 1e-05, "f-measure": 1e-05}, "n1.wav": {"precision": 0.16666666666666666, "recall": 0.2222222222222222, "f-measure": 0.19047619047619047}, "a1.wav": {"precision": 0.6666666666666666, "recall": 0.9090909090909091, "f-measure": 0.7692307692307693}}}