{"team_name": "PKU_ADSP", "set_name": "VAL", "report_date": "08062021_00_21_04", "overall_scores": {"precision": 0.23222060957910018, "recall": 0.446927374301676, "fmeasure (percentage)": 30.564}, "scores_per_subset": {"PB": {"precision": 0.7079646017699115, "recall": 0.34782608695652173, "f-measure": 0.46647230320699706}, "HV": {"precision": 0.1388888888888889, "recall": 0.625, "f-measure": 0.22727272727272727}}, "scores_per_audiofile": {"BUK5_20161101_002104a.wav": {"precision": 0.9166666666666666, "recall": 0.625, "f-measure": 0.7432432432432432}, "BUK1_20181011_001004.wav": {"precision": 0.7368421052631579, "recall": 0.45161290322580644, "f-measure": 0.56}, "BUK1_20181013_023504.wav": {"precision": 0.42857142857142855, "recall": 0.125, "f-measure": 0.1935483870967742}, "BUK4_20161011_000804.wav": {"precision": 0.2, "recall": 0.0425531914893617, "f-measure": 0.07017543859649122}, "BUK4_20171022_004304a.wav": {"precision": 0.4, "recall": 0.35294117647058826, "f-measure": 0.375}, "BUK5_20180921_015906a.wav": {"precision": 1e-05, "recall": 1e-05, "f-measure": 1e-05}, "n1.wav": {"precision": 0.03870967741935484, "recall": 0.3333333333333333, "f-measure": 0.06936416184971098}, "a1.wav": {"precision": 0.76, "recall": 0.8636363636363636, "f-measure": 0.8085106382978723}}}