{"team_name": "PKU_ADSP", "set_name": "VAL", "report_date": "13042021_17_24_49", "overall_scores": {"precision": 0.24974169741697413, "recall": 0.28106312292358804, "fmeasure (percentage)": 26.448}, "scores_per_subset": {"PB": {"precision": 0.24607329842931938, "recall": 0.20434782608695654, "f-measure": 0.22327790973871733}, "HV": {"precision": 0.2535211267605634, "recall": 0.45, "f-measure": 0.32432432432432434}}, "scores_per_audiofile": {"BUK5_20161101_002104a.wav": {"precision": 0.4794520547945205, "recall": 0.3977272727272727, "f-measure": 0.43478260869565216}, "BUK1_20181011_001004.wav": {"precision": 0.1, "recall": 0.06451612903225806, "f-measure": 0.0784313725490196}, "BUK1_20181013_023504.wav": {"precision": 0.07692307692307693, "recall": 0.16666666666666666, "f-measure": 0.10526315789473684}, "BUK4_20161011_000804.wav": {"precision": 1e-05, "recall": 1e-05, "f-measure": 1e-05}, "BUK4_20171022_004304a.wav": {"precision": 0.6, "recall": 0.35294117647058826, "f-measure": 0.4444444444444444}, "BUK5_20180921_015906a.wav": {"precision": 1e-05, "recall": 1e-05, "f-measure": 1e-05}, "n1.wav": {"precision": 1e-05, "recall": 1e-05, "f-measure": 1e-05}, "a1.wav": {"precision": 0.5806451612903226, "recall": 0.8181818181818182, "f-measure": 0.6792452830188679}}}