{"team_name": "PKU_ADSP", "set_name": "VAL", "report_date": "12042021_00_00_41", "overall_scores": {"precision": 0.012878245066265545, "recall": 0.35477124183006536, "fmeasure (percentage)": 2.485}, "scores_per_subset": {"PB": {"precision": 0.03281423804226919, "recall": 0.2565217391304348, "f-measure": 0.05818540433925049}, "HV": {"precision": 0.008011145942180425, "recall": 0.575, "f-measure": 0.01580212985228444}}, "scores_per_audiofile": {"BUK5_20161101_002104a.wav": {"precision": 0.056296296296296296, "recall": 0.4318181818181818, "f-measure": 0.09960681520314547}, "BUK1_20181011_001004.wav": {"precision": 0.018475750577367205, "recall": 0.25806451612903225, "f-measure": 0.034482758620689655}, "BUK1_20181013_023504.wav": {"precision": 0.018518518518518517, "recall": 0.08333333333333333, "f-measure": 0.030303030303030304}, "BUK4_20161011_000804.wav": {"precision": 0.020202020202020204, "recall": 0.0425531914893617, "f-measure": 0.0273972602739726}, "BUK4_20171022_004304a.wav": {"precision": 0.023746701846965697, "recall": 0.5294117647058824, "f-measure": 0.045454545454545456}, "BUK5_20180921_015906a.wav": {"precision": 1e-05, "recall": 1e-05, "f-measure": 1e-05}, "n1.wav": {"precision": 0.0005307855626326964, "recall": 0.05555555555555555, "f-measure": 0.0010515247108307045}, "a1.wav": {"precision": 0.022289766970618033, "recall": 1.0, "f-measure": 0.04360753221010902}}}