{"team_name": "PKU_ADSP", "set_name": "VAL", "report_date": "13042021_17_15_59", "overall_scores": {"precision": 0.2893197907048322, "recall": 0.29012345679012347, "fmeasure (percentage)": 28.972}, "scores_per_subset": {"PB": {"precision": 0.19183673469387755, "recall": 0.20434782608695654, "f-measure": 0.19789473684210526}, "HV": {"precision": 0.5882352941176471, "recall": 0.5, "f-measure": 0.5405405405405406}}, "scores_per_audiofile": {"BUK5_20161101_002104a.wav": {"precision": 0.4861111111111111, "recall": 0.3977272727272727, "f-measure": 0.4375}, "BUK1_20181011_001004.wav": {"precision": 1e-05, "recall": 1e-05, "f-measure": 1e-05}, "BUK1_20181013_023504.wav": {"precision": 0.05128205128205128, "recall": 0.25, "f-measure": 0.0851063829787234}, "BUK4_20161011_000804.wav": {"precision": 1e-05, "recall": 1e-05, "f-measure": 1e-05}, "BUK4_20171022_004304a.wav": {"precision": 0.6, "recall": 0.35294117647058826, "f-measure": 0.4444444444444444}, "BUK5_20180921_015906a.wav": {"precision": 1e-05, "recall": 1e-05, "f-measure": 1e-05}, "n1.wav": {"precision": 0.3333333333333333, "recall": 0.05555555555555555, "f-measure": 0.09523809523809523}, "a1.wav": {"precision": 0.6129032258064516, "recall": 0.8636363636363636, "f-measure": 0.7169811320754716}}}