{"team_name": "PKU_ADSP", "set_name": "VAL", "report_date": "11042021_15_37_02", "overall_scores": {"precision": 0.01634258224506955, "recall": 0.5191885038038885, "fmeasure (percentage)": 3.169}, "scores_per_subset": {"PB": {"precision": 0.018370960602036298, "recall": 0.36086956521739133, "f-measure": 0.03496208930075821}, "HV": {"precision": 0.0147175815433572, "recall": 0.925, "f-measure": 0.028974158183241974}}, "scores_per_audiofile": {"BUK5_20161101_002104a.wav": {"precision": 0.06976744186046512, "recall": 0.5113636363636364, "f-measure": 0.12278308321964529}, "BUK1_20181011_001004.wav": {"precision": 0.007936507936507936, "recall": 0.7741935483870968, "f-measure": 0.015711947626841243}, "BUK1_20181013_023504.wav": {"precision": 0.01639344262295082, "recall": 0.16666666666666666, "f-measure": 0.029850746268656716}, "BUK4_20161011_000804.wav": {"precision": 0.08695652173913043, "recall": 0.0425531914893617, "f-measure": 0.05714285714285714}, "BUK4_20171022_004304a.wav": {"precision": 0.08888888888888889, "recall": 0.47058823529411764, "f-measure": 0.14953271028037382}, "BUK5_20180921_015906a.wav": {"precision": 1e-05, "recall": 1e-05, "f-measure": 1e-05}, "n1.wav": {"precision": 0.006824385805277525, "recall": 0.8333333333333334, "f-measure": 0.013537906137184115}, "a1.wav": {"precision": 0.06962025316455696, "recall": 1.0, "f-measure": 0.1301775147928994}}}