{"team_name": "PKU_ADSP", "set_name": "VAL", "report_date": "21042021_16_24_42", "overall_scores": {"precision": 0.2899847004825232, "recall": 0.4720306513409962, "fmeasure (percentage)": 35.926}, "scores_per_subset": {"PB": {"precision": 0.6311475409836066, "recall": 0.3347826086956522, "f-measure": 0.4375}, "HV": {"precision": 0.18823529411764706, "recall": 0.8, "f-measure": 0.3047619047619048}}, "scores_per_audiofile": {"BUK5_20161101_002104a.wav": {"precision": 0.9444444444444444, "recall": 0.5795454545454546, "f-measure": 0.7183098591549296}, "BUK1_20181011_001004.wav": {"precision": 0.6538461538461539, "recall": 0.5483870967741935, "f-measure": 0.5964912280701754}, "BUK1_20181013_023504.wav": {"precision": 0.1, "recall": 0.041666666666666664, "f-measure": 0.058823529411764705}, "BUK4_20161011_000804.wav": {"precision": 1e-05, "recall": 1e-05, "f-measure": 1e-05}, "BUK4_20171022_004304a.wav": {"precision": 0.38095238095238093, "recall": 0.47058823529411764, "f-measure": 0.42105263157894735}, "BUK5_20180921_015906a.wav": {"precision": 1e-05, "recall": 1e-05, "f-measure": 1e-05}, "n1.wav": {"precision": 0.08888888888888889, "recall": 0.6666666666666666, "f-measure": 0.1568627450980392}, "a1.wav": {"precision": 0.5714285714285714, "recall": 0.9090909090909091, "f-measure": 0.7017543859649122}}}