{"team_name": "PKU_ADSP", "set_name": "VAL", "report_date": "13042021_18_21_03", "overall_scores": {"precision": 0.6489675516224188, "recall": 0.07248764415156507, "fmeasure (percentage)": 13.041}, "scores_per_subset": {"PB": {"precision": 0.5263157894736842, "recall": 0.0425531914893617, "f-measure": 0.07874015748031496}, "HV": {"precision": 0.8461538461538461, "recall": 0.24444444444444444, "f-measure": 0.3793103448275862}}, "scores_per_audiofile": {"BUK5_20161101_002104a.wav": {"precision": 0.75, "recall": 0.06818181818181818, "f-measure": 0.125}, "BUK1_20181011_001004.wav": {"precision": 1.0, "recall": 0.03225806451612903, "f-measure": 0.0625}, "BUK1_20181013_023504.wav": {"precision": 0.2, "recall": 0.041666666666666664, "f-measure": 0.06896551724137931}, "BUK4_20161011_000804.wav": {"precision": 1e-05, "recall": 1e-05, "f-measure": 1e-05}, "BUK4_20171022_004304a.wav": {"precision": 0.6666666666666666, "recall": 0.11764705882352941, "f-measure": 0.2}, "BUK5_20180921_015906a.wav": {"precision": 1e-05, "recall": 1e-05, "f-measure": 1e-05}, "n1.wav": {"precision": 1e-05, "recall": 1e-05, "f-measure": 1e-05}, "a1.wav": {"precision": 0.8461538461538461, "recall": 0.5, "f-measure": 0.6285714285714286}}}