{"team_name": "PKU_ADSP", "set_name": "VAL", "report_date": "04062021_10_42_23", "overall_scores": {"precision": 0.5553168635875403, "recall": 0.4689342403628118, "fmeasure (percentage)": 50.848}, "scores_per_subset": {"PB": {"precision": 0.6619718309859155, "recall": 0.40869565217391307, "f-measure": 0.5053763440860215}, "HV": {"precision": 0.4782608695652174, "recall": 0.55, "f-measure": 0.5116279069767442}}, "scores_per_audiofile": {"BUK5_20161101_002104a.wav": {"precision": 0.9384615384615385, "recall": 0.6931818181818182, "f-measure": 0.7973856209150327}, "BUK1_20181011_001004.wav": {"precision": 0.7307692307692307, "recall": 0.6129032258064516, "f-measure": 0.6666666666666666}, "BUK1_20181013_023504.wav": {"precision": 0.25, "recall": 0.125, "f-measure": 0.16666666666666666}, "BUK4_20161011_000804.wav": {"precision": 1e-05, "recall": 1e-05, "f-measure": 1e-05}, "BUK4_20171022_004304a.wav": {"precision": 0.47619047619047616, "recall": 0.5882352941176471, "f-measure": 0.5263157894736842}, "BUK5_20180921_015906a.wav": {"precision": 0.1, "recall": 0.043478260869565216, "f-measure": 0.06060606060606061}, "n1.wav": {"precision": 0.13333333333333333, "recall": 0.1111111111111111, "f-measure": 0.12121212121212122}, "a1.wav": {"precision": 0.6451612903225806, "recall": 0.9090909090909091, "f-measure": 0.7547169811320755}}}