{"team_name": "PKU_ADSP", "set_name": "VAL", "report_date": "11042021_11_10_32", "overall_scores": {"precision": 0.009347451207916324, "recall": 0.5082765335929893, "fmeasure (percentage)": 1.836}, "scores_per_subset": {"PB": {"precision": 0.010741138560687433, "recall": 0.391304347826087, "f-measure": 0.020908351724939017}, "HV": {"precision": 0.008273894436519259, "recall": 0.725, "f-measure": 0.016361071932299014}}, "scores_per_audiofile": {"BUK5_20161101_002104a.wav": {"precision": 0.030322173089071383, "recall": 0.5454545454545454, "f-measure": 0.05745062836624776}, "BUK1_20181011_001004.wav": {"precision": 0.008146639511201629, "recall": 0.6451612903225806, "f-measure": 0.016090104585679808}, "BUK1_20181013_023504.wav": {"precision": 0.0024650780608052587, "recall": 0.125, "f-measure": 0.004834810636583401}, "BUK4_20161011_000804.wav": {"precision": 0.00528169014084507, "recall": 0.06382978723404255, "f-measure": 0.00975609756097561}, "BUK4_20171022_004304a.wav": {"precision": 0.029023746701846966, "recall": 0.6470588235294118, "f-measure": 0.05555555555555555}, "BUK5_20180921_015906a.wav": {"precision": 0.0022967386311437757, "recall": 0.21739130434782608, "f-measure": 0.004545454545454545}, "n1.wav": {"precision": 0.003676470588235294, "recall": 0.5, "f-measure": 0.0072992700729927005}, "a1.wav": {"precision": 0.01892147587511826, "recall": 0.9090909090909091, "f-measure": 0.03707136237256719}}}