{"team_name": "PKU_ADSP", "set_name": "VAL", "report_date": "12042021_00_12_45", "overall_scores": {"precision": 0.01045510995255502, "recall": 0.5425706472196901, "fmeasure (percentage)": 2.051}, "scores_per_subset": {"PB": {"precision": 0.011166686053274397, "recall": 0.41739130434782606, "f-measure": 0.021751444431856802}, "HV": {"precision": 0.009828788839568801, "recall": 0.775, "f-measure": 0.019411396368190358}}, "scores_per_audiofile": {"BUK5_20161101_002104a.wav": {"precision": 0.034868421052631576, "recall": 0.6022727272727273, "f-measure": 0.06592039800995025}, "BUK1_20181011_001004.wav": {"precision": 0.00775978407557355, "recall": 0.7419354838709677, "f-measure": 0.015358931552587647}, "BUK1_20181013_023504.wav": {"precision": 0.0037688442211055275, "recall": 0.125, "f-measure": 0.007317073170731708}, "BUK4_20161011_000804.wav": {"precision": 0.0044943820224719105, "recall": 0.0851063829787234, "f-measure": 0.008537886872998933}, "BUK4_20171022_004304a.wav": {"precision": 0.023965141612200435, "recall": 0.6470588235294118, "f-measure": 0.046218487394957986}, "BUK5_20180921_015906a.wav": {"precision": 0.0010162601626016261, "recall": 0.08695652173913043, "f-measure": 0.0020090406830738324}, "n1.wav": {"precision": 0.003808073115003808, "recall": 0.5555555555555556, "f-measure": 0.007564296520423601}, "a1.wav": {"precision": 0.03977272727272727, "recall": 0.9545454545454546, "f-measure": 0.07636363636363637}}}