{"team_name": "PKU_ADSP", "set_name": "VAL", "report_date": "07062021_20_53_02", "overall_scores": {"precision": 0.5837600585223116, "recall": 0.4623406720741599, "fmeasure (percentage)": 51.6}, "scores_per_subset": {"PB": {"precision": 0.6785714285714286, "recall": 0.41304347826086957, "f-measure": 0.5135135135135135}, "HV": {"precision": 0.5121951219512195, "recall": 0.525, "f-measure": 0.5185185185185185}}, "scores_per_audiofile": {"BUK5_20161101_002104a.wav": {"precision": 0.9375, "recall": 0.6818181818181818, "f-measure": 0.7894736842105263}, "BUK1_20181011_001004.wav": {"precision": 0.7692307692307693, "recall": 0.6451612903225806, "f-measure": 0.7017543859649122}, "BUK1_20181013_023504.wav": {"precision": 0.3333333333333333, "recall": 0.16666666666666666, "f-measure": 0.2222222222222222}, "BUK4_20161011_000804.wav": {"precision": 1e-05, "recall": 1e-05, "f-measure": 1e-05}, "BUK4_20171022_004304a.wav": {"precision": 0.5263157894736842, "recall": 0.5882352941176471, "f-measure": 0.5555555555555556}, "BUK5_20180921_015906a.wav": {"precision": 0.1, "recall": 0.043478260869565216, "f-measure": 0.06060606060606061}, "n1.wav": {"precision": 0.08333333333333333, "recall": 0.05555555555555555, "f-measure": 0.06666666666666667}, "a1.wav": {"precision": 0.6896551724137931, "recall": 0.9090909090909091, "f-measure": 0.7843137254901961}}}