{"team_name": "PKU_ADSP", "set_name": "VAL", "report_date": "27042021_23_48_43", "overall_scores": {"precision": 0.5966101694915253, "recall": 0.3375342465753425, "fmeasure (percentage)": 43.115}, "scores_per_subset": {"PB": {"precision": 0.6153846153846154, "recall": 0.24347826086956523, "f-measure": 0.34890965732087226}, "HV": {"precision": 0.5789473684210527, "recall": 0.55, "f-measure": 0.5641025641025641}}, "scores_per_audiofile": {"BUK5_20161101_002104a.wav": {"precision": 0.972972972972973, "recall": 0.4090909090909091, "f-measure": 0.576}, "BUK1_20181011_001004.wav": {"precision": 0.6428571428571429, "recall": 0.2903225806451613, "f-measure": 0.4}, "BUK1_20181013_023504.wav": {"precision": 0.13333333333333333, "recall": 0.08333333333333333, "f-measure": 0.10256410256410256}, "BUK4_20161011_000804.wav": {"precision": 0.2, "recall": 0.02127659574468085, "f-measure": 0.038461538461538464}, "BUK4_20171022_004304a.wav": {"precision": 0.5454545454545454, "recall": 0.35294117647058826, "f-measure": 0.42857142857142855}, "BUK5_20180921_015906a.wav": {"precision": 0.2222222222222222, "recall": 0.08695652173913043, "f-measure": 0.125}, "n1.wav": {"precision": 0.2, "recall": 0.1111111111111111, "f-measure": 0.14285714285714285}, "a1.wav": {"precision": 0.7142857142857143, "recall": 0.9090909090909091, "f-measure": 0.8}}}