{"team_name": "PKU_ADSP", "set_name": "VAL", "report_date": "08062021_17_05_59", "overall_scores": {"precision": 0.4424333836098542, "recall": 0.4261501210653753, "fmeasure (percentage)": 43.414}, "scores_per_subset": {"PB": {"precision": 0.5063291139240507, "recall": 0.34782608695652173, "f-measure": 0.41237113402061853}, "HV": {"precision": 0.39285714285714285, "recall": 0.55, "f-measure": 0.4583333333333333}}, "scores_per_audiofile": {"BUK5_20161101_002104a.wav": {"precision": 0.618421052631579, "recall": 0.5340909090909091, "f-measure": 0.573170731707317}, "BUK1_20181011_001004.wav": {"precision": 0.7037037037037037, "recall": 0.6129032258064516, "f-measure": 0.6551724137931034}, "BUK1_20181013_023504.wav": {"precision": 0.36363636363636365, "recall": 0.16666666666666666, "f-measure": 0.22857142857142856}, "BUK4_20161011_000804.wav": {"precision": 0.11764705882352941, "recall": 0.0425531914893617, "f-measure": 0.0625}, "BUK4_20171022_004304a.wav": {"precision": 0.32, "recall": 0.47058823529411764, "f-measure": 0.38095238095238093}, "BUK5_20180921_015906a.wav": {"precision": 1e-05, "recall": 1e-05, "f-measure": 1e-05}, "n1.wav": {"precision": 0.05263157894736842, "recall": 0.05555555555555555, "f-measure": 0.05405405405405406}, "a1.wav": {"precision": 0.5675675675675675, "recall": 0.9545454545454546, "f-measure": 0.711864406779661}}}