{"team_name": "PKU_ADSP", "set_name": "VAL", "report_date": "12062021_15_53_12", "overall_scores": {"precision": 0.6349009900990099, "recall": 0.4044678055190539, "fmeasure (percentage)": 49.414}, "scores_per_subset": {"PB": {"precision": 0.6585365853658537, "recall": 0.3521739130434783, "f-measure": 0.45892351274787535}, "HV": {"precision": 0.6129032258064516, "recall": 0.475, "f-measure": 0.5352112676056338}}, "scores_per_audiofile": {"BUK5_20161101_002104a.wav": {"precision": 0.9245283018867925, "recall": 0.5568181818181818, "f-measure": 0.6950354609929078}, "BUK1_20181011_001004.wav": {"precision": 0.6666666666666666, "recall": 0.5806451612903226, "f-measure": 0.6206896551724138}, "BUK1_20181013_023504.wav": {"precision": 0.2, "recall": 0.08333333333333333, "f-measure": 0.11764705882352941}, "BUK4_20161011_000804.wav": {"precision": 0.2727272727272727, "recall": 0.06382978723404255, "f-measure": 0.10344827586206896}, "BUK4_20171022_004304a.wav": {"precision": 0.45, "recall": 0.5294117647058824, "f-measure": 0.4864864864864865}, "BUK5_20180921_015906a.wav": {"precision": 1e-05, "recall": 1e-05, "f-measure": 1e-05}, "n1.wav": {"precision": 0.2, "recall": 0.1111111111111111, "f-measure": 0.14285714285714285}, "a1.wav": {"precision": 0.8095238095238095, "recall": 0.7727272727272727, "f-measure": 0.7906976744186046}}}