{"team_name": "PKU_ADSP", "set_name": "VAL", "report_date": "17042021_11_26_18", "overall_scores": {"precision": 0.14086606543936794, "recall": 0.5446685878962536, "fmeasure (percentage)": 22.384}, "scores_per_subset": {"PB": {"precision": 0.10214007782101167, "recall": 0.45652173913043476, "f-measure": 0.1669316375198728}, "HV": {"precision": 0.226890756302521, "recall": 0.675, "f-measure": 0.33962264150943394}}, "scores_per_audiofile": {"BUK5_20161101_002104a.wav": {"precision": 0.8493150684931506, "recall": 0.7045454545454546, "f-measure": 0.7701863354037267}, "BUK1_20181011_001004.wav": {"precision": 0.031914893617021274, "recall": 0.8709677419354839, "f-measure": 0.06157354618015964}, "BUK1_20181013_023504.wav": {"precision": 0.058823529411764705, "recall": 0.08333333333333333, "f-measure": 0.06896551724137931}, "BUK4_20161011_000804.wav": {"precision": 0.029411764705882353, "recall": 0.02127659574468085, "f-measure": 0.024691358024691357}, "BUK4_20171022_004304a.wav": {"precision": 0.5416666666666666, "recall": 0.7647058823529411, "f-measure": 0.6341463414634146}, "BUK5_20180921_015906a.wav": {"precision": 1e-05, "recall": 1e-05, "f-measure": 1e-05}, "n1.wav": {"precision": 0.08235294117647059, "recall": 0.3888888888888889, "f-measure": 0.13592233009708737}, "a1.wav": {"precision": 0.5882352941176471, "recall": 0.9090909090909091, "f-measure": 0.7142857142857143}}}