{"team_name": "PKU_ADSP", "set_name": "VAL", "report_date": "11042021_16_59_26", "overall_scores": {"precision": 0.07622868605817452, "recall": 0.21013824884792626, "fmeasure (percentage)": 11.187}, "scores_per_subset": {"PB": {"precision": 0.1484375, "recall": 0.16170212765957448, "f-measure": 0.15478615071283094}, "HV": {"precision": 0.05128205128205128, "recall": 0.3, "f-measure": 0.08759124087591241}}, "scores_per_audiofile": {"BUK5_20161101_002104a.wav": {"precision": 0.20408163265306123, "recall": 0.3409090909090909, "f-measure": 0.2553191489361702}, "BUK1_20181011_001004.wav": {"precision": 1e-05, "recall": 1e-05, "f-measure": 1e-05}, "BUK1_20181013_023504.wav": {"precision": 0.1111111111111111, "recall": 0.20833333333333334, "f-measure": 0.14492753623188406}, "BUK4_20161011_000804.wav": {"precision": 1e-05, "recall": 1e-05, "f-measure": 1e-05}, "BUK4_20171022_004304a.wav": {"precision": 0.0967741935483871, "recall": 0.17647058823529413, "f-measure": 0.125}, "BUK5_20180921_015906a.wav": {"precision": 1e-05, "recall": 1e-05, "f-measure": 1e-05}, "n1.wav": {"precision": 1e-05, "recall": 1e-05, "f-measure": 1e-05}, "a1.wav": {"precision": 0.10619469026548672, "recall": 0.5454545454545454, "f-measure": 0.17777777777777778}}}