{"team_name": "PKU_ADSP", "set_name": "VAL", "report_date": "13042021_17_18_04", "overall_scores": {"precision": 0.18045112781954886, "recall": 0.3428571428571428, "fmeasure (percentage)": 23.645}, "scores_per_subset": {"PB": {"precision": 0.1088929219600726, "recall": 0.2608695652173913, "f-measure": 0.15364916773367476}, "HV": {"precision": 0.5263157894736842, "recall": 0.5, "f-measure": 0.5128205128205128}}, "scores_per_audiofile": {"BUK5_20161101_002104a.wav": {"precision": 0.5079365079365079, "recall": 0.36363636363636365, "f-measure": 0.423841059602649}, "BUK1_20181011_001004.wav": {"precision": 0.046153846153846156, "recall": 0.5806451612903226, "f-measure": 0.0855106888361045}, "BUK1_20181013_023504.wav": {"precision": 0.08163265306122448, "recall": 0.16666666666666666, "f-measure": 0.1095890410958904}, "BUK4_20161011_000804.wav": {"precision": 1e-05, "recall": 1e-05, "f-measure": 1e-05}, "BUK4_20171022_004304a.wav": {"precision": 0.46153846153846156, "recall": 0.35294117647058826, "f-measure": 0.4}, "BUK5_20180921_015906a.wav": {"precision": 1e-05, "recall": 1e-05, "f-measure": 1e-05}, "n1.wav": {"precision": 0.14285714285714285, "recall": 0.05555555555555555, "f-measure": 0.08}, "a1.wav": {"precision": 0.6129032258064516, "recall": 0.8636363636363636, "f-measure": 0.7169811320754716}}}