{"team_name": "PKU_ADSP", "set_name": "VAL", "report_date": "12062021_15_37_21", "overall_scores": {"precision": 0.6521557136877355, "recall": 0.40732026143790856, "fmeasure (percentage)": 50.145}, "scores_per_subset": {"PB": {"precision": 0.6721311475409836, "recall": 0.3565217391304348, "f-measure": 0.4659090909090909}, "HV": {"precision": 0.6333333333333333, "recall": 0.475, "f-measure": 0.5428571428571428}}, "scores_per_audiofile": {"BUK5_20161101_002104a.wav": {"precision": 0.9272727272727272, "recall": 0.5795454545454546, "f-measure": 0.7132867132867133}, "BUK1_20181011_001004.wav": {"precision": 0.7037037037037037, "recall": 0.6129032258064516, "f-measure": 0.6551724137931034}, "BUK1_20181013_023504.wav": {"precision": 0.2, "recall": 0.08333333333333333, "f-measure": 0.11764705882352941}, "BUK4_20161011_000804.wav": {"precision": 0.2, "recall": 0.0425531914893617, "f-measure": 0.07017543859649122}, "BUK4_20171022_004304a.wav": {"precision": 0.4444444444444444, "recall": 0.47058823529411764, "f-measure": 0.45714285714285713}, "BUK5_20180921_015906a.wav": {"precision": 1e-05, "recall": 1e-05, "f-measure": 1e-05}, "n1.wav": {"precision": 0.14285714285714285, "recall": 0.05555555555555555, "f-measure": 0.08}, "a1.wav": {"precision": 0.782608695652174, "recall": 0.8181818181818182, "f-measure": 0.8}}}