{"team_name": "PKU_ADSP", "set_name": "VAL", "report_date": "03062021_10_38_15", "overall_scores": {"precision": 0.6788071932620077, "recall": 0.3887874837027379, "fmeasure (percentage)": 49.44}, "scores_per_subset": {"PB": {"precision": 0.7029702970297029, "recall": 0.30869565217391304, "f-measure": 0.42900302114803623}, "HV": {"precision": 0.65625, "recall": 0.525, "f-measure": 0.5833333333333334}}, "scores_per_audiofile": {"BUK5_20161101_002104a.wav": {"precision": 0.9607843137254902, "recall": 0.5568181818181818, "f-measure": 0.7050359712230215}, "BUK1_20181011_001004.wav": {"precision": 0.8235294117647058, "recall": 0.45161290322580644, "f-measure": 0.5833333333333334}, "BUK1_20181013_023504.wav": {"precision": 0.4, "recall": 0.08333333333333333, "f-measure": 0.13793103448275862}, "BUK4_20161011_000804.wav": {"precision": 1e-05, "recall": 1e-05, "f-measure": 1e-05}, "BUK4_20171022_004304a.wav": {"precision": 0.4, "recall": 0.35294117647058826, "f-measure": 0.375}, "BUK5_20180921_015906a.wav": {"precision": 1e-05, "recall": 1e-05, "f-measure": 1e-05}, "n1.wav": {"precision": 0.5, "recall": 0.05555555555555555, "f-measure": 0.1}, "a1.wav": {"precision": 0.6666666666666666, "recall": 0.9090909090909091, "f-measure": 0.7692307692307693}}}