{"team_name": "PKU_ADSP", "set_name": "VAL", "report_date": "10062021_11_27_36", "overall_scores": {"precision": 0.41240086517664026, "recall": 0.41955990220048894, "fmeasure (percentage)": 41.595}, "scores_per_subset": {"PB": {"precision": 0.6341463414634146, "recall": 0.3391304347826087, "f-measure": 0.44192634560906513}, "HV": {"precision": 0.3055555555555556, "recall": 0.55, "f-measure": 0.39285714285714285}}, "scores_per_audiofile": {"BUK5_20161101_002104a.wav": {"precision": 0.96, "recall": 0.5454545454545454, "f-measure": 0.6956521739130435}, "BUK1_20181011_001004.wav": {"precision": 0.72, "recall": 0.5806451612903226, "f-measure": 0.6428571428571429}, "BUK1_20181013_023504.wav": {"precision": 1e-05, "recall": 1e-05, "f-measure": 1e-05}, "BUK4_20161011_000804.wav": {"precision": 0.3333333333333333, "recall": 0.06382978723404255, "f-measure": 0.10714285714285714}, "BUK4_20171022_004304a.wav": {"precision": 0.391304347826087, "recall": 0.5294117647058824, "f-measure": 0.45}, "BUK5_20180921_015906a.wav": {"precision": 1e-05, "recall": 1e-05, "f-measure": 1e-05}, "n1.wav": {"precision": 0.05128205128205128, "recall": 0.1111111111111111, "f-measure": 0.07017543859649122}, "a1.wav": {"precision": 0.6060606060606061, "recall": 0.9090909090909091, "f-measure": 0.7272727272727273}}}