{"team_name": "PKU_ADSP", "set_name": "VAL", "report_date": "13042021_17_35_39", "overall_scores": {"precision": 0.024135850357727782, "recall": 0.5651808242220353, "fmeasure (percentage)": 4.629}, "scores_per_subset": {"PB": {"precision": 0.014336917562724014, "recall": 0.41739130434782606, "f-measure": 0.027721628645682932}, "HV": {"precision": 0.07625272331154684, "recall": 0.875, "f-measure": 0.1402805611222445}}, "scores_per_audiofile": {"BUK5_20161101_002104a.wav": {"precision": 0.11612903225806452, "recall": 0.6136363636363636, "f-measure": 0.19529837251356238}, "BUK1_20181011_001004.wav": {"precision": 0.008104978772674644, "recall": 0.6774193548387096, "f-measure": 0.016018306636155607}, "BUK1_20181013_023504.wav": {"precision": 0.0039603960396039604, "recall": 0.16666666666666666, "f-measure": 0.007736943907156673}, "BUK4_20161011_000804.wav": {"precision": 0.030303030303030304, "recall": 0.0851063829787234, "f-measure": 0.0446927374301676}, "BUK4_20171022_004304a.wav": {"precision": 0.17857142857142858, "recall": 0.5882352941176471, "f-measure": 0.273972602739726}, "BUK5_20180921_015906a.wav": {"precision": 0.0012285012285012285, "recall": 0.13043478260869565, "f-measure": 0.002434077079107505}, "n1.wav": {"precision": 0.033734939759036145, "recall": 0.7777777777777778, "f-measure": 0.06466512702078522}, "a1.wav": {"precision": 0.4772727272727273, "recall": 0.9545454545454546, "f-measure": 0.6363636363636364}}}