{"team_name": "PKU_ADSP", "set_name": "VAL", "report_date": "17042021_12_07_32", "overall_scores": {"precision": 0.5127559775769363, "recall": 0.47030430220356767, "fmeasure (percentage)": 49.061}, "scores_per_subset": {"PB": {"precision": 0.6535433070866141, "recall": 0.36086956521739133, "f-measure": 0.4649859943977591}, "HV": {"precision": 0.421875, "recall": 0.675, "f-measure": 0.5192307692307693}}, "scores_per_audiofile": {"BUK5_20161101_002104a.wav": {"precision": 0.9803921568627451, "recall": 0.5681818181818182, "f-measure": 0.7194244604316546}, "BUK1_20181011_001004.wav": {"precision": 0.85, "recall": 0.5483870967741935, "f-measure": 0.6666666666666666}, "BUK1_20181013_023504.wav": {"precision": 0.21428571428571427, "recall": 0.125, "f-measure": 0.15789473684210525}, "BUK4_20161011_000804.wav": {"precision": 0.21428571428571427, "recall": 0.06382978723404255, "f-measure": 0.09836065573770492}, "BUK4_20171022_004304a.wav": {"precision": 0.42857142857142855, "recall": 0.35294117647058826, "f-measure": 0.3870967741935484}, "BUK5_20180921_015906a.wav": {"precision": 0.2857142857142857, "recall": 0.17391304347826086, "f-measure": 0.21621621621621623}, "n1.wav": {"precision": 0.21875, "recall": 0.3888888888888889, "f-measure": 0.28}, "a1.wav": {"precision": 0.625, "recall": 0.9090909090909091, "f-measure": 0.7407407407407407}}}