{"team_name": "PKU_ADSP", "set_name": "VAL", "report_date": "18072021_16_59_56", "overall_scores": {"precision": 0.5068119891008175, "recall": 0.5314285714285714, "fmeasure (percentage)": 51.883}, "scores_per_subset": {"PB": {"precision": 0.6838235294117647, "recall": 0.4043478260869565, "f-measure": 0.5081967213114754}, "HV": {"precision": 0.4025974025974026, "recall": 0.775, "f-measure": 0.5299145299145299}}, "scores_per_audiofile": {"BUK5_20161101_002104a.wav": {"precision": 0.9393939393939394, "recall": 0.7045454545454546, "f-measure": 0.8051948051948052}, "BUK1_20181011_001004.wav": {"precision": 0.7272727272727273, "recall": 0.5161290322580645, "f-measure": 0.6037735849056604}, "BUK1_20181013_023504.wav": {"precision": 0.36363636363636365, "recall": 0.16666666666666666, "f-measure": 0.22857142857142856}, "BUK4_20161011_000804.wav": {"precision": 1e-05, "recall": 1e-05, "f-measure": 1e-05}, "BUK4_20171022_004304a.wav": {"precision": 0.5, "recall": 0.5882352941176471, "f-measure": 0.5405405405405406}, "BUK5_20180921_015906a.wav": {"precision": 0.09090909090909091, "recall": 0.043478260869565216, "f-measure": 0.058823529411764705}, "n1.wav": {"precision": 0.24444444444444444, "recall": 0.6111111111111112, "f-measure": 0.3492063492063492}, "a1.wav": {"precision": 0.625, "recall": 0.9090909090909091, "f-measure": 0.7407407407407407}}}