{"team_name": "PKU_ADSP", "set_name": "VAL", "report_date": "11042021_17_21_08", "overall_scores": {"precision": 0.08025942440210783, "recall": 0.06622073578595318, "fmeasure (percentage)": 7.257}, "scores_per_subset": {"PB": {"precision": 0.07964601769911504, "recall": 0.03829787234042553, "f-measure": 0.05172413793103448}, "HV": {"precision": 0.08088235294117647, "recall": 0.24444444444444444, "f-measure": 0.12154696132596685}}, "scores_per_audiofile": {"BUK5_20161101_002104a.wav": {"precision": 0.2857142857142857, "recall": 0.06818181818181818, "f-measure": 0.11009174311926606}, "BUK1_20181011_001004.wav": {"precision": 1e-05, "recall": 1e-05, "f-measure": 1e-05}, "BUK1_20181013_023504.wav": {"precision": 0.045454545454545456, "recall": 0.08333333333333333, "f-measure": 0.058823529411764705}, "BUK4_20161011_000804.wav": {"precision": 0.022727272727272728, "recall": 0.02127659574468085, "f-measure": 0.02197802197802198}, "BUK4_20171022_004304a.wav": {"precision": 1e-05, "recall": 1e-05, "f-measure": 1e-05}, "BUK5_20180921_015906a.wav": {"precision": 1e-05, "recall": 1e-05, "f-measure": 1e-05}, "n1.wav": {"precision": 1e-05, "recall": 1e-05, "f-measure": 1e-05}, "a1.wav": {"precision": 0.08088235294117647, "recall": 0.5, "f-measure": 0.13924050632911392}}}