{"team_name": "PKU_ADSP", "set_name": "VAL", "report_date": "12062021_20_57_30", "overall_scores": {"precision": 0.6414571372005543, "recall": 0.41326530612244894, "fmeasure (percentage)": 50.268}, "scores_per_subset": {"PB": {"precision": 0.6377952755905512, "recall": 0.3521739130434783, "f-measure": 0.453781512605042}, "HV": {"precision": 0.6451612903225806, "recall": 0.5, "f-measure": 0.5633802816901409}}, "scores_per_audiofile": {"BUK5_20161101_002104a.wav": {"precision": 0.9090909090909091, "recall": 0.5681818181818182, "f-measure": 0.6993006993006993}, "BUK1_20181011_001004.wav": {"precision": 0.6333333333333333, "recall": 0.6129032258064516, "f-measure": 0.6229508196721312}, "BUK1_20181013_023504.wav": {"precision": 0.09090909090909091, "recall": 0.041666666666666664, "f-measure": 0.05714285714285714}, "BUK4_20161011_000804.wav": {"precision": 0.3, "recall": 0.06382978723404255, "f-measure": 0.10526315789473684}, "BUK4_20171022_004304a.wav": {"precision": 0.42105263157894735, "recall": 0.47058823529411764, "f-measure": 0.4444444444444444}, "BUK5_20180921_015906a.wav": {"precision": 1e-05, "recall": 1e-05, "f-measure": 1e-05}, "n1.wav": {"precision": 0.2222222222222222, "recall": 0.1111111111111111, "f-measure": 0.14814814814814814}, "a1.wav": {"precision": 0.8181818181818182, "recall": 0.8181818181818182, "f-measure": 0.8181818181818182}}}