{"team_name": "PKU_ADSP", "set_name": "VAL", "report_date": "18042021_11_55_09", "overall_scores": {"precision": 0.4982264665757163, "recall": 0.435799522673031, "fmeasure (percentage)": 46.493}, "scores_per_subset": {"PB": {"precision": 0.6058394160583942, "recall": 0.36086956521739133, "f-measure": 0.45231607629427795}, "HV": {"precision": 0.4230769230769231, "recall": 0.55, "f-measure": 0.4782608695652174}}, "scores_per_audiofile": {"BUK5_20161101_002104a.wav": {"precision": 0.9615384615384616, "recall": 0.5681818181818182, "f-measure": 0.7142857142857143}, "BUK1_20181011_001004.wav": {"precision": 0.9130434782608695, "recall": 0.6774193548387096, "f-measure": 0.7777777777777778}, "BUK1_20181013_023504.wav": {"precision": 0.058823529411764705, "recall": 0.041666666666666664, "f-measure": 0.04878048780487805}, "BUK4_20161011_000804.wav": {"precision": 0.10526315789473684, "recall": 0.0425531914893617, "f-measure": 0.06060606060606061}, "BUK4_20171022_004304a.wav": {"precision": 0.5, "recall": 0.47058823529411764, "f-measure": 0.48484848484848486}, "BUK5_20180921_015906a.wav": {"precision": 0.1, "recall": 0.043478260869565216, "f-measure": 0.06060606060606061}, "n1.wav": {"precision": 0.13636363636363635, "recall": 0.16666666666666666, "f-measure": 0.15}, "a1.wav": {"precision": 0.6333333333333333, "recall": 0.8636363636363636, "f-measure": 0.7307692307692307}}}