{"team_name": "PKU_ADSP", "set_name": "VAL", "report_date": "12062021_00_02_50", "overall_scores": {"precision": 0.4110184849583183, "recall": 0.3510835913312694, "fmeasure (percentage)": 37.869}, "scores_per_subset": {"PB": {"precision": 0.6328125, "recall": 0.3521739130434783, "f-measure": 0.45251396648044695}, "HV": {"precision": 0.30434782608695654, "recall": 0.35, "f-measure": 0.32558139534883723}}, "scores_per_audiofile": {"BUK5_20161101_002104a.wav": {"precision": 0.9423076923076923, "recall": 0.5568181818181818, "f-measure": 0.7}, "BUK1_20181011_001004.wav": {"precision": 0.6551724137931034, "recall": 0.6129032258064516, "f-measure": 0.6333333333333333}, "BUK1_20181013_023504.wav": {"precision": 0.08333333333333333, "recall": 0.041666666666666664, "f-measure": 0.05555555555555555}, "BUK4_20161011_000804.wav": {"precision": 0.2727272727272727, "recall": 0.06382978723404255, "f-measure": 0.10344827586206896}, "BUK4_20171022_004304a.wav": {"precision": 0.42857142857142855, "recall": 0.5294117647058824, "f-measure": 0.47368421052631576}, "BUK5_20180921_015906a.wav": {"precision": 1e-05, "recall": 1e-05, "f-measure": 1e-05}, "n1.wav": {"precision": 1e-05, "recall": 1e-05, "f-measure": 1e-05}, "a1.wav": {"precision": 0.875, "recall": 0.6363636363636364, "f-measure": 0.7368421052631579}}}