{"team_name": "PKU_ADSP", "set_name": "VAL", "report_date": "08062021_09_54_24", "overall_scores": {"precision": 0.4144896310261244, "recall": 0.4044678055190539, "fmeasure (percentage)": 40.942}, "scores_per_subset": {"PB": {"precision": 0.6864406779661016, "recall": 0.3521739130434783, "f-measure": 0.46551724137931033}, "HV": {"precision": 0.296875, "recall": 0.475, "f-measure": 0.36538461538461536}}, "scores_per_audiofile": {"BUK5_20161101_002104a.wav": {"precision": 0.9193548387096774, "recall": 0.6477272727272727, "f-measure": 0.76}, "BUK1_20181011_001004.wav": {"precision": 0.7222222222222222, "recall": 0.41935483870967744, "f-measure": 0.5306122448979592}, "BUK1_20181013_023504.wav": {"precision": 0.3333333333333333, "recall": 0.125, "f-measure": 0.18181818181818182}, "BUK4_20161011_000804.wav": {"precision": 0.16666666666666666, "recall": 0.0425531914893617, "f-measure": 0.06779661016949153}, "BUK4_20171022_004304a.wav": {"precision": 0.4, "recall": 0.35294117647058826, "f-measure": 0.375}, "BUK5_20180921_015906a.wav": {"precision": 1e-05, "recall": 1e-05, "f-measure": 1e-05}, "n1.wav": {"precision": 1e-05, "recall": 1e-05, "f-measure": 1e-05}, "a1.wav": {"precision": 0.76, "recall": 0.8636363636363636, "f-measure": 0.8085106382978723}}}