{"team_name": "PKU_ADSP", "set_name": "VAL", "report_date": "12042021_17_59_07", "overall_scores": {"precision": 0.02269861286254729, "recall": 0.10285714285714287, "fmeasure (percentage)": 3.719}, "scores_per_subset": {"PB": {"precision": 0.012613875262789068, "recall": 0.0782608695652174, "f-measure": 0.02172601086300543}, "HV": {"precision": 0.11320754716981132, "recall": 0.15, "f-measure": 0.12903225806451613}}, "scores_per_audiofile": {"BUK5_20161101_002104a.wav": {"precision": 0.06666666666666667, "recall": 0.056818181818181816, "f-measure": 0.06134969325153374}, "BUK1_20181011_001004.wav": {"precision": 0.03896103896103896, "recall": 0.0967741935483871, "f-measure": 0.05555555555555555}, "BUK1_20181013_023504.wav": {"precision": 1e-05, "recall": 1e-05, "f-measure": 1e-05}, "BUK4_20161011_000804.wav": {"precision": 0.01092896174863388, "recall": 0.0425531914893617, "f-measure": 0.017391304347826087}, "BUK4_20171022_004304a.wav": {"precision": 0.15789473684210525, "recall": 0.35294117647058826, "f-measure": 0.21818181818181817}, "BUK5_20180921_015906a.wav": {"precision": 0.002642007926023778, "recall": 0.08695652173913043, "f-measure": 0.005128205128205128}, "n1.wav": {"precision": 1e-05, "recall": 1e-05, "f-measure": 1e-05}, "a1.wav": {"precision": 0.42857142857142855, "recall": 0.2727272727272727, "f-measure": 0.3333333333333333}}}