{"team_name": "PKU_ADSP", "set_name": "VAL", "report_date": "02062021_23_05_08", "overall_scores": {"precision": 0.6169665809768639, "recall": 0.3850267379679144, "fmeasure (percentage)": 47.415}, "scores_per_subset": {"PB": {"precision": 0.6486486486486487, "recall": 0.3130434782608696, "f-measure": 0.4222873900293255}, "HV": {"precision": 0.5882352941176471, "recall": 0.5, "f-measure": 0.5405405405405406}}, "scores_per_audiofile": {"BUK5_20161101_002104a.wav": {"precision": 0.9777777777777777, "recall": 0.5, "f-measure": 0.6616541353383458}, "BUK1_20181011_001004.wav": {"precision": 0.75, "recall": 0.3870967741935484, "f-measure": 0.5106382978723404}, "BUK1_20181013_023504.wav": {"precision": 0.21428571428571427, "recall": 0.125, "f-measure": 0.15789473684210525}, "BUK4_20161011_000804.wav": {"precision": 0.2857142857142857, "recall": 0.0851063829787234, "f-measure": 0.13114754098360656}, "BUK4_20171022_004304a.wav": {"precision": 0.5, "recall": 0.5294117647058824, "f-measure": 0.5142857142857142}, "BUK5_20180921_015906a.wav": {"precision": 1e-05, "recall": 1e-05, "f-measure": 1e-05}, "n1.wav": {"precision": 1e-05, "recall": 1e-05, "f-measure": 1e-05}, "a1.wav": {"precision": 0.6060606060606061, "recall": 0.9090909090909091, "f-measure": 0.7272727272727273}}}