{"team_name": "PKU_ADSP", "set_name": "VAL", "report_date": "04052021_11_24_34", "overall_scores": {"precision": 0.6410859728506787, "recall": 0.42317801672640376, "fmeasure (percentage)": 50.982}, "scores_per_subset": {"PB": {"precision": 0.6814159292035398, "recall": 0.3347826086956522, "f-measure": 0.4489795918367347}, "HV": {"precision": 0.6052631578947368, "recall": 0.575, "f-measure": 0.5897435897435898}}, "scores_per_audiofile": {"BUK5_20161101_002104a.wav": {"precision": 0.9615384615384616, "recall": 0.5681818181818182, "f-measure": 0.7142857142857143}, "BUK1_20181011_001004.wav": {"precision": 0.68, "recall": 0.5483870967741935, "f-measure": 0.6071428571428571}, "BUK1_20181013_023504.wav": {"precision": 0.42857142857142855, "recall": 0.125, "f-measure": 0.1935483870967742}, "BUK4_20161011_000804.wav": {"precision": 0.1111111111111111, "recall": 0.02127659574468085, "f-measure": 0.03571428571428571}, "BUK4_20171022_004304a.wav": {"precision": 0.42857142857142855, "recall": 0.35294117647058826, "f-measure": 0.3870967741935484}, "BUK5_20180921_015906a.wav": {"precision": 1e-05, "recall": 1e-05, "f-measure": 1e-05}, "n1.wav": {"precision": 0.375, "recall": 0.16666666666666666, "f-measure": 0.23076923076923078}, "a1.wav": {"precision": 0.6666666666666666, "recall": 0.9090909090909091, "f-measure": 0.7692307692307693}}}