{"team_name": "PKU_ADSP", "set_name": "VAL", "report_date": "11042021_17_33_33", "overall_scores": {"precision": 0.06401896858328393, "recall": 0.1758139534883721, "fmeasure (percentage)": 9.386}, "scores_per_subset": {"PB": {"precision": 0.1291866028708134, "recall": 0.11739130434782609, "f-measure": 0.12300683371298406}, "HV": {"precision": 0.0425531914893617, "recall": 0.35, "f-measure": 0.07588075880758807}}, "scores_per_audiofile": {"BUK5_20161101_002104a.wav": {"precision": 0.2647058823529412, "recall": 0.20454545454545456, "f-measure": 0.23076923076923078}, "BUK1_20181011_001004.wav": {"precision": 0.02666666666666667, "recall": 0.06451612903225806, "f-measure": 0.03773584905660377}, "BUK1_20181013_023504.wav": {"precision": 0.26666666666666666, "recall": 0.16666666666666666, "f-measure": 0.20512820512820512}, "BUK4_20161011_000804.wav": {"precision": 0.05128205128205128, "recall": 0.0425531914893617, "f-measure": 0.046511627906976744}, "BUK4_20171022_004304a.wav": {"precision": 0.1, "recall": 0.058823529411764705, "f-measure": 0.07407407407407407}, "BUK5_20180921_015906a.wav": {"precision": 1e-05, "recall": 1e-05, "f-measure": 1e-05}, "n1.wav": {"precision": 1e-05, "recall": 1e-05, "f-measure": 1e-05}, "a1.wav": {"precision": 0.04375, "recall": 0.6363636363636364, "f-measure": 0.08187134502923976}}}