{"team_name": "PKU_ADSP", "set_name": "VAL", "report_date": "03052021_15_36_08", "overall_scores": {"precision": 0.5402455661664393, "recall": 0.4829268292682927, "fmeasure (percentage)": 50.998}, "scores_per_subset": {"PB": {"precision": 0.5439560439560439, "recall": 0.43043478260869567, "f-measure": 0.48058252427184467}, "HV": {"precision": 0.5365853658536586, "recall": 0.55, "f-measure": 0.5432098765432098}}, "scores_per_audiofile": {"BUK5_20161101_002104a.wav": {"precision": 0.9692307692307692, "recall": 0.7159090909090909, "f-measure": 0.8235294117647058}, "BUK1_20181011_001004.wav": {"precision": 0.36666666666666664, "recall": 0.7096774193548387, "f-measure": 0.4835164835164835}, "BUK1_20181013_023504.wav": {"precision": 0.15384615384615385, "recall": 0.08333333333333333, "f-measure": 0.10810810810810811}, "BUK4_20161011_000804.wav": {"precision": 0.125, "recall": 0.0425531914893617, "f-measure": 0.06349206349206349}, "BUK4_20171022_004304a.wav": {"precision": 0.5, "recall": 0.5882352941176471, "f-measure": 0.5405405405405406}, "BUK5_20180921_015906a.wav": {"precision": 1e-05, "recall": 1e-05, "f-measure": 1e-05}, "n1.wav": {"precision": 0.16666666666666666, "recall": 0.1111111111111111, "f-measure": 0.13333333333333333}, "a1.wav": {"precision": 0.6896551724137931, "recall": 0.9090909090909091, "f-measure": 0.7843137254901961}}}