{"team_name": "PKU_ADSP", "set_name": "VAL", "report_date": "16042021_21_17_06", "overall_scores": {"precision": 0.5168717745136959, "recall": 0.4568421052631579, "fmeasure (percentage)": 48.501}, "scores_per_subset": {"PB": {"precision": 0.5636363636363636, "recall": 0.4043478260869565, "f-measure": 0.4708860759493671}, "HV": {"precision": 0.4772727272727273, "recall": 0.525, "f-measure": 0.5}}, "scores_per_audiofile": {"BUK5_20161101_002104a.wav": {"precision": 0.9516129032258065, "recall": 0.6704545454545454, "f-measure": 0.7866666666666666}, "BUK1_20181011_001004.wav": {"precision": 0.5, "recall": 0.7096774193548387, "f-measure": 0.5866666666666667}, "BUK1_20181013_023504.wav": {"precision": 0.15384615384615385, "recall": 0.08333333333333333, "f-measure": 0.10810810810810811}, "BUK4_20161011_000804.wav": {"precision": 0.05, "recall": 0.02127659574468085, "f-measure": 0.029850746268656716}, "BUK4_20171022_004304a.wav": {"precision": 0.4444444444444444, "recall": 0.47058823529411764, "f-measure": 0.45714285714285713}, "BUK5_20180921_015906a.wav": {"precision": 0.125, "recall": 0.043478260869565216, "f-measure": 0.06451612903225806}, "n1.wav": {"precision": 0.09090909090909091, "recall": 0.05555555555555555, "f-measure": 0.06896551724137931}, "a1.wav": {"precision": 0.6060606060606061, "recall": 0.9090909090909091, "f-measure": 0.7272727272727273}}}