{"team_name": "PKU_ADSP", "set_name": "VAL", "report_date": "03052021_16_32_52", "overall_scores": {"precision": 0.6953970291582615, "recall": 0.43686635944700464, "fmeasure (percentage)": 53.662}, "scores_per_subset": {"PB": {"precision": 0.7053571428571429, "recall": 0.34347826086956523, "f-measure": 0.4619883040935672}, "HV": {"precision": 0.6857142857142857, "recall": 0.6, "f-measure": 0.64}}, "scores_per_audiofile": {"BUK5_20161101_002104a.wav": {"precision": 0.9454545454545454, "recall": 0.5909090909090909, "f-measure": 0.7272727272727273}, "BUK1_20181011_001004.wav": {"precision": 0.68, "recall": 0.5483870967741935, "f-measure": 0.6071428571428571}, "BUK1_20181013_023504.wav": {"precision": 0.6, "recall": 0.125, "f-measure": 0.20689655172413793}, "BUK4_20161011_000804.wav": {"precision": 0.125, "recall": 0.02127659574468085, "f-measure": 0.03636363636363636}, "BUK4_20171022_004304a.wav": {"precision": 0.4, "recall": 0.35294117647058826, "f-measure": 0.375}, "BUK5_20180921_015906a.wav": {"precision": 1e-05, "recall": 1e-05, "f-measure": 1e-05}, "n1.wav": {"precision": 0.5555555555555556, "recall": 0.2777777777777778, "f-measure": 0.37037037037037035}, "a1.wav": {"precision": 0.7307692307692307, "recall": 0.8636363636363636, "f-measure": 0.7916666666666666}}}