{"team_name": "PKU_ADSP", "set_name": "VAL", "report_date": "17042021_16_47_59", "overall_scores": {"precision": 0.575860397479399, "recall": 0.4293975903614458, "fmeasure (percentage)": 49.196}, "scores_per_subset": {"PB": {"precision": 0.6585365853658537, "recall": 0.3521739130434783, "f-measure": 0.45892351274787535}, "HV": {"precision": 0.5116279069767442, "recall": 0.55, "f-measure": 0.5301204819277109}}, "scores_per_audiofile": {"BUK5_20161101_002104a.wav": {"precision": 0.9807692307692307, "recall": 0.5795454545454546, "f-measure": 0.7285714285714285}, "BUK1_20181011_001004.wav": {"precision": 0.8823529411764706, "recall": 0.4838709677419355, "f-measure": 0.625}, "BUK1_20181013_023504.wav": {"precision": 0.13333333333333333, "recall": 0.08333333333333333, "f-measure": 0.10256410256410256}, "BUK4_20161011_000804.wav": {"precision": 0.23076923076923078, "recall": 0.06382978723404255, "f-measure": 0.1}, "BUK4_20171022_004304a.wav": {"precision": 0.6153846153846154, "recall": 0.47058823529411764, "f-measure": 0.5333333333333333}, "BUK5_20180921_015906a.wav": {"precision": 0.15384615384615385, "recall": 0.08695652173913043, "f-measure": 0.1111111111111111}, "n1.wav": {"precision": 0.2, "recall": 0.1111111111111111, "f-measure": 0.14285714285714285}, "a1.wav": {"precision": 0.6060606060606061, "recall": 0.9090909090909091, "f-measure": 0.7272727272727273}}}