{"team_name": "PKU_ADSP", "set_name": "VAL", "report_date": "25042021_22_15_08", "overall_scores": {"precision": 0.6759949118662547, "recall": 0.44711538461538464, "fmeasure (percentage)": 53.823}, "scores_per_subset": {"PB": {"precision": 0.7099236641221374, "recall": 0.4043478260869565, "f-measure": 0.5152354570637119}, "HV": {"precision": 0.6451612903225806, "recall": 0.5, "f-measure": 0.5633802816901409}}, "scores_per_audiofile": {"BUK5_20161101_002104a.wav": {"precision": 0.9384615384615385, "recall": 0.6931818181818182, "f-measure": 0.7973856209150327}, "BUK1_20181011_001004.wav": {"precision": 0.6923076923076923, "recall": 0.5806451612903226, "f-measure": 0.631578947368421}, "BUK1_20181013_023504.wav": {"precision": 0.45454545454545453, "recall": 0.20833333333333334, "f-measure": 0.2857142857142857}, "BUK4_20161011_000804.wav": {"precision": 0.2222222222222222, "recall": 0.0425531914893617, "f-measure": 0.07142857142857142}, "BUK4_20171022_004304a.wav": {"precision": 0.42857142857142855, "recall": 0.35294117647058826, "f-measure": 0.3870967741935484}, "BUK5_20180921_015906a.wav": {"precision": 0.16666666666666666, "recall": 0.043478260869565216, "f-measure": 0.06896551724137931}, "n1.wav": {"precision": 0.2, "recall": 0.05555555555555555, "f-measure": 0.08695652173913043}, "a1.wav": {"precision": 0.7307692307692307, "recall": 0.8636363636363636, "f-measure": 0.7916666666666666}}}