{"team_name": "PKU_ADSP", "set_name": "VAL", "report_date": "03052021_16_55_46", "overall_scores": {"precision": 0.5251168924589378, "recall": 0.44602851323828924, "fmeasure (percentage)": 48.235}, "scores_per_subset": {"PB": {"precision": 0.6347826086956522, "recall": 0.3173913043478261, "f-measure": 0.42318840579710143}, "HV": {"precision": 0.44776119402985076, "recall": 0.75, "f-measure": 0.5607476635514018}}, "scores_per_audiofile": {"BUK5_20161101_002104a.wav": {"precision": 0.9574468085106383, "recall": 0.5113636363636364, "f-measure": 0.6666666666666666}, "BUK1_20181011_001004.wav": {"precision": 0.5757575757575758, "recall": 0.6129032258064516, "f-measure": 0.59375}, "BUK1_20181013_023504.wav": {"precision": 0.3333333333333333, "recall": 0.125, "f-measure": 0.18181818181818182}, "BUK4_20161011_000804.wav": {"precision": 1e-05, "recall": 1e-05, "f-measure": 1e-05}, "BUK4_20171022_004304a.wav": {"precision": 0.42857142857142855, "recall": 0.35294117647058826, "f-measure": 0.3870967741935484}, "BUK5_20180921_015906a.wav": {"precision": 1e-05, "recall": 1e-05, "f-measure": 1e-05}, "n1.wav": {"precision": 0.2631578947368421, "recall": 0.5555555555555556, "f-measure": 0.35714285714285715}, "a1.wav": {"precision": 0.6896551724137931, "recall": 0.9090909090909091, "f-measure": 0.7843137254901961}}}