{"team_name": "PKU_ADSP", "set_name": "VAL", "report_date": "13042021_17_08_14", "overall_scores": {"precision": 0.6906474820143885, "recall": 0.023674475955610355, "fmeasure (percentage)": 4.578}, "scores_per_subset": {"PB": {"precision": 0.75, "recall": 0.012244897959183673, "f-measure": 0.024096385542168676}, "HV": {"precision": 0.64, "recall": 0.35555555555555557, "f-measure": 0.45714285714285713}}, "scores_per_audiofile": {"BUK5_20161101_002104a.wav": {"precision": 0.5, "recall": 0.011363636363636364, "f-measure": 0.022222222222222223}, "BUK1_20181011_001004.wav": {"precision": 1e-05, "recall": 1e-05, "f-measure": 1e-05}, "BUK1_20181013_023504.wav": {"precision": 1.0, "recall": 0.041666666666666664, "f-measure": 0.08}, "BUK4_20161011_000804.wav": {"precision": 1e-05, "recall": 1e-05, "f-measure": 1e-05}, "BUK4_20171022_004304a.wav": {"precision": 1.0, "recall": 0.058823529411764705, "f-measure": 0.1111111111111111}, "BUK5_20180921_015906a.wav": {"precision": 1e-05, "recall": 1e-05, "f-measure": 1e-05}, "n1.wav": {"precision": 1e-05, "recall": 1e-05, "f-measure": 1e-05}, "a1.wav": {"precision": 0.64, "recall": 0.7272727272727273, "f-measure": 0.6808510638297872}}}