{"team_name": "PKU_ADSP", "set_name": "VAL", "report_date": "12062021_12_22_00", "overall_scores": {"precision": 0.6847826086956521, "recall": 0.4032, "fmeasure (percentage)": 50.755}, "scores_per_subset": {"PB": {"precision": 0.6774193548387096, "recall": 0.3652173913043478, "f-measure": 0.4745762711864407}, "HV": {"precision": 0.6923076923076923, "recall": 0.45, "f-measure": 0.5454545454545454}}, "scores_per_audiofile": {"BUK5_20161101_002104a.wav": {"precision": 0.9433962264150944, "recall": 0.5681818181818182, "f-measure": 0.7092198581560284}, "BUK1_20181011_001004.wav": {"precision": 0.6551724137931034, "recall": 0.6129032258064516, "f-measure": 0.6333333333333333}, "BUK1_20181013_023504.wav": {"precision": 0.3, "recall": 0.125, "f-measure": 0.17647058823529413}, "BUK4_20161011_000804.wav": {"precision": 0.3, "recall": 0.06382978723404255, "f-measure": 0.10526315789473684}, "BUK4_20171022_004304a.wav": {"precision": 0.45, "recall": 0.5294117647058824, "f-measure": 0.4864864864864865}, "BUK5_20180921_015906a.wav": {"precision": 1e-05, "recall": 1e-05, "f-measure": 1e-05}, "n1.wav": {"precision": 0.375, "recall": 0.16666666666666666, "f-measure": 0.23076923076923078}, "a1.wav": {"precision": 0.8333333333333334, "recall": 0.6818181818181818, "f-measure": 0.75}}}