{"team_name": "PKU_ADSP", "set_name": "VAL", "report_date": "18042021_11_07_32", "overall_scores": {"precision": 0.007650228272940404, "recall": 0.4660592255125285, "fmeasure (percentage)": 1.505}, "scores_per_subset": {"PB": {"precision": 0.004041545347877103, "recall": 0.4043478260869565, "f-measure": 0.008003097973409062}, "HV": {"precision": 0.07142857142857142, "recall": 0.55, "f-measure": 0.12643678160919541}}, "scores_per_audiofile": {"BUK5_20161101_002104a.wav": {"precision": 0.021116138763197588, "recall": 0.6363636363636364, "f-measure": 0.040875912408759124}, "BUK1_20181011_001004.wav": {"precision": 0.00411522633744856, "recall": 0.3548387096774194, "f-measure": 0.008136094674556213}, "BUK1_20181013_023504.wav": {"precision": 0.0001953506544246923, "recall": 0.041666666666666664, "f-measure": 0.00038887808671981335}, "BUK4_20161011_000804.wav": {"precision": 0.0005470459518599562, "recall": 0.06382978723404255, "f-measure": 0.0010847947929849937}, "BUK4_20171022_004304a.wav": {"precision": 0.006077606358111267, "recall": 0.7647058823529411, "f-measure": 0.012059369202226345}, "BUK5_20180921_015906a.wav": {"precision": 0.0018203883495145632, "recall": 0.391304347826087, "f-measure": 0.0036239178578618887}, "n1.wav": {"precision": 0.03597122302158273, "recall": 0.2777777777777778, "f-measure": 0.06369426751592357}, "a1.wav": {"precision": 0.10059171597633136, "recall": 0.7727272727272727, "f-measure": 0.17801047120418848}}}