{"team_name": "PKU_ADSP", "set_name": "VAL", "report_date": "13042021_18_12_19", "overall_scores": {"precision": 0.6759847522236341, "recall": 0.3219364599092284, "fmeasure (percentage)": 43.615}, "scores_per_subset": {"PB": {"precision": 0.6086956521739131, "recall": 0.24347826086956523, "f-measure": 0.34782608695652173}, "HV": {"precision": 0.76, "recall": 0.475, "f-measure": 0.5846153846153846}}, "scores_per_audiofile": {"BUK5_20161101_002104a.wav": {"precision": 0.8928571428571429, "recall": 0.2840909090909091, "f-measure": 0.43103448275862066}, "BUK1_20181011_001004.wav": {"precision": 0.7096774193548387, "recall": 0.7096774193548387, "f-measure": 0.7096774193548387}, "BUK1_20181013_023504.wav": {"precision": 0.26666666666666666, "recall": 0.16666666666666666, "f-measure": 0.20512820512820512}, "BUK4_20161011_000804.wav": {"precision": 1e-05, "recall": 1e-05, "f-measure": 1e-05}, "BUK4_20171022_004304a.wav": {"precision": 0.7142857142857143, "recall": 0.29411764705882354, "f-measure": 0.4166666666666667}, "BUK5_20180921_015906a.wav": {"precision": 1e-05, "recall": 1e-05, "f-measure": 1e-05}, "n1.wav": {"precision": 0.5, "recall": 0.1111111111111111, "f-measure": 0.18181818181818182}, "a1.wav": {"precision": 0.8095238095238095, "recall": 0.7727272727272727, "f-measure": 0.7906976744186046}}}