{"team_name": "PKU_ADSP", "set_name": "VAL", "report_date": "11042021_16_42_15", "overall_scores": {"precision": 0.011915989970325044, "recall": 0.5834271922767499, "fmeasure (percentage)": 2.335}, "scores_per_subset": {"PB": {"precision": 0.00938337801608579, "recall": 0.4260869565217391, "f-measure": 0.01836237586659172}, "HV": {"precision": 0.016321129245699163, "recall": 0.925, "f-measure": 0.03207628955353273}}, "scores_per_audiofile": {"BUK5_20161101_002104a.wav": {"precision": 0.030810810810810812, "recall": 0.6477272727272727, "f-measure": 0.058823529411764705}, "BUK1_20181011_001004.wav": {"precision": 0.003745318352059925, "recall": 0.5806451612903226, "f-measure": 0.007442629729170974}, "BUK1_20181013_023504.wav": {"precision": 0.004835589941972921, "recall": 0.20833333333333334, "f-measure": 0.00945179584120983}, "BUK4_20161011_000804.wav": {"precision": 0.0234375, "recall": 0.06382978723404255, "f-measure": 0.03428571428571429}, "BUK4_20171022_004304a.wav": {"precision": 0.03303303303303303, "recall": 0.6470588235294118, "f-measure": 0.06285714285714286}, "BUK5_20180921_015906a.wav": {"precision": 0.0017444395987788923, "recall": 0.17391304347826086, "f-measure": 0.0034542314335060447}, "n1.wav": {"precision": 0.00963855421686747, "recall": 0.8888888888888888, "f-measure": 0.01907032181168057}, "a1.wav": {"precision": 0.03459637561779242, "recall": 0.9545454545454546, "f-measure": 0.06677265500794913}}}