{"team_name": "PKU_ADSP", "set_name": "VAL", "report_date": "13062021_17_37_37", "overall_scores": {"precision": 0.6673029204046574, "recall": 0.43428571428571433, "fmeasure (percentage)": 52.615}, "scores_per_subset": {"PB": {"precision": 0.6344827586206897, "recall": 0.4, "f-measure": 0.49066666666666664}, "HV": {"precision": 0.7037037037037037, "recall": 0.475, "f-measure": 0.5671641791044776}}, "scores_per_audiofile": {"BUK5_20161101_002104a.wav": {"precision": 0.7702702702702703, "recall": 0.6477272727272727, "f-measure": 0.7037037037037037}, "BUK1_20181011_001004.wav": {"precision": 0.8076923076923077, "recall": 0.6774193548387096, "f-measure": 0.7368421052631579}, "BUK1_20181013_023504.wav": {"precision": 0.3333333333333333, "recall": 0.16666666666666666, "f-measure": 0.2222222222222222}, "BUK4_20161011_000804.wav": {"precision": 0.08333333333333333, "recall": 0.02127659574468085, "f-measure": 0.03389830508474576}, "BUK4_20171022_004304a.wav": {"precision": 0.45, "recall": 0.5294117647058824, "f-measure": 0.4864864864864865}, "BUK5_20180921_015906a.wav": {"precision": 1e-05, "recall": 1e-05, "f-measure": 1e-05}, "n1.wav": {"precision": 0.5, "recall": 0.1111111111111111, "f-measure": 0.18181818181818182}, "a1.wav": {"precision": 0.7391304347826086, "recall": 0.7727272727272727, "f-measure": 0.7555555555555555}}}