{"team_name": "PKU_ADSP", "set_name": "VAL", "report_date": "03052021_14_36_14", "overall_scores": {"precision": 0.6541490006056935, "recall": 0.41326530612244894, "fmeasure (percentage)": 50.653}, "scores_per_subset": {"PB": {"precision": 0.7105263157894737, "recall": 0.3521739130434783, "f-measure": 0.47093023255813954}, "HV": {"precision": 0.6060606060606061, "recall": 0.5, "f-measure": 0.547945205479452}}, "scores_per_audiofile": {"BUK5_20161101_002104a.wav": {"precision": 0.9811320754716981, "recall": 0.5909090909090909, "f-measure": 0.7375886524822695}, "BUK1_20181011_001004.wav": {"precision": 0.782608695652174, "recall": 0.5806451612903226, "f-measure": 0.6666666666666666}, "BUK1_20181013_023504.wav": {"precision": 0.18181818181818182, "recall": 0.08333333333333333, "f-measure": 0.11428571428571428}, "BUK4_20161011_000804.wav": {"precision": 0.3333333333333333, "recall": 0.02127659574468085, "f-measure": 0.04}, "BUK4_20171022_004304a.wav": {"precision": 0.5333333333333333, "recall": 0.47058823529411764, "f-measure": 0.5}, "BUK5_20180921_015906a.wav": {"precision": 1e-05, "recall": 1e-05, "f-measure": 1e-05}, "n1.wav": {"precision": 1e-05, "recall": 1e-05, "f-measure": 1e-05}, "a1.wav": {"precision": 0.6666666666666666, "recall": 0.9090909090909091, "f-measure": 0.7692307692307693}}}