{"team_name": "PKU_ADSP", "set_name": "VAL", "report_date": "26042021_20_28_48", "overall_scores": {"precision": 0.6650041562759769, "recall": 0.446927374301676, "fmeasure (percentage)": 53.458}, "scores_per_subset": {"PB": {"precision": 0.6722689075630253, "recall": 0.34782608695652173, "f-measure": 0.4584527220630373}, "HV": {"precision": 0.6578947368421053, "recall": 0.625, "f-measure": 0.6410256410256411}}, "scores_per_audiofile": {"BUK5_20161101_002104a.wav": {"precision": 0.9622641509433962, "recall": 0.5795454545454546, "f-measure": 0.723404255319149}, "BUK1_20181011_001004.wav": {"precision": 0.6551724137931034, "recall": 0.6129032258064516, "f-measure": 0.6333333333333333}, "BUK1_20181013_023504.wav": {"precision": 0.25, "recall": 0.125, "f-measure": 0.16666666666666666}, "BUK4_20161011_000804.wav": {"precision": 0.25, "recall": 0.0425531914893617, "f-measure": 0.07272727272727272}, "BUK4_20171022_004304a.wav": {"precision": 0.38461538461538464, "recall": 0.29411764705882354, "f-measure": 0.3333333333333333}, "BUK5_20180921_015906a.wav": {"precision": 1e-05, "recall": 1e-05, "f-measure": 1e-05}, "n1.wav": {"precision": 0.45454545454545453, "recall": 0.2777777777777778, "f-measure": 0.3448275862068966}, "a1.wav": {"precision": 0.7407407407407407, "recall": 0.9090909090909091, "f-measure": 0.8163265306122449}}}