{"team_name": "PKU_ADSP", "set_name": "VAL", "report_date": "12062021_12_10_30", "overall_scores": {"precision": 0.6626746506986028, "recall": 0.37942857142857145, "fmeasure (percentage)": 48.256}, "scores_per_subset": {"PB": {"precision": 0.6587301587301587, "recall": 0.36086956521739133, "f-measure": 0.46629213483146065}, "HV": {"precision": 0.6666666666666666, "recall": 0.4, "f-measure": 0.5}}, "scores_per_audiofile": {"BUK5_20161101_002104a.wav": {"precision": 0.9259259259259259, "recall": 0.5681818181818182, "f-measure": 0.704225352112676}, "BUK1_20181011_001004.wav": {"precision": 0.7142857142857143, "recall": 0.6451612903225806, "f-measure": 0.6779661016949152}, "BUK1_20181013_023504.wav": {"precision": 0.16666666666666666, "recall": 0.08333333333333333, "f-measure": 0.1111111111111111}, "BUK4_20161011_000804.wav": {"precision": 0.3, "recall": 0.06382978723404255, "f-measure": 0.10526315789473684}, "BUK4_20171022_004304a.wav": {"precision": 0.42105263157894735, "recall": 0.47058823529411764, "f-measure": 0.4444444444444444}, "BUK5_20180921_015906a.wav": {"precision": 1e-05, "recall": 1e-05, "f-measure": 1e-05}, "n1.wav": {"precision": 0.25, "recall": 0.05555555555555555, "f-measure": 0.09090909090909091}, "a1.wav": {"precision": 0.75, "recall": 0.6818181818181818, "f-measure": 0.7142857142857143}}}