{"team_name": "PKU_ADSP", "set_name": "VAL", "report_date": "13042021_16_45_46", "overall_scores": {"precision": 0.005363248974881644, "recall": 0.4685950413223141, "fmeasure (percentage)": 1.061}, "scores_per_subset": {"PB": {"precision": 0.002850908067013938, "recall": 0.3521739130434783, "f-measure": 0.005656029606871028}, "HV": {"precision": 0.04516129032258064, "recall": 0.7, "f-measure": 0.08484848484848485}}, "scores_per_audiofile": {"BUK5_20161101_002104a.wav": {"precision": 0.015330565314595975, "recall": 0.5454545454545454, "f-measure": 0.02982292637465051}, "BUK1_20181011_001004.wav": {"precision": 0.002835538752362949, "recall": 0.2903225806451613, "f-measure": 0.005616224648985959}, "BUK1_20181013_023504.wav": {"precision": 0.00032430679422733907, "recall": 0.08333333333333333, "f-measure": 0.0006460991762235503}, "BUK4_20161011_000804.wav": {"precision": 0.0002947244326554671, "recall": 0.0425531914893617, "f-measure": 0.0005853944094833894}, "BUK4_20171022_004304a.wav": {"precision": 0.00507399577167019, "recall": 0.7058823529411765, "f-measure": 0.010075566750629723}, "BUK5_20180921_015906a.wav": {"precision": 0.0011783767859773163, "recall": 0.34782608695652173, "f-measure": 0.002348796241926013}, "n1.wav": {"precision": 0.04119850187265917, "recall": 0.6111111111111112, "f-measure": 0.07719298245614035}, "a1.wav": {"precision": 0.04815864022662889, "recall": 0.7727272727272727, "f-measure": 0.09066666666666667}}}