{"team_name": "PKU_ADSP", "set_name": "VAL", "report_date": "11042021_15_57_34", "overall_scores": {"precision": 0.07513416815742396, "recall": 0.05373134328358209, "fmeasure (percentage)": 6.266}, "scores_per_subset": {"PB": {"precision": 0.23333333333333334, "recall": 0.02857142857142857, "f-measure": 0.05090909090909091}, "HV": {"precision": 0.04477611940298507, "recall": 0.45, "f-measure": 0.08144796380090498}}, "scores_per_audiofile": {"BUK5_20161101_002104a.wav": {"precision": 0.24, "recall": 0.06818181818181818, "f-measure": 0.10619469026548672}, "BUK1_20181011_001004.wav": {"precision": 1e-05, "recall": 1e-05, "f-measure": 1e-05}, "BUK1_20181013_023504.wav": {"precision": 1e-05, "recall": 1e-05, "f-measure": 1e-05}, "BUK4_20161011_000804.wav": {"precision": 1e-05, "recall": 1e-05, "f-measure": 1e-05}, "BUK4_20171022_004304a.wav": {"precision": 0.5, "recall": 0.058823529411764705, "f-measure": 0.10526315789473684}, "BUK5_20180921_015906a.wav": {"precision": 1e-05, "recall": 1e-05, "f-measure": 1e-05}, "n1.wav": {"precision": 1e-05, "recall": 1e-05, "f-measure": 1e-05}, "a1.wav": {"precision": 0.09137055837563451, "recall": 0.8181818181818182, "f-measure": 0.1643835616438356}}}