{"team_name": "PKU_ADSP", "set_name": "VAL", "report_date": "03052021_17_21_13", "overall_scores": {"precision": 0.6389386877016853, "recall": 0.4293975903614458, "fmeasure (percentage)": 51.362}, "scores_per_subset": {"PB": {"precision": 0.6694214876033058, "recall": 0.3521739130434783, "f-measure": 0.46153846153846156}, "HV": {"precision": 0.6111111111111112, "recall": 0.55, "f-measure": 0.5789473684210527}}, "scores_per_audiofile": {"BUK5_20161101_002104a.wav": {"precision": 0.9636363636363636, "recall": 0.6022727272727273, "f-measure": 0.7412587412587412}, "BUK1_20181011_001004.wav": {"precision": 0.5757575757575758, "recall": 0.6129032258064516, "f-measure": 0.59375}, "BUK1_20181013_023504.wav": {"precision": 0.42857142857142855, "recall": 0.125, "f-measure": 0.1935483870967742}, "BUK4_20161011_000804.wav": {"precision": 1e-05, "recall": 1e-05, "f-measure": 1e-05}, "BUK4_20171022_004304a.wav": {"precision": 0.42857142857142855, "recall": 0.35294117647058826, "f-measure": 0.3870967741935484}, "BUK5_20180921_015906a.wav": {"precision": 1e-05, "recall": 1e-05, "f-measure": 1e-05}, "n1.wav": {"precision": 0.2857142857142857, "recall": 0.1111111111111111, "f-measure": 0.16}, "a1.wav": {"precision": 0.6896551724137931, "recall": 0.9090909090909091, "f-measure": 0.7843137254901961}}}