{"team_name": "PKU_ADSP", "set_name": "VAL", "report_date": "25042021_17_59_13", "overall_scores": {"precision": 0.38933812518718175, "recall": 0.4342984409799555, "fmeasure (percentage)": 41.059}, "scores_per_subset": {"PB": {"precision": 0.6410256410256411, "recall": 0.32608695652173914, "f-measure": 0.4322766570605187}, "HV": {"precision": 0.27956989247311825, "recall": 0.65, "f-measure": 0.39097744360902253}}, "scores_per_audiofile": {"BUK5_20161101_002104a.wav": {"precision": 0.9433962264150944, "recall": 0.5681818181818182, "f-measure": 0.7092198581560284}, "BUK1_20181011_001004.wav": {"precision": 0.6842105263157895, "recall": 0.41935483870967744, "f-measure": 0.52}, "BUK1_20181013_023504.wav": {"precision": 0.4166666666666667, "recall": 0.20833333333333334, "f-measure": 0.2777777777777778}, "BUK4_20161011_000804.wav": {"precision": 0.0625, "recall": 0.02127659574468085, "f-measure": 0.031746031746031744}, "BUK4_20171022_004304a.wav": {"precision": 0.42857142857142855, "recall": 0.35294117647058826, "f-measure": 0.3870967741935484}, "BUK5_20180921_015906a.wav": {"precision": 1e-05, "recall": 1e-05, "f-measure": 1e-05}, "n1.wav": {"precision": 0.12857142857142856, "recall": 0.5, "f-measure": 0.20454545454545456}, "a1.wav": {"precision": 0.7391304347826086, "recall": 0.7727272727272727, "f-measure": 0.7555555555555555}}}