{"team_name": "PKU_ADSP", "set_name": "VAL", "report_date": "10062021_11_22_23", "overall_scores": {"precision": 0.6191222570532916, "recall": 0.4072164948453609, "fmeasure (percentage)": 49.129}, "scores_per_subset": {"PB": {"precision": 0.6991150442477876, "recall": 0.34347826086956523, "f-measure": 0.4606413994169096}, "HV": {"precision": 0.5555555555555556, "recall": 0.5, "f-measure": 0.5263157894736842}}, "scores_per_audiofile": {"BUK5_20161101_002104a.wav": {"precision": 0.9411764705882353, "recall": 0.5454545454545454, "f-measure": 0.6906474820143885}, "BUK1_20181011_001004.wav": {"precision": 0.8095238095238095, "recall": 0.5483870967741935, "f-measure": 0.6538461538461539}, "BUK1_20181013_023504.wav": {"precision": 0.4444444444444444, "recall": 0.16666666666666666, "f-measure": 0.24242424242424243}, "BUK4_20161011_000804.wav": {"precision": 0.125, "recall": 0.02127659574468085, "f-measure": 0.03636363636363636}, "BUK4_20171022_004304a.wav": {"precision": 0.42857142857142855, "recall": 0.5294117647058824, "f-measure": 0.47368421052631576}, "BUK5_20180921_015906a.wav": {"precision": 1e-05, "recall": 1e-05, "f-measure": 1e-05}, "n1.wav": {"precision": 0.2, "recall": 0.05555555555555555, "f-measure": 0.08695652173913043}, "a1.wav": {"precision": 0.6129032258064516, "recall": 0.8636363636363636, "f-measure": 0.7169811320754716}}}