{"team_name": "PKU_ADSP", "set_name": "VAL", "report_date": "07062021_23_34_31", "overall_scores": {"precision": 0.1370338248048569, "recall": 0.48502325581395345, "fmeasure (percentage)": 21.369}, "scores_per_subset": {"PB": {"precision": 0.626984126984127, "recall": 0.34347826086956523, "f-measure": 0.4438202247191011}, "HV": {"precision": 0.07692307692307693, "recall": 0.825, "f-measure": 0.14072494669509594}}, "scores_per_audiofile": {"BUK5_20161101_002104a.wav": {"precision": 0.9298245614035088, "recall": 0.6022727272727273, "f-measure": 0.7310344827586207}, "BUK1_20181011_001004.wav": {"precision": 0.625, "recall": 0.4838709677419355, "f-measure": 0.5454545454545454}, "BUK1_20181013_023504.wav": {"precision": 0.16666666666666666, "recall": 0.08333333333333333, "f-measure": 0.1111111111111111}, "BUK4_20161011_000804.wav": {"precision": 0.14285714285714285, "recall": 0.0425531914893617, "f-measure": 0.06557377049180328}, "BUK4_20171022_004304a.wav": {"precision": 0.4375, "recall": 0.4117647058823529, "f-measure": 0.42424242424242425}, "BUK5_20180921_015906a.wav": {"precision": 1e-05, "recall": 1e-05, "f-measure": 1e-05}, "n1.wav": {"precision": 0.034739454094292806, "recall": 0.7777777777777778, "f-measure": 0.0665083135391924}, "a1.wav": {"precision": 0.7307692307692307, "recall": 0.8636363636363636, "f-measure": 0.7916666666666666}}}