{"team_name": "PKU_ADSP", "set_name": "VAL", "report_date": "22042021_23_14_45", "overall_scores": {"precision": 0.4818398894055549, "recall": 0.41741970604246054, "fmeasure (percentage)": 44.732}, "scores_per_subset": {"PB": {"precision": 0.6574074074074074, "recall": 0.3021276595744681, "f-measure": 0.4139941690962099}, "HV": {"precision": 0.38028169014084506, "recall": 0.675, "f-measure": 0.4864864864864865}}, "scores_per_audiofile": {"BUK5_20161101_002104a.wav": {"precision": 0.9607843137254902, "recall": 0.5568181818181818, "f-measure": 0.7050359712230215}, "BUK1_20181011_001004.wav": {"precision": 0.5833333333333334, "recall": 0.22580645161290322, "f-measure": 0.32558139534883723}, "BUK1_20181013_023504.wav": {"precision": 0.14285714285714285, "recall": 0.08333333333333333, "f-measure": 0.10526315789473684}, "BUK4_20161011_000804.wav": {"precision": 0.3333333333333333, "recall": 0.06382978723404255, "f-measure": 0.10714285714285714}, "BUK4_20171022_004304a.wav": {"precision": 0.45454545454545453, "recall": 0.5882352941176471, "f-measure": 0.5128205128205128}, "BUK5_20180921_015906a.wav": {"precision": 1e-05, "recall": 1e-05, "f-measure": 1e-05}, "n1.wav": {"precision": 0.18604651162790697, "recall": 0.4444444444444444, "f-measure": 0.26229508196721313}, "a1.wav": {"precision": 0.6785714285714286, "recall": 0.8636363636363636, "f-measure": 0.76}}}