{"team_name": "PKU_ADSP", "set_name": "VAL", "report_date": "04062021_10_52_31", "overall_scores": {"precision": 0.2633779264214047, "recall": 0.3949843260188088, "fmeasure (percentage)": 31.603}, "scores_per_subset": {"PB": {"precision": 0.6847826086956522, "recall": 0.2680851063829787, "f-measure": 0.3853211009174312}, "HV": {"precision": 0.16304347826086957, "recall": 0.75, "f-measure": 0.26785714285714285}}, "scores_per_audiofile": {"BUK5_20161101_002104a.wav": {"precision": 0.9111111111111111, "recall": 0.4659090909090909, "f-measure": 0.6165413533834586}, "BUK1_20181011_001004.wav": {"precision": 0.7647058823529411, "recall": 0.41935483870967744, "f-measure": 0.5416666666666666}, "BUK1_20181013_023504.wav": {"precision": 1.0, "recall": 0.08333333333333333, "f-measure": 0.15384615384615385}, "BUK4_20161011_000804.wav": {"precision": 1e-05, "recall": 1e-05, "f-measure": 1e-05}, "BUK4_20171022_004304a.wav": {"precision": 0.3888888888888889, "recall": 0.4117647058823529, "f-measure": 0.4}, "BUK5_20180921_015906a.wav": {"precision": 1e-05, "recall": 1e-05, "f-measure": 1e-05}, "n1.wav": {"precision": 0.06711409395973154, "recall": 0.5555555555555556, "f-measure": 0.11976047904191617}, "a1.wav": {"precision": 0.5714285714285714, "recall": 0.9090909090909091, "f-measure": 0.7017543859649122}}}