{"team_name": "PKU_ADSP", "set_name": "VAL", "report_date": "12042021_18_05_04", "overall_scores": {"precision": 0.005952662162800586, "recall": 0.12989690721649486, "fmeasure (percentage)": 1.138}, "scores_per_subset": {"PB": {"precision": 0.003463060686015831, "recall": 0.09130434782608696, "f-measure": 0.00667302192564347}, "HV": {"precision": 0.021176470588235293, "recall": 0.225, "f-measure": 0.03870967741935484}}, "scores_per_audiofile": {"BUK5_20161101_002104a.wav": {"precision": 0.037037037037037035, "recall": 0.07954545454545454, "f-measure": 0.05054151624548736}, "BUK1_20181011_001004.wav": {"precision": 0.0045871559633027525, "recall": 0.03225806451612903, "f-measure": 0.008032128514056224}, "BUK1_20181013_023504.wav": {"precision": 0.0003952569169960474, "recall": 0.041666666666666664, "f-measure": 0.0007830853563038371}, "BUK4_20161011_000804.wav": {"precision": 0.0018796992481203006, "recall": 0.02127659574468085, "f-measure": 0.0034542314335060447}, "BUK4_20171022_004304a.wav": {"precision": 0.01951219512195122, "recall": 0.47058823529411764, "f-measure": 0.03747072599531616}, "BUK5_20180921_015906a.wav": {"precision": 0.0013729977116704805, "recall": 0.13043478260869565, "f-measure": 0.002717391304347826}, "n1.wav": {"precision": 0.03225806451612903, "recall": 0.16666666666666666, "f-measure": 0.05405405405405406}, "a1.wav": {"precision": 0.018072289156626505, "recall": 0.2727272727272727, "f-measure": 0.03389830508474576}}}