{"team_name": "PKU_ADSP", "set_name": "VAL", "report_date": "21042021_16_35_37", "overall_scores": {"precision": 0.3887181738366989, "recall": 0.42317801672640376, "fmeasure (percentage)": 40.522}, "scores_per_subset": {"PB": {"precision": 0.616, "recall": 0.3347826086956522, "f-measure": 0.43380281690140843}, "HV": {"precision": 0.2839506172839506, "recall": 0.575, "f-measure": 0.38016528925619836}}, "scores_per_audiofile": {"BUK5_20161101_002104a.wav": {"precision": 0.9444444444444444, "recall": 0.5795454545454546, "f-measure": 0.7183098591549296}, "BUK1_20181011_001004.wav": {"precision": 0.6071428571428571, "recall": 0.5483870967741935, "f-measure": 0.576271186440678}, "BUK1_20181013_023504.wav": {"precision": 0.1, "recall": 0.041666666666666664, "f-measure": 0.058823529411764705}, "BUK4_20161011_000804.wav": {"precision": 1e-05, "recall": 1e-05, "f-measure": 1e-05}, "BUK4_20171022_004304a.wav": {"precision": 0.38095238095238093, "recall": 0.47058823529411764, "f-measure": 0.42105263157894735}, "BUK5_20180921_015906a.wav": {"precision": 1e-05, "recall": 1e-05, "f-measure": 1e-05}, "n1.wav": {"precision": 0.06521739130434782, "recall": 0.16666666666666666, "f-measure": 0.09375}, "a1.wav": {"precision": 0.5714285714285714, "recall": 0.9090909090909091, "f-measure": 0.7017543859649122}}}