{"team_name": "PKU_ADSP", "set_name": "VAL", "report_date": "10042021_23_27_36", "overall_scores": {"precision": 0.0067259024889721394, "recall": 0.5330769230769231, "fmeasure (percentage)": 1.328}, "scores_per_subset": {"PB": {"precision": 0.008701001933555986, "recall": 0.43043478260869567, "f-measure": 0.017057201929703652}, "HV": {"precision": 0.00548159749412686, "recall": 0.7, "f-measure": 0.010878010878010878}}, "scores_per_audiofile": {"BUK5_20161101_002104a.wav": {"precision": 0.029667519181585677, "recall": 0.6590909090909091, "f-measure": 0.056779246206558984}, "BUK1_20181011_001004.wav": {"precision": 0.005341246290801187, "recall": 0.5806451612903226, "f-measure": 0.010585122022934431}, "BUK1_20181013_023504.wav": {"precision": 0.0006195786864931846, "recall": 0.041666666666666664, "f-measure": 0.001221001221001221}, "BUK4_20161011_000804.wav": {"precision": 0.005067567567567568, "recall": 0.06382978723404255, "f-measure": 0.009389671361502348}, "BUK4_20171022_004304a.wav": {"precision": 0.019363762102351315, "recall": 0.8235294117647058, "f-measure": 0.03783783783783784}, "BUK5_20180921_015906a.wav": {"precision": 0.0016005121638924455, "recall": 0.21739130434782608, "f-measure": 0.0031776294884016524}, "n1.wav": {"precision": 0.003629764065335753, "recall": 0.4444444444444444, "f-measure": 0.0072007200720072}, "a1.wav": {"precision": 0.006887052341597796, "recall": 0.9090909090909091, "f-measure": 0.01367053998632946}}}