{"team_name": "PKU_ADSP", "set_name": "VAL", "report_date": "20082021_22_09_23", "overall_scores": {"precision": 0.6289375333689269, "recall": 0.43683559950556244, "fmeasure (percentage)": 51.557}, "scores_per_subset": {"PB": {"precision": 0.6458333333333334, "recall": 0.4043478260869565, "f-measure": 0.49732620320855614}, "HV": {"precision": 0.6129032258064516, "recall": 0.475, "f-measure": 0.5352112676056338}}, "scores_per_audiofile": {"BUK5_20161101_002104a.wav": {"precision": 0.8309859154929577, "recall": 0.6704545454545454, "f-measure": 0.7421383647798742}, "BUK1_20181011_001004.wav": {"precision": 0.7037037037037037, "recall": 0.6129032258064516, "f-measure": 0.6551724137931034}, "BUK1_20181013_023504.wav": {"precision": 0.3333333333333333, "recall": 0.16666666666666666, "f-measure": 0.2222222222222222}, "BUK4_20161011_000804.wav": {"precision": 0.07692307692307693, "recall": 0.02127659574468085, "f-measure": 0.03333333333333333}, "BUK4_20171022_004304a.wav": {"precision": 0.5, "recall": 0.5882352941176471, "f-measure": 0.5405405405405406}, "BUK5_20180921_015906a.wav": {"precision": 1e-05, "recall": 1e-05, "f-measure": 1e-05}, "n1.wav": {"precision": 0.2, "recall": 0.05555555555555555, "f-measure": 0.08695652173913043}, "a1.wav": {"precision": 0.6923076923076923, "recall": 0.8181818181818182, "f-measure": 0.75}}}