{"team_name": "PKU_ADSP", "set_name": "VAL", "report_date": "12062021_12_28_37", "overall_scores": {"precision": 0.7162666666666667, "recall": 0.3799151343705799, "fmeasure (percentage)": 49.649}, "scores_per_subset": {"PB": {"precision": 0.6422764227642277, "recall": 0.34347826086956523, "f-measure": 0.4475920679886686}, "HV": {"precision": 0.8095238095238095, "recall": 0.425, "f-measure": 0.5573770491803278}}, "scores_per_audiofile": {"BUK5_20161101_002104a.wav": {"precision": 0.9230769230769231, "recall": 0.5454545454545454, "f-measure": 0.6857142857142857}, "BUK1_20181011_001004.wav": {"precision": 0.6785714285714286, "recall": 0.6129032258064516, "f-measure": 0.6440677966101694}, "BUK1_20181013_023504.wav": {"precision": 0.18181818181818182, "recall": 0.08333333333333333, "f-measure": 0.11428571428571428}, "BUK4_20161011_000804.wav": {"precision": 0.2, "recall": 0.0425531914893617, "f-measure": 0.07017543859649122}, "BUK4_20171022_004304a.wav": {"precision": 0.42105263157894735, "recall": 0.47058823529411764, "f-measure": 0.4444444444444444}, "BUK5_20180921_015906a.wav": {"precision": 1e-05, "recall": 1e-05, "f-measure": 1e-05}, "n1.wav": {"precision": 0.6666666666666666, "recall": 0.1111111111111111, "f-measure": 0.19047619047619047}, "a1.wav": {"precision": 0.8333333333333334, "recall": 0.6818181818181818, "f-measure": 0.75}}}