{"team_name": "PKU_ADSP", "set_name": "VAL", "report_date": "17042021_23_45_21", "overall_scores": {"precision": 0.009349633806009264, "recall": 0.532258064516129, "fmeasure (percentage)": 1.838}, "scores_per_subset": {"PB": {"precision": 0.0050315616137590335, "recall": 0.4782608695652174, "f-measure": 0.009958355965960529}, "HV": {"precision": 0.06593406593406594, "recall": 0.6, "f-measure": 0.1188118811881188}}, "scores_per_audiofile": {"BUK5_20161101_002104a.wav": {"precision": 0.024507983661344226, "recall": 0.75, "f-measure": 0.04746494066882417}, "BUK1_20181011_001004.wav": {"precision": 0.0048982667671439335, "recall": 0.41935483870967744, "f-measure": 0.00968342644320298}, "BUK1_20181013_023504.wav": {"precision": 1e-05, "recall": 1e-05, "f-measure": 1e-05}, "BUK4_20161011_000804.wav": {"precision": 0.0015929908403026682, "recall": 0.1702127659574468, "f-measure": 0.003156441112645492}, "BUK4_20171022_004304a.wav": {"precision": 0.005507113354749885, "recall": 0.7058823529411765, "f-measure": 0.01092896174863388}, "BUK5_20180921_015906a.wav": {"precision": 0.0023241073315022186, "recall": 0.4782608695652174, "f-measure": 0.004625735912531539}, "n1.wav": {"precision": 0.030303030303030304, "recall": 0.2777777777777778, "f-measure": 0.0546448087431694}, "a1.wav": {"precision": 0.09547738693467336, "recall": 0.8636363636363636, "f-measure": 0.17194570135746606}}}