{"team_name": "PKU_ADSP", "set_name": "VAL", "report_date": "30042021_17_52_07", "overall_scores": {"precision": 0.42177361211247294, "recall": 0.488517745302714, "fmeasure (percentage)": 45.27}, "scores_per_subset": {"PB": {"precision": 0.6617647058823529, "recall": 0.391304347826087, "f-measure": 0.4918032786885246}, "HV": {"precision": 0.30952380952380953, "recall": 0.65, "f-measure": 0.41935483870967744}}, "scores_per_audiofile": {"BUK5_20161101_002104a.wav": {"precision": 0.9814814814814815, "recall": 0.6022727272727273, "f-measure": 0.7464788732394366}, "BUK1_20181011_001004.wav": {"precision": 0.7096774193548387, "recall": 0.7096774193548387, "f-measure": 0.7096774193548387}, "BUK1_20181013_023504.wav": {"precision": 0.2, "recall": 0.125, "f-measure": 0.15384615384615385}, "BUK4_20161011_000804.wav": {"precision": 0.2, "recall": 0.0425531914893617, "f-measure": 0.07017543859649122}, "BUK4_20171022_004304a.wav": {"precision": 0.5555555555555556, "recall": 0.5882352941176471, "f-measure": 0.5714285714285714}, "BUK5_20180921_015906a.wav": {"precision": 1e-05, "recall": 1e-05, "f-measure": 1e-05}, "n1.wav": {"precision": 0.11764705882352941, "recall": 0.3333333333333333, "f-measure": 0.17391304347826086}, "a1.wav": {"precision": 0.6060606060606061, "recall": 0.9090909090909091, "f-measure": 0.7272727272727273}}}