{"team_name": "PKU_ADSP", "set_name": "VAL", "report_date": "21042021_15_57_42", "overall_scores": {"precision": 0.2833333333333333, "recall": 0.3165329052969503, "fmeasure (percentage)": 29.901}, "scores_per_subset": {"PB": {"precision": 0.3333333333333333, "recall": 0.25217391304347825, "f-measure": 0.2871287128712871}, "HV": {"precision": 0.2463768115942029, "recall": 0.425, "f-measure": 0.3119266055045872}}, "scores_per_audiofile": {"BUK5_20161101_002104a.wav": {"precision": 0.8055555555555556, "recall": 0.32954545454545453, "f-measure": 0.46774193548387094}, "BUK1_20181011_001004.wav": {"precision": 0.29545454545454547, "recall": 0.41935483870967744, "f-measure": 0.3466666666666667}, "BUK1_20181013_023504.wav": {"precision": 0.13043478260869565, "recall": 0.125, "f-measure": 0.1276595744680851}, "BUK4_20161011_000804.wav": {"precision": 0.075, "recall": 0.06382978723404255, "f-measure": 0.06896551724137931}, "BUK4_20171022_004304a.wav": {"precision": 0.4166666666666667, "recall": 0.5882352941176471, "f-measure": 0.4878048780487805}, "BUK5_20180921_015906a.wav": {"precision": 1e-05, "recall": 1e-05, "f-measure": 1e-05}, "n1.wav": {"precision": 0.04, "recall": 0.1111111111111111, "f-measure": 0.058823529411764705}, "a1.wav": {"precision": 0.7894736842105263, "recall": 0.6818181818181818, "f-measure": 0.7317073170731707}}}