{"team_name": "PKU_ADSP", "set_name": "VAL", "report_date": "10042021_23_57_18", "overall_scores": {"precision": 0.0069628836138619496, "recall": 0.5018480492813142, "fmeasure (percentage)": 1.374}, "scores_per_subset": {"PB": {"precision": 0.00897117770566902, "recall": 0.40869565217391307, "f-measure": 0.017556966753828913}, "HV": {"precision": 0.0056892778993435445, "recall": 0.65, "f-measure": 0.011279826464208243}}, "scores_per_audiofile": {"BUK5_20161101_002104a.wav": {"precision": 0.03146067415730337, "recall": 0.6363636363636364, "f-measure": 0.059957173447537475}, "BUK1_20181011_001004.wav": {"precision": 0.0052179251074278695, "recall": 0.5483870967741935, "f-measure": 0.010337488598358164}, "BUK1_20181013_023504.wav": {"precision": 0.0007209805335255948, "recall": 0.041666666666666664, "f-measure": 0.001417434443656981}, "BUK4_20161011_000804.wav": {"precision": 0.0038535645472061657, "recall": 0.0425531914893617, "f-measure": 0.007067137809187279}, "BUK4_20171022_004304a.wav": {"precision": 0.021875, "recall": 0.8235294117647058, "f-measure": 0.0426179604261796}, "BUK5_20180921_015906a.wav": {"precision": 0.00138217000691085, "recall": 0.17391304347826086, "f-measure": 0.002742543709290367}, "n1.wav": {"precision": 0.0035551041137633316, "recall": 0.3888888888888889, "f-measure": 0.007045797684952189}, "a1.wav": {"precision": 0.007304882737408689, "recall": 0.8636363636363636, "f-measure": 0.014487228364468167}}}