{"team_name": "PKU_ADSP", "set_name": "VAL", "report_date": "26042021_22_31_09", "overall_scores": {"precision": 0.683729433272395, "recall": 0.442080378250591, "fmeasure (percentage)": 53.697}, "scores_per_subset": {"PB": {"precision": 0.68, "recall": 0.3695652173913043, "f-measure": 0.4788732394366197}, "HV": {"precision": 0.6875, "recall": 0.55, "f-measure": 0.6111111111111112}}, "scores_per_audiofile": {"BUK5_20161101_002104a.wav": {"precision": 0.9344262295081968, "recall": 0.6477272727272727, "f-measure": 0.7651006711409396}, "BUK1_20181011_001004.wav": {"precision": 0.7391304347826086, "recall": 0.5483870967741935, "f-measure": 0.6296296296296297}, "BUK1_20181013_023504.wav": {"precision": 0.3333333333333333, "recall": 0.16666666666666666, "f-measure": 0.2222222222222222}, "BUK4_20161011_000804.wav": {"precision": 0.16666666666666666, "recall": 0.02127659574468085, "f-measure": 0.03773584905660377}, "BUK4_20171022_004304a.wav": {"precision": 0.375, "recall": 0.35294117647058826, "f-measure": 0.36363636363636365}, "BUK5_20180921_015906a.wav": {"precision": 1e-05, "recall": 1e-05, "f-measure": 1e-05}, "n1.wav": {"precision": 0.5, "recall": 0.16666666666666666, "f-measure": 0.25}, "a1.wav": {"precision": 0.7307692307692307, "recall": 0.8636363636363636, "f-measure": 0.7916666666666666}}}