{"team_name": "PKU_ADSP", "set_name": "VAL", "report_date": "12042021_18_01_32", "overall_scores": {"precision": 0.0046295137759315335, "recall": 0.2251521298174442, "fmeasure (percentage)": 0.907}, "scores_per_subset": {"PB": {"precision": 0.00253929037128543, "recall": 0.1608695652173913, "f-measure": 0.004999662184987501}, "HV": {"precision": 0.02617801047120419, "recall": 0.375, "f-measure": 0.048939641109298535}}, "scores_per_audiofile": {"BUK5_20161101_002104a.wav": {"precision": 0.025252525252525252, "recall": 0.22727272727272727, "f-measure": 0.045454545454545456}, "BUK1_20181011_001004.wav": {"precision": 0.0031512605042016808, "recall": 0.0967741935483871, "f-measure": 0.006103763987792472}, "BUK1_20181013_023504.wav": {"precision": 1e-05, "recall": 1e-05, "f-measure": 1e-05}, "BUK4_20161011_000804.wav": {"precision": 0.0011333585190782018, "recall": 0.06382978723404255, "f-measure": 0.0022271714922048997}, "BUK4_20171022_004304a.wav": {"precision": 0.006013745704467354, "recall": 0.4117647058823529, "f-measure": 0.011854360711261643}, "BUK5_20180921_015906a.wav": {"precision": 0.0009606147934678194, "recall": 0.17391304347826086, "f-measure": 0.0019106759016001911}, "n1.wav": {"precision": 0.04697986577181208, "recall": 0.3888888888888889, "f-measure": 0.08383233532934131}, "a1.wav": {"precision": 0.018867924528301886, "recall": 0.36363636363636365, "f-measure": 0.03587443946188341}}}