{"team_name": "PKU_ADSP", "set_name": "VAL", "report_date": "11042021_21_15_21", "overall_scores": {"precision": 0.058394160583941604, "recall": 0.12903225806451613, "fmeasure (percentage)": 8.04}, "scores_per_subset": {"PB": {"precision": 0.09569377990430622, "recall": 0.08695652173913043, "f-measure": 0.09111617312072894}, "HV": {"precision": 0.04201680672268908, "recall": 0.25, "f-measure": 0.07194244604316546}}, "scores_per_audiofile": {"BUK5_20161101_002104a.wav": {"precision": 0.23728813559322035, "recall": 0.1590909090909091, "f-measure": 0.19047619047619047}, "BUK1_20181011_001004.wav": {"precision": 0.023255813953488372, "recall": 0.06451612903225806, "f-measure": 0.03418803418803419}, "BUK1_20181013_023504.wav": {"precision": 0.1, "recall": 0.041666666666666664, "f-measure": 0.058823529411764705}, "BUK4_20161011_000804.wav": {"precision": 0.045454545454545456, "recall": 0.0425531914893617, "f-measure": 0.04395604395604396}, "BUK4_20171022_004304a.wav": {"precision": 0.1111111111111111, "recall": 0.058823529411764705, "f-measure": 0.07692307692307693}, "BUK5_20180921_015906a.wav": {"precision": 1e-05, "recall": 1e-05, "f-measure": 1e-05}, "n1.wav": {"precision": 1e-05, "recall": 1e-05, "f-measure": 1e-05}, "a1.wav": {"precision": 0.04424778761061947, "recall": 0.45454545454545453, "f-measure": 0.08064516129032258}}}