{"team_name": "PKU_ADSP", "set_name": "VAL", "report_date": "18042021_11_41_14", "overall_scores": {"precision": 0.009553668570104229, "recall": 0.49084895259095923, "fmeasure (percentage)": 1.874}, "scores_per_subset": {"PB": {"precision": 0.00507833085804628, "recall": 0.4608695652173913, "f-measure": 0.01004596502866891}, "HV": {"precision": 0.08045977011494253, "recall": 0.525, "f-measure": 0.13953488372093023}}, "scores_per_audiofile": {"BUK5_20161101_002104a.wav": {"precision": 0.03024989039894783, "recall": 0.7840909090909091, "f-measure": 0.05825242718446602}, "BUK1_20181011_001004.wav": {"precision": 0.0059121621621621625, "recall": 0.45161290322580644, "f-measure": 0.011671529804085035}, "BUK1_20181013_023504.wav": {"precision": 0.00020567667626491157, "recall": 0.041666666666666664, "f-measure": 0.00040933278755628325}, "BUK4_20161011_000804.wav": {"precision": 0.0004024954719259408, "recall": 0.0425531914893617, "f-measure": 0.0007974481658692185}, "BUK4_20171022_004304a.wav": {"precision": 0.006067291781577496, "recall": 0.6470588235294118, "f-measure": 0.012021857923497269}, "BUK5_20180921_015906a.wav": {"precision": 0.001965065502183406, "recall": 0.391304347826087, "f-measure": 0.003910493156636976}, "n1.wav": {"precision": 0.02158273381294964, "recall": 0.16666666666666666, "f-measure": 0.03821656050955414}, "a1.wav": {"precision": 0.14754098360655737, "recall": 0.8181818181818182, "f-measure": 0.25}}}