{"team_name": "PKU_ADSP", "set_name": "VAL", "report_date": "26042021_20_19_08", "overall_scores": {"precision": 0.5735294117647058, "recall": 0.4396843291995491, "fmeasure (percentage)": 49.777}, "scores_per_subset": {"PB": {"precision": 0.6724137931034483, "recall": 0.3391304347826087, "f-measure": 0.4508670520231214}, "HV": {"precision": 0.5, "recall": 0.625, "f-measure": 0.5555555555555556}}, "scores_per_audiofile": {"BUK5_20161101_002104a.wav": {"precision": 0.9615384615384616, "recall": 0.5681818181818182, "f-measure": 0.7142857142857143}, "BUK1_20181011_001004.wav": {"precision": 0.6538461538461539, "recall": 0.5483870967741935, "f-measure": 0.5964912280701754}, "BUK1_20181013_023504.wav": {"precision": 0.18181818181818182, "recall": 0.08333333333333333, "f-measure": 0.11428571428571428}, "BUK4_20161011_000804.wav": {"precision": 0.3, "recall": 0.06382978723404255, "f-measure": 0.10526315789473684}, "BUK4_20171022_004304a.wav": {"precision": 0.38461538461538464, "recall": 0.29411764705882354, "f-measure": 0.3333333333333333}, "BUK5_20180921_015906a.wav": {"precision": 0.25, "recall": 0.043478260869565216, "f-measure": 0.07407407407407407}, "n1.wav": {"precision": 0.21739130434782608, "recall": 0.2777777777777778, "f-measure": 0.24390243902439024}, "a1.wav": {"precision": 0.7407407407407407, "recall": 0.9090909090909091, "f-measure": 0.8163265306122449}}}