{"team_name": "PKU_ADSP", "set_name": "VAL", "report_date": "10042021_18_09_42", "overall_scores": {"precision": 0.0025710702521060482, "recall": 0.553660797034291, "fmeasure (percentage)": 0.512}, "scores_per_subset": {"PB": {"precision": 0.0031809759110562074, "recall": 0.44782608695652176, "f-measure": 0.006317080650107329}, "HV": {"precision": 0.0021574170510340724, "recall": 0.725, "f-measure": 0.004302032339415517}}, "scores_per_audiofile": {"BUK5_20161101_002104a.wav": {"precision": 0.010705861005262203, "recall": 0.6704545454545454, "f-measure": 0.021075191998571174}, "BUK1_20181011_001004.wav": {"precision": 0.0040253018976423235, "recall": 0.6774193548387096, "f-measure": 0.008003048780487805}, "BUK1_20181013_023504.wav": {"precision": 0.000353045013239188, "recall": 0.08333333333333333, "f-measure": 0.0007031112673580594}, "BUK4_20161011_000804.wav": {"precision": 0.0001669449081803005, "recall": 0.02127659574468085, "f-measure": 0.00033129037601457677}, "BUK4_20171022_004304a.wav": {"precision": 0.003375934410417169, "recall": 0.8235294117647058, "f-measure": 0.0067243035542747355}, "BUK5_20180921_015906a.wav": {"precision": 0.0010256410256410256, "recall": 0.2608695652173913, "f-measure": 0.002043248765537204}, "n1.wav": {"precision": 0.003360831041857623, "recall": 0.6111111111111112, "f-measure": 0.006684898207231844}, "a1.wav": {"precision": 0.0017700855541351165, "recall": 0.8181818181818182, "f-measure": 0.003532528701795702}}}