{"team_name": "PKU_ADSP", "set_name": "VAL", "report_date": "07062021_22_49_11", "overall_scores": {"precision": 0.15844627637278189, "recall": 0.42156133828996284, "fmeasure (percentage)": 23.032}, "scores_per_subset": {"PB": {"precision": 0.5664335664335665, "recall": 0.3521739130434783, "f-measure": 0.4343163538873995}, "HV": {"precision": 0.09210526315789473, "recall": 0.525, "f-measure": 0.15671641791044777}}, "scores_per_audiofile": {"BUK5_20161101_002104a.wav": {"precision": 0.9016393442622951, "recall": 0.625, "f-measure": 0.738255033557047}, "BUK1_20181011_001004.wav": {"precision": 0.6363636363636364, "recall": 0.45161290322580644, "f-measure": 0.5283018867924528}, "BUK1_20181013_023504.wav": {"precision": 0.11764705882352941, "recall": 0.08333333333333333, "f-measure": 0.0975609756097561}, "BUK4_20161011_000804.wav": {"precision": 0.09523809523809523, "recall": 0.0425531914893617, "f-measure": 0.058823529411764705}, "BUK4_20171022_004304a.wav": {"precision": 0.4444444444444444, "recall": 0.47058823529411764, "f-measure": 0.45714285714285713}, "BUK5_20180921_015906a.wav": {"precision": 1e-05, "recall": 1e-05, "f-measure": 1e-05}, "n1.wav": {"precision": 0.023809523809523808, "recall": 0.2777777777777778, "f-measure": 0.043859649122807015}, "a1.wav": {"precision": 0.8888888888888888, "recall": 0.7272727272727273, "f-measure": 0.8}}}