{"team_name": "PKU_ADSP", "set_name": "VAL", "report_date": "04062021_17_55_25", "overall_scores": {"precision": 0.6734832992501704, "recall": 0.3957276368491322, "fmeasure (percentage)": 49.853}, "scores_per_subset": {"PB": {"precision": 0.6046511627906976, "recall": 0.3391304347826087, "f-measure": 0.43454038997214484}, "HV": {"precision": 0.76, "recall": 0.475, "f-measure": 0.5846153846153846}}, "scores_per_audiofile": {"BUK5_20161101_002104a.wav": {"precision": 0.85, "recall": 0.5795454545454546, "f-measure": 0.6891891891891891}, "BUK1_20181011_001004.wav": {"precision": 0.7083333333333334, "recall": 0.5483870967741935, "f-measure": 0.6181818181818182}, "BUK1_20181013_023504.wav": {"precision": 0.2727272727272727, "recall": 0.125, "f-measure": 0.17142857142857143}, "BUK4_20161011_000804.wav": {"precision": 1e-05, "recall": 1e-05, "f-measure": 1e-05}, "BUK4_20171022_004304a.wav": {"precision": 0.35294117647058826, "recall": 0.35294117647058826, "f-measure": 0.35294117647058826}, "BUK5_20180921_015906a.wav": {"precision": 0.125, "recall": 0.043478260869565216, "f-measure": 0.06451612903225806}, "n1.wav": {"precision": 0.5, "recall": 0.1111111111111111, "f-measure": 0.18181818181818182}, "a1.wav": {"precision": 0.8095238095238095, "recall": 0.7727272727272727, "f-measure": 0.7906976744186046}}}