{"team_name": "PKU_ADSP", "set_name": "VAL", "report_date": "12062021_14_45_23", "overall_scores": {"precision": 0.7312295973884658, "recall": 0.38181818181818183, "fmeasure (percentage)": 50.168}, "scores_per_subset": {"PB": {"precision": 0.6461538461538462, "recall": 0.3652173913043478, "f-measure": 0.4666666666666667}, "HV": {"precision": 0.8421052631578947, "recall": 0.4, "f-measure": 0.5423728813559322}}, "scores_per_audiofile": {"BUK5_20161101_002104a.wav": {"precision": 0.9107142857142857, "recall": 0.5795454545454546, "f-measure": 0.7083333333333334}, "BUK1_20181011_001004.wav": {"precision": 0.6333333333333333, "recall": 0.6129032258064516, "f-measure": 0.6229508196721312}, "BUK1_20181013_023504.wav": {"precision": 0.2727272727272727, "recall": 0.125, "f-measure": 0.17142857142857143}, "BUK4_20161011_000804.wav": {"precision": 0.2727272727272727, "recall": 0.06382978723404255, "f-measure": 0.10344827586206896}, "BUK4_20171022_004304a.wav": {"precision": 0.42105263157894735, "recall": 0.47058823529411764, "f-measure": 0.4444444444444444}, "BUK5_20180921_015906a.wav": {"precision": 1e-05, "recall": 1e-05, "f-measure": 1e-05}, "n1.wav": {"precision": 0.5, "recall": 0.1111111111111111, "f-measure": 0.18181818181818182}, "a1.wav": {"precision": 0.9333333333333333, "recall": 0.6363636363636364, "f-measure": 0.7567567567567568}}}