{"team_name": "PKU_ADSP", "set_name": "VAL", "report_date": "14042021_17_59_18", "overall_scores": {"precision": 0.03870873405690663, "recall": 0.5294545454545455, "fmeasure (percentage)": 7.214}, "scores_per_subset": {"PB": {"precision": 0.02511037527593819, "recall": 0.39565217391304347, "f-measure": 0.04722366372599896}, "HV": {"precision": 0.08443271767810026, "recall": 0.8, "f-measure": 0.15274463007159905}}, "scores_per_audiofile": {"BUK5_20161101_002104a.wav": {"precision": 0.13812154696132597, "recall": 0.5681818181818182, "f-measure": 0.2222222222222222}, "BUK1_20181011_001004.wav": {"precision": 0.01606425702811245, "recall": 0.6451612903225806, "f-measure": 0.03134796238244514}, "BUK1_20181013_023504.wav": {"precision": 0.00546448087431694, "recall": 0.16666666666666666, "f-measure": 0.010582010582010581}, "BUK4_20161011_000804.wav": {"precision": 0.005698005698005698, "recall": 0.0851063829787234, "f-measure": 0.010680907877169559}, "BUK4_20171022_004304a.wav": {"precision": 0.24444444444444444, "recall": 0.6470588235294118, "f-measure": 0.3548387096774194}, "BUK5_20180921_015906a.wav": {"precision": 0.0037174721189591076, "recall": 0.08695652173913043, "f-measure": 0.0071301247771836}, "n1.wav": {"precision": 0.03293413173652695, "recall": 0.6111111111111112, "f-measure": 0.0625}, "a1.wav": {"precision": 0.4666666666666667, "recall": 0.9545454545454546, "f-measure": 0.6268656716417911}}}