{"team_name": "PKU_ADSP", "set_name": "VAL", "report_date": "01052021_23_15_13", "overall_scores": {"precision": 0.5503875968992248, "recall": 0.40172201722017215, "fmeasure (percentage)": 46.445}, "scores_per_subset": {"PB": {"precision": 0.6120689655172413, "recall": 0.30869565217391304, "f-measure": 0.41040462427745666}, "HV": {"precision": 0.5, "recall": 0.575, "f-measure": 0.5348837209302325}}, "scores_per_audiofile": {"BUK5_20161101_002104a.wav": {"precision": 1.0, "recall": 0.45454545454545453, "f-measure": 0.625}, "BUK1_20181011_001004.wav": {"precision": 0.6129032258064516, "recall": 0.6129032258064516, "f-measure": 0.6129032258064516}, "BUK1_20181013_023504.wav": {"precision": 0.3076923076923077, "recall": 0.16666666666666666, "f-measure": 0.21621621621621623}, "BUK4_20161011_000804.wav": {"precision": 1e-05, "recall": 1e-05, "f-measure": 1e-05}, "BUK4_20171022_004304a.wav": {"precision": 0.5714285714285714, "recall": 0.47058823529411764, "f-measure": 0.5161290322580645}, "BUK5_20180921_015906a.wav": {"precision": 1e-05, "recall": 1e-05, "f-measure": 1e-05}, "n1.wav": {"precision": 0.2727272727272727, "recall": 0.16666666666666666, "f-measure": 0.20689655172413793}, "a1.wav": {"precision": 0.5714285714285714, "recall": 0.9090909090909091, "f-measure": 0.7017543859649122}}}