{"team_name": "PKU_ADSP", "set_name": "VAL", "report_date": "04062021_10_59_19", "overall_scores": {"precision": 0.36619388113937407, "recall": 0.39001248439450686, "fmeasure (percentage)": 37.773}, "scores_per_subset": {"PB": {"precision": 0.6635514018691588, "recall": 0.3021276595744681, "f-measure": 0.4152046783625731}, "HV": {"precision": 0.25287356321839083, "recall": 0.55, "f-measure": 0.3464566929133858}}, "scores_per_audiofile": {"BUK5_20161101_002104a.wav": {"precision": 0.8032786885245902, "recall": 0.5568181818181818, "f-measure": 0.6577181208053692}, "BUK1_20181011_001004.wav": {"precision": 0.8125, "recall": 0.41935483870967744, "f-measure": 0.5531914893617021}, "BUK1_20181013_023504.wav": {"precision": 1.0, "recall": 0.08333333333333333, "f-measure": 0.15384615384615385}, "BUK4_20161011_000804.wav": {"precision": 1e-05, "recall": 1e-05, "f-measure": 1e-05}, "BUK4_20171022_004304a.wav": {"precision": 0.3888888888888889, "recall": 0.4117647058823529, "f-measure": 0.4}, "BUK5_20180921_015906a.wav": {"precision": 1e-05, "recall": 1e-05, "f-measure": 1e-05}, "n1.wav": {"precision": 0.03773584905660377, "recall": 0.1111111111111111, "f-measure": 0.056338028169014086}, "a1.wav": {"precision": 0.5882352941176471, "recall": 0.9090909090909091, "f-measure": 0.7142857142857143}}}