{"team_name": "PKU_ADSP", "set_name": "VAL", "report_date": "10042021_22_58_52", "overall_scores": {"precision": 0.004973281028575358, "recall": 0.5125984251968504, "fmeasure (percentage)": 0.985}, "scores_per_subset": {"PB": {"precision": 0.004982053891894787, "recall": 0.4043478260869565, "f-measure": 0.009842832195586602}, "HV": {"precision": 0.004964539007092199, "recall": 0.7, "f-measure": 0.009859154929577466}}, "scores_per_audiofile": {"BUK5_20161101_002104a.wav": {"precision": 0.020888720091150777, "recall": 0.625, "f-measure": 0.04042631385520029}, "BUK1_20181011_001004.wav": {"precision": 0.004572473708276178, "recall": 0.6451612903225806, "f-measure": 0.009080590238365494}, "BUK1_20181013_023504.wav": {"precision": 1e-05, "recall": 1e-05, "f-measure": 1e-05}, "BUK4_20161011_000804.wav": {"precision": 0.0011383039271485487, "recall": 0.0425531914893617, "f-measure": 0.0022172949002217295}, "BUK4_20171022_004304a.wav": {"precision": 0.012466607301869992, "recall": 0.8235294117647058, "f-measure": 0.02456140350877193}, "BUK5_20180921_015906a.wav": {"precision": 0.0004305705059203445, "recall": 0.08695652173913043, "f-measure": 0.000856898029134533}, "n1.wav": {"precision": 0.0027602523659305996, "recall": 0.3888888888888889, "f-measure": 0.00548159749412686}, "a1.wav": {"precision": 0.0067654639175257734, "recall": 0.9545454545454546, "f-measure": 0.013435700575815739}}}