{"team_name": "PKU_ADSP", "set_name": "VAL", "report_date": "03052021_16_21_36", "overall_scores": {"precision": 0.6208549740311625, "recall": 0.39897304236200254, "fmeasure (percentage)": 48.578}, "scores_per_subset": {"PB": {"precision": 0.6851851851851852, "recall": 0.3217391304347826, "f-measure": 0.4378698224852071}, "HV": {"precision": 0.5675675675675675, "recall": 0.525, "f-measure": 0.5454545454545454}}, "scores_per_audiofile": {"BUK5_20161101_002104a.wav": {"precision": 0.9607843137254902, "recall": 0.5568181818181818, "f-measure": 0.7050359712230215}, "BUK1_20181011_001004.wav": {"precision": 0.8235294117647058, "recall": 0.45161290322580644, "f-measure": 0.5833333333333334}, "BUK1_20181013_023504.wav": {"precision": 0.3333333333333333, "recall": 0.125, "f-measure": 0.18181818181818182}, "BUK4_20161011_000804.wav": {"precision": 0.125, "recall": 0.02127659574468085, "f-measure": 0.03636363636363636}, "BUK4_20171022_004304a.wav": {"precision": 0.4, "recall": 0.35294117647058826, "f-measure": 0.375}, "BUK5_20180921_015906a.wav": {"precision": 0.125, "recall": 0.043478260869565216, "f-measure": 0.06451612903225806}, "n1.wav": {"precision": 0.14285714285714285, "recall": 0.05555555555555555, "f-measure": 0.08}, "a1.wav": {"precision": 0.6666666666666666, "recall": 0.9090909090909091, "f-measure": 0.7692307692307693}}}