{"team_name": "PKU_ADSP", "set_name": "VAL", "report_date": "12062021_22_15_48", "overall_scores": {"precision": 0.670464504820333, "recall": 0.40745672436750996, "fmeasure (percentage)": 50.687}, "scores_per_subset": {"PB": {"precision": 0.5921052631578947, "recall": 0.391304347826087, "f-measure": 0.4712041884816754}, "HV": {"precision": 0.7727272727272727, "recall": 0.425, "f-measure": 0.5483870967741935}}, "scores_per_audiofile": {"BUK5_20161101_002104a.wav": {"precision": 0.7466666666666667, "recall": 0.6363636363636364, "f-measure": 0.6871165644171779}, "BUK1_20181011_001004.wav": {"precision": 0.7, "recall": 0.6774193548387096, "f-measure": 0.6885245901639344}, "BUK1_20181013_023504.wav": {"precision": 0.3333333333333333, "recall": 0.16666666666666666, "f-measure": 0.2222222222222222}, "BUK4_20161011_000804.wav": {"precision": 0.07692307692307693, "recall": 0.02127659574468085, "f-measure": 0.03333333333333333}, "BUK4_20171022_004304a.wav": {"precision": 0.38095238095238093, "recall": 0.47058823529411764, "f-measure": 0.42105263157894735}, "BUK5_20180921_015906a.wav": {"precision": 1e-05, "recall": 1e-05, "f-measure": 1e-05}, "n1.wav": {"precision": 0.5, "recall": 0.05555555555555555, "f-measure": 0.1}, "a1.wav": {"precision": 0.8, "recall": 0.7272727272727273, "f-measure": 0.7619047619047619}}}