{"team_name": "PKU_ADSP", "set_name": "VAL", "report_date": "03052021_16_05_13", "overall_scores": {"precision": 0.5830459248502451, "recall": 0.40250626566416037, "fmeasure (percentage)": 47.624}, "scores_per_subset": {"PB": {"precision": 0.6033057851239669, "recall": 0.3173913043478261, "f-measure": 0.41595441595441596}, "HV": {"precision": 0.5641025641025641, "recall": 0.55, "f-measure": 0.5569620253164557}}, "scores_per_audiofile": {"BUK5_20161101_002104a.wav": {"precision": 0.9074074074074074, "recall": 0.5568181818181818, "f-measure": 0.6901408450704225}, "BUK1_20181011_001004.wav": {"precision": 0.7, "recall": 0.45161290322580644, "f-measure": 0.5490196078431373}, "BUK1_20181013_023504.wav": {"precision": 0.2, "recall": 0.08333333333333333, "f-measure": 0.11764705882352941}, "BUK4_20161011_000804.wav": {"precision": 0.08333333333333333, "recall": 0.02127659574468085, "f-measure": 0.03389830508474576}, "BUK4_20171022_004304a.wav": {"precision": 0.3333333333333333, "recall": 0.35294117647058826, "f-measure": 0.34285714285714286}, "BUK5_20180921_015906a.wav": {"precision": 0.14285714285714285, "recall": 0.043478260869565216, "f-measure": 0.06666666666666667}, "n1.wav": {"precision": 0.15384615384615385, "recall": 0.1111111111111111, "f-measure": 0.12903225806451613}, "a1.wav": {"precision": 0.7692307692307693, "recall": 0.9090909090909091, "f-measure": 0.8333333333333334}}}