{"team_name": "PKU_ADSP", "set_name": "VAL", "report_date": "11042021_16_56_30", "overall_scores": {"precision": 0.10583610523132748, "recall": 0.26465028355387527, "fmeasure (percentage)": 15.12}, "scores_per_subset": {"PB": {"precision": 0.07974481658692185, "recall": 0.2127659574468085, "f-measure": 0.11600928074245939}, "HV": {"precision": 0.15730337078651685, "recall": 0.35, "f-measure": 0.21705426356589147}}, "scores_per_audiofile": {"BUK5_20161101_002104a.wav": {"precision": 0.11490683229813664, "recall": 0.42045454545454547, "f-measure": 0.18048780487804877}, "BUK1_20181011_001004.wav": {"precision": 1e-05, "recall": 1e-05, "f-measure": 1e-05}, "BUK1_20181013_023504.wav": {"precision": 0.043478260869565216, "recall": 0.20833333333333334, "f-measure": 0.07194244604316546}, "BUK4_20161011_000804.wav": {"precision": 1e-05, "recall": 1e-05, "f-measure": 1e-05}, "BUK4_20171022_004304a.wav": {"precision": 0.1590909090909091, "recall": 0.4117647058823529, "f-measure": 0.22950819672131148}, "BUK5_20180921_015906a.wav": {"precision": 0.007142857142857143, "recall": 0.043478260869565216, "f-measure": 0.012269938650306749}, "n1.wav": {"precision": 1e-05, "recall": 1e-05, "f-measure": 1e-05}, "a1.wav": {"precision": 0.16470588235294117, "recall": 0.6363636363636364, "f-measure": 0.2616822429906542}}}