{"team_name": "PKU_ADSP", "set_name": "VAL", "report_date": "03052021_17_11_56", "overall_scores": {"precision": 0.6407142857142857, "recall": 0.42663495838287746, "fmeasure (percentage)": 51.221}, "scores_per_subset": {"PB": {"precision": 0.6610169491525424, "recall": 0.3391304347826087, "f-measure": 0.4482758620689655}, "HV": {"precision": 0.6216216216216216, "recall": 0.575, "f-measure": 0.5974025974025974}}, "scores_per_audiofile": {"BUK5_20161101_002104a.wav": {"precision": 0.9615384615384616, "recall": 0.5681818181818182, "f-measure": 0.7142857142857143}, "BUK1_20181011_001004.wav": {"precision": 0.5757575757575758, "recall": 0.6129032258064516, "f-measure": 0.59375}, "BUK1_20181013_023504.wav": {"precision": 0.42857142857142855, "recall": 0.125, "f-measure": 0.1935483870967742}, "BUK4_20161011_000804.wav": {"precision": 1e-05, "recall": 1e-05, "f-measure": 1e-05}, "BUK4_20171022_004304a.wav": {"precision": 0.42857142857142855, "recall": 0.35294117647058826, "f-measure": 0.3870967741935484}, "BUK5_20180921_015906a.wav": {"precision": 1e-05, "recall": 1e-05, "f-measure": 1e-05}, "n1.wav": {"precision": 0.375, "recall": 0.16666666666666666, "f-measure": 0.23076923076923078}, "a1.wav": {"precision": 0.6896551724137931, "recall": 0.9090909090909091, "f-measure": 0.7843137254901961}}}