{"team_name": "PKU_ADSP", "set_name": "VAL", "report_date": "23042021_10_07_33", "overall_scores": {"precision": 0.5040625940415288, "recall": 0.39158386908240794, "fmeasure (percentage)": 44.076}, "scores_per_subset": {"PB": {"precision": 0.6907216494845361, "recall": 0.2851063829787234, "f-measure": 0.4036144578313253}, "HV": {"precision": 0.3968253968253968, "recall": 0.625, "f-measure": 0.4854368932038835}}, "scores_per_audiofile": {"BUK5_20161101_002104a.wav": {"precision": 0.9782608695652174, "recall": 0.5113636363636364, "f-measure": 0.6716417910447762}, "BUK1_20181011_001004.wav": {"precision": 0.7, "recall": 0.22580645161290322, "f-measure": 0.34146341463414637}, "BUK1_20181013_023504.wav": {"precision": 0.2, "recall": 0.125, "f-measure": 0.15384615384615385}, "BUK4_20161011_000804.wav": {"precision": 0.2857142857142857, "recall": 0.0425531914893617, "f-measure": 0.07407407407407407}, "BUK4_20171022_004304a.wav": {"precision": 0.5263157894736842, "recall": 0.5882352941176471, "f-measure": 0.5555555555555556}, "BUK5_20180921_015906a.wav": {"precision": 1e-05, "recall": 1e-05, "f-measure": 1e-05}, "n1.wav": {"precision": 0.16666666666666666, "recall": 0.3333333333333333, "f-measure": 0.2222222222222222}, "a1.wav": {"precision": 0.7037037037037037, "recall": 0.8636363636363636, "f-measure": 0.7755102040816326}}}