{"team_name": "PKU_ADSP", "set_name": "VAL", "report_date": "04052021_10_45_15", "overall_scores": {"precision": 0.5510698425514735, "recall": 0.3674293405114401, "fmeasure (percentage)": 44.089}, "scores_per_subset": {"PB": {"precision": 0.5963302752293578, "recall": 0.2826086956521739, "f-measure": 0.3834808259587021}, "HV": {"precision": 0.5121951219512195, "recall": 0.525, "f-measure": 0.5185185185185185}}, "scores_per_audiofile": {"BUK5_20161101_002104a.wav": {"precision": 0.9782608695652174, "recall": 0.5113636363636364, "f-measure": 0.6716417910447762}, "BUK1_20181011_001004.wav": {"precision": 0.5, "recall": 0.3548387096774194, "f-measure": 0.41509433962264153}, "BUK1_20181013_023504.wav": {"precision": 0.2, "recall": 0.08333333333333333, "f-measure": 0.11764705882352941}, "BUK4_20161011_000804.wav": {"precision": 0.09090909090909091, "recall": 0.02127659574468085, "f-measure": 0.034482758620689655}, "BUK4_20171022_004304a.wav": {"precision": 0.42857142857142855, "recall": 0.35294117647058826, "f-measure": 0.3870967741935484}, "BUK5_20180921_015906a.wav": {"precision": 1e-05, "recall": 1e-05, "f-measure": 1e-05}, "n1.wav": {"precision": 0.25, "recall": 0.05555555555555555, "f-measure": 0.09090909090909091}, "a1.wav": {"precision": 0.5405405405405406, "recall": 0.9090909090909091, "f-measure": 0.6779661016949152}}}