{"team_name": "PKU_ADSP", "set_name": "VAL", "report_date": "03062021_10_42_42", "overall_scores": {"precision": 0.5648854961832062, "recall": 0.4059850374064838, "fmeasure (percentage)": 47.243}, "scores_per_subset": {"PB": {"precision": 0.6491228070175439, "recall": 0.3217391304347826, "f-measure": 0.43023255813953487}, "HV": {"precision": 0.5, "recall": 0.55, "f-measure": 0.5238095238095238}}, "scores_per_audiofile": {"BUK5_20161101_002104a.wav": {"precision": 0.9607843137254902, "recall": 0.5568181818181818, "f-measure": 0.7050359712230215}, "BUK1_20181011_001004.wav": {"precision": 0.8235294117647058, "recall": 0.45161290322580644, "f-measure": 0.5833333333333334}, "BUK1_20181013_023504.wav": {"precision": 0.25, "recall": 0.16666666666666666, "f-measure": 0.2}, "BUK4_20161011_000804.wav": {"precision": 0.125, "recall": 0.02127659574468085, "f-measure": 0.03636363636363636}, "BUK4_20171022_004304a.wav": {"precision": 0.4, "recall": 0.35294117647058826, "f-measure": 0.375}, "BUK5_20180921_015906a.wav": {"precision": 1e-05, "recall": 1e-05, "f-measure": 1e-05}, "n1.wav": {"precision": 0.14285714285714285, "recall": 0.1111111111111111, "f-measure": 0.125}, "a1.wav": {"precision": 0.6666666666666666, "recall": 0.9090909090909091, "f-measure": 0.7692307692307693}}}