{"team_name": "PKU_ADSP", "set_name": "VAL", "report_date": "02052021_22_55_43", "overall_scores": {"precision": 0.20251489080079416, "recall": 0.4058355437665782, "fmeasure (percentage)": 27.02}, "scores_per_subset": {"PB": {"precision": 0.14782608695652175, "recall": 0.3695652173913043, "f-measure": 0.2111801242236025}, "HV": {"precision": 0.32142857142857145, "recall": 0.45, "f-measure": 0.375}}, "scores_per_audiofile": {"BUK5_20161101_002104a.wav": {"precision": 0.9259259259259259, "recall": 0.5681818181818182, "f-measure": 0.704225352112676}, "BUK1_20181011_001004.wav": {"precision": 0.375, "recall": 0.6774193548387096, "f-measure": 0.4827586206896552}, "BUK1_20181013_023504.wav": {"precision": 0.034482758620689655, "recall": 0.125, "f-measure": 0.05405405405405406}, "BUK4_20161011_000804.wav": {"precision": 0.021739130434782608, "recall": 0.02127659574468085, "f-measure": 0.021505376344086023}, "BUK4_20171022_004304a.wav": {"precision": 0.3333333333333333, "recall": 0.47058823529411764, "f-measure": 0.3902439024390244}, "BUK5_20180921_015906a.wav": {"precision": 0.006493506493506494, "recall": 0.08695652173913043, "f-measure": 0.012084592145015106}, "n1.wav": {"precision": 1e-05, "recall": 1e-05, "f-measure": 1e-05}, "a1.wav": {"precision": 0.33962264150943394, "recall": 0.8181818181818182, "f-measure": 0.48}}}