{"team_name": "PKU_ADSP", "set_name": "VAL", "report_date": "12062021_15_33_47", "overall_scores": {"precision": 0.6698845750262329, "recall": 0.41293661060802067, "fmeasure (percentage)": 51.092}, "scores_per_subset": {"PB": {"precision": 0.6614173228346457, "recall": 0.3652173913043478, "f-measure": 0.47058823529411764}, "HV": {"precision": 0.6785714285714286, "recall": 0.475, "f-measure": 0.5588235294117647}}, "scores_per_audiofile": {"BUK5_20161101_002104a.wav": {"precision": 0.9259259259259259, "recall": 0.5681818181818182, "f-measure": 0.704225352112676}, "BUK1_20181011_001004.wav": {"precision": 0.7142857142857143, "recall": 0.6451612903225806, "f-measure": 0.6779661016949152}, "BUK1_20181013_023504.wav": {"precision": 0.25, "recall": 0.125, "f-measure": 0.16666666666666666}, "BUK4_20161011_000804.wav": {"precision": 0.3, "recall": 0.06382978723404255, "f-measure": 0.10526315789473684}, "BUK4_20171022_004304a.wav": {"precision": 0.4, "recall": 0.47058823529411764, "f-measure": 0.43243243243243246}, "BUK5_20180921_015906a.wav": {"precision": 1e-05, "recall": 1e-05, "f-measure": 1e-05}, "n1.wav": {"precision": 0.2857142857142857, "recall": 0.1111111111111111, "f-measure": 0.16}, "a1.wav": {"precision": 0.8095238095238095, "recall": 0.7727272727272727, "f-measure": 0.7906976744186046}}}