{"team_name": "PKU_ADSP", "set_name": "VAL", "report_date": "23042021_00_05_27", "overall_scores": {"precision": 0.43820957849406234, "recall": 0.40336336336336337, "fmeasure (percentage)": 42.007}, "scores_per_subset": {"PB": {"precision": 0.6576576576576577, "recall": 0.31063829787234043, "f-measure": 0.42196531791907516}, "HV": {"precision": 0.32857142857142857, "recall": 0.575, "f-measure": 0.41818181818181815}}, "scores_per_audiofile": {"BUK5_20161101_002104a.wav": {"precision": 0.9454545454545454, "recall": 0.5909090909090909, "f-measure": 0.7272727272727273}, "BUK1_20181011_001004.wav": {"precision": 0.6875, "recall": 0.3548387096774194, "f-measure": 0.46808510638297873}, "BUK1_20181013_023504.wav": {"precision": 0.14285714285714285, "recall": 0.08333333333333333, "f-measure": 0.10526315789473684}, "BUK4_20161011_000804.wav": {"precision": 0.18181818181818182, "recall": 0.0425531914893617, "f-measure": 0.06896551724137931}, "BUK4_20171022_004304a.wav": {"precision": 0.4, "recall": 0.35294117647058826, "f-measure": 0.375}, "BUK5_20180921_015906a.wav": {"precision": 1e-05, "recall": 1e-05, "f-measure": 1e-05}, "n1.wav": {"precision": 0.09302325581395349, "recall": 0.2222222222222222, "f-measure": 0.13114754098360656}, "a1.wav": {"precision": 0.7037037037037037, "recall": 0.8636363636363636, "f-measure": 0.7755102040816326}}}