{"team_name": "PKU_ADSP", "set_name": "VAL", "report_date": "13042021_17_19_37", "overall_scores": {"precision": 0.15692271497470886, "recall": 0.35059132720105124, "fmeasure (percentage)": 21.68}, "scores_per_subset": {"PB": {"precision": 0.10740740740740741, "recall": 0.25217391304347825, "f-measure": 0.15064935064935064}, "HV": {"precision": 0.2911392405063291, "recall": 0.575, "f-measure": 0.3865546218487395}}, "scores_per_audiofile": {"BUK5_20161101_002104a.wav": {"precision": 0.47297297297297297, "recall": 0.3977272727272727, "f-measure": 0.43209876543209874}, "BUK1_20181011_001004.wav": {"precision": 0.04961832061068702, "recall": 0.41935483870967744, "f-measure": 0.08873720136518772}, "BUK1_20181013_023504.wav": {"precision": 0.1111111111111111, "recall": 0.16666666666666666, "f-measure": 0.13333333333333333}, "BUK4_20161011_000804.wav": {"precision": 1e-05, "recall": 1e-05, "f-measure": 1e-05}, "BUK4_20171022_004304a.wav": {"precision": 0.6, "recall": 0.35294117647058826, "f-measure": 0.4444444444444444}, "BUK5_20180921_015906a.wav": {"precision": 1e-05, "recall": 1e-05, "f-measure": 1e-05}, "n1.wav": {"precision": 0.0851063829787234, "recall": 0.2222222222222222, "f-measure": 0.12307692307692308}, "a1.wav": {"precision": 0.59375, "recall": 0.8636363636363636, "f-measure": 0.7037037037037037}}}