{"team_name": "PKU_ADSP", "set_name": "VAL", "report_date": "21042021_20_17_54", "overall_scores": {"precision": 0.5290355589664876, "recall": 0.4689342403628118, "fmeasure (percentage)": 49.718}, "scores_per_subset": {"PB": {"precision": 0.48704663212435234, "recall": 0.40869565217391307, "f-measure": 0.4444444444444444}, "HV": {"precision": 0.5789473684210527, "recall": 0.55, "f-measure": 0.5641025641025641}}, "scores_per_audiofile": {"BUK5_20161101_002104a.wav": {"precision": 0.9636363636363636, "recall": 0.6022727272727273, "f-measure": 0.7412587412587412}, "BUK1_20181011_001004.wav": {"precision": 0.45098039215686275, "recall": 0.7419354838709677, "f-measure": 0.5609756097560976}, "BUK1_20181013_023504.wav": {"precision": 0.1875, "recall": 0.125, "f-measure": 0.15}, "BUK4_20161011_000804.wav": {"precision": 0.07692307692307693, "recall": 0.0425531914893617, "f-measure": 0.0547945205479452}, "BUK4_20171022_004304a.wav": {"precision": 0.5555555555555556, "recall": 0.5882352941176471, "f-measure": 0.5714285714285714}, "BUK5_20180921_015906a.wav": {"precision": 0.1111111111111111, "recall": 0.13043478260869565, "f-measure": 0.12}, "n1.wav": {"precision": 0.3333333333333333, "recall": 0.1111111111111111, "f-measure": 0.16666666666666666}, "a1.wav": {"precision": 0.625, "recall": 0.9090909090909091, "f-measure": 0.7407407407407407}}}