{"team_name": "PKU_ADSP", "set_name": "VAL", "report_date": "12062021_20_22_57", "overall_scores": {"precision": 0.6415094339622642, "recall": 0.425, "fmeasure (percentage)": 51.128}, "scores_per_subset": {"PB": {"precision": 0.7589285714285714, "recall": 0.3695652173913043, "f-measure": 0.49707602339181284}, "HV": {"precision": 0.5555555555555556, "recall": 0.5, "f-measure": 0.5263157894736842}}, "scores_per_audiofile": {"BUK5_20161101_002104a.wav": {"precision": 0.9444444444444444, "recall": 0.5795454545454546, "f-measure": 0.7183098591549296}, "BUK1_20181011_001004.wav": {"precision": 0.8181818181818182, "recall": 0.5806451612903226, "f-measure": 0.6792452830188679}, "BUK1_20181013_023504.wav": {"precision": 0.6, "recall": 0.25, "f-measure": 0.35294117647058826}, "BUK4_20161011_000804.wav": {"precision": 0.2857142857142857, "recall": 0.0425531914893617, "f-measure": 0.07407407407407407}, "BUK4_20171022_004304a.wav": {"precision": 0.47058823529411764, "recall": 0.47058823529411764, "f-measure": 0.47058823529411764}, "BUK5_20180921_015906a.wav": {"precision": 1e-05, "recall": 1e-05, "f-measure": 1e-05}, "n1.wav": {"precision": 0.14285714285714285, "recall": 0.1111111111111111, "f-measure": 0.125}, "a1.wav": {"precision": 0.8181818181818182, "recall": 0.8181818181818182, "f-measure": 0.8181818181818182}}}