{"team_name": "PKU_ADSP", "set_name": "VAL", "report_date": "13042021_17_43_28", "overall_scores": {"precision": 0.2703071672354949, "recall": 0.2684745762711864, "fmeasure (percentage)": 26.939}, "scores_per_subset": {"PB": {"precision": 0.25287356321839083, "recall": 0.19130434782608696, "f-measure": 0.21782178217821782}, "HV": {"precision": 0.2903225806451613, "recall": 0.45, "f-measure": 0.35294117647058826}}, "scores_per_audiofile": {"BUK5_20161101_002104a.wav": {"precision": 0.4189189189189189, "recall": 0.3522727272727273, "f-measure": 0.38271604938271603}, "BUK1_20181011_001004.wav": {"precision": 0.25, "recall": 0.0967741935483871, "f-measure": 0.13953488372093023}, "BUK1_20181013_023504.wav": {"precision": 0.10638297872340426, "recall": 0.20833333333333334, "f-measure": 0.14084507042253522}, "BUK4_20161011_000804.wav": {"precision": 1e-05, "recall": 1e-05, "f-measure": 1e-05}, "BUK4_20171022_004304a.wav": {"precision": 0.5555555555555556, "recall": 0.29411764705882354, "f-measure": 0.38461538461538464}, "BUK5_20180921_015906a.wav": {"precision": 1e-05, "recall": 1e-05, "f-measure": 1e-05}, "n1.wav": {"precision": 1e-05, "recall": 1e-05, "f-measure": 1e-05}, "a1.wav": {"precision": 0.6206896551724138, "recall": 0.8181818181818182, "f-measure": 0.7058823529411765}}}