{"team_name": "PKU_ADSP", "set_name": "VAL", "report_date": "13042021_16_44_25", "overall_scores": {"precision": 0.005638760141066464, "recall": 0.45050055617352613, "fmeasure (percentage)": 1.114}, "scores_per_subset": {"PB": {"precision": 0.002953617269544924, "recall": 0.3521739130434783, "f-measure": 0.0058581037101323495}, "HV": {"precision": 0.062034739454094295, "recall": 0.625, "f-measure": 0.11286681715575621}}, "scores_per_audiofile": {"BUK5_20161101_002104a.wav": {"precision": 0.01557632398753894, "recall": 0.5113636363636364, "f-measure": 0.030231776956667785}, "BUK1_20181011_001004.wav": {"precision": 0.004417261297995243, "recall": 0.41935483870967744, "f-measure": 0.008742434431741762}, "BUK1_20181013_023504.wav": {"precision": 0.00016246953696181965, "recall": 0.041666666666666664, "f-measure": 0.0003236769703835572}, "BUK4_20161011_000804.wav": {"precision": 1e-05, "recall": 1e-05, "f-measure": 1e-05}, "BUK4_20171022_004304a.wav": {"precision": 0.007129277566539924, "recall": 0.8823529411764706, "f-measure": 0.014144271570014143}, "BUK5_20180921_015906a.wav": {"precision": 0.0010401188707280832, "recall": 0.30434782608695654, "f-measure": 0.002073152672886125}, "n1.wav": {"precision": 0.04330708661417323, "recall": 0.6111111111111112, "f-measure": 0.08088235294117647}, "a1.wav": {"precision": 0.09395973154362416, "recall": 0.6363636363636364, "f-measure": 0.16374269005847952}}}