{"team_name": "PKU_ADSP", "set_name": "VAL", "report_date": "03052021_20_46_00", "overall_scores": {"precision": 0.49223778871639523, "recall": 0.4342984409799555, "fmeasure (percentage)": 46.146}, "scores_per_subset": {"PB": {"precision": 0.6097560975609756, "recall": 0.32608695652173914, "f-measure": 0.42492917847025496}, "HV": {"precision": 0.4126984126984127, "recall": 0.65, "f-measure": 0.5048543689320388}}, "scores_per_audiofile": {"BUK5_20161101_002104a.wav": {"precision": 0.9591836734693877, "recall": 0.5340909090909091, "f-measure": 0.6861313868613139}, "BUK1_20181011_001004.wav": {"precision": 0.48484848484848486, "recall": 0.5161290322580645, "f-measure": 0.5}, "BUK1_20181013_023504.wav": {"precision": 0.4, "recall": 0.16666666666666666, "f-measure": 0.23529411764705882}, "BUK4_20161011_000804.wav": {"precision": 0.16666666666666666, "recall": 0.0425531914893617, "f-measure": 0.06779661016949153}, "BUK4_20171022_004304a.wav": {"precision": 0.42857142857142855, "recall": 0.35294117647058826, "f-measure": 0.3870967741935484}, "BUK5_20180921_015906a.wav": {"precision": 1e-05, "recall": 1e-05, "f-measure": 1e-05}, "n1.wav": {"precision": 0.20689655172413793, "recall": 0.3333333333333333, "f-measure": 0.2553191489361702}, "a1.wav": {"precision": 0.5882352941176471, "recall": 0.9090909090909091, "f-measure": 0.7142857142857143}}}