{"team_name": "PKU_ADSP", "set_name": "VAL", "report_date": "18072021_16_22_07", "overall_scores": {"precision": 0.49143665958952587, "recall": 0.3705442902881537, "fmeasure (percentage)": 42.251}, "scores_per_subset": {"PB": {"precision": 0.6436781609195402, "recall": 0.24347826086956523, "f-measure": 0.35331230283911674}, "HV": {"precision": 0.3974358974358974, "recall": 0.775, "f-measure": 0.5254237288135594}}, "scores_per_audiofile": {"BUK5_20161101_002104a.wav": {"precision": 1.0, "recall": 0.3977272727272727, "f-measure": 0.5691056910569106}, "BUK1_20181011_001004.wav": {"precision": 0.6428571428571429, "recall": 0.2903225806451613, "f-measure": 0.4}, "BUK1_20181013_023504.wav": {"precision": 0.45454545454545453, "recall": 0.20833333333333334, "f-measure": 0.2857142857142857}, "BUK4_20161011_000804.wav": {"precision": 1e-05, "recall": 1e-05, "f-measure": 1e-05}, "BUK4_20171022_004304a.wav": {"precision": 0.46153846153846156, "recall": 0.35294117647058826, "f-measure": 0.4}, "BUK5_20180921_015906a.wav": {"precision": 0.25, "recall": 0.043478260869565216, "f-measure": 0.07407407407407407}, "n1.wav": {"precision": 0.2391304347826087, "recall": 0.6111111111111112, "f-measure": 0.34375}, "a1.wav": {"precision": 0.625, "recall": 0.9090909090909091, "f-measure": 0.7407407407407407}}}