{"team_name": "PKU_ADSP", "set_name": "VAL", "report_date": "02052021_23_38_12", "overall_scores": {"precision": 0.19338624338624338, "recall": 0.39782312925170066, "fmeasure (percentage)": 26.026}, "scores_per_subset": {"PB": {"precision": 0.14429530201342283, "recall": 0.3739130434782609, "f-measure": 0.20823244552058112}, "HV": {"precision": 0.29310344827586204, "recall": 0.425, "f-measure": 0.3469387755102041}}, "scores_per_audiofile": {"BUK5_20161101_002104a.wav": {"precision": 0.9245283018867925, "recall": 0.5568181818181818, "f-measure": 0.6950354609929078}, "BUK1_20181011_001004.wav": {"precision": 0.42592592592592593, "recall": 0.7419354838709677, "f-measure": 0.5411764705882353}, "BUK1_20181013_023504.wav": {"precision": 0.04938271604938271, "recall": 0.16666666666666666, "f-measure": 0.0761904761904762}, "BUK4_20161011_000804.wav": {"precision": 0.022727272727272728, "recall": 0.02127659574468085, "f-measure": 0.02197802197802198}, "BUK4_20171022_004304a.wav": {"precision": 0.3333333333333333, "recall": 0.47058823529411764, "f-measure": 0.3902439024390244}, "BUK5_20180921_015906a.wav": {"precision": 0.0029411764705882353, "recall": 0.043478260869565216, "f-measure": 0.005509641873278237}, "n1.wav": {"precision": 1e-05, "recall": 1e-05, "f-measure": 1e-05}, "a1.wav": {"precision": 0.3148148148148148, "recall": 0.7727272727272727, "f-measure": 0.4473684210526316}}}