{"team_name": "PKU_ADSP", "set_name": "VAL", "report_date": "11042021_16_38_52", "overall_scores": {"precision": 1.9996500612392834e-05, "recall": 1.99990000499975e-05, "fmeasure (percentage)": 0.002}, "scores_per_subset": {"PB": {"precision": 1e-05, "recall": 1e-05, "f-measure": 1e-05}, "HV": {"precision": 0.05714285714285714, "recall": 0.2, "f-measure": 0.08888888888888889}}, "scores_per_audiofile": {"BUK5_20161101_002104a.wav": {"precision": 1e-05, "recall": 1e-05, "f-measure": 1e-05}, "BUK1_20181011_001004.wav": {"precision": 1e-05, "recall": 1e-05, "f-measure": 1e-05}, "BUK1_20181013_023504.wav": {"precision": 1e-05, "recall": 1e-05, "f-measure": 1e-05}, "BUK4_20161011_000804.wav": {"precision": 1e-05, "recall": 1e-05, "f-measure": 1e-05}, "BUK4_20171022_004304a.wav": {"precision": 1e-05, "recall": 1e-05, "f-measure": 1e-05}, "BUK5_20180921_015906a.wav": {"precision": 1e-05, "recall": 1e-05, "f-measure": 1e-05}, "n1.wav": {"precision": 1e-05, "recall": 1e-05, "f-measure": 1e-05}, "a1.wav": {"precision": 0.05755395683453238, "recall": 0.36363636363636365, "f-measure": 0.09937888198757763}}}