{"team_name": "PKU_ADSP", "set_name": "VAL", "report_date": "18072021_16_25_37", "overall_scores": {"precision": 0.3819858925664677, "recall": 0.5543307086614173, "fmeasure (percentage)": 45.23}, "scores_per_subset": {"PB": {"precision": 0.3595505617977528, "recall": 0.41739130434782606, "f-measure": 0.386317907444668}, "HV": {"precision": 0.4074074074074074, "recall": 0.825, "f-measure": 0.5454545454545454}}, "scores_per_audiofile": {"BUK5_20161101_002104a.wav": {"precision": 0.9682539682539683, "recall": 0.6931818181818182, "f-measure": 0.8079470198675497}, "BUK1_20181011_001004.wav": {"precision": 0.18181818181818182, "recall": 0.7741935483870968, "f-measure": 0.294478527607362}, "BUK1_20181013_023504.wav": {"precision": 0.09523809523809523, "recall": 0.08333333333333333, "f-measure": 0.08888888888888889}, "BUK4_20161011_000804.wav": {"precision": 0.043478260869565216, "recall": 0.02127659574468085, "f-measure": 0.02857142857142857}, "BUK4_20171022_004304a.wav": {"precision": 0.5, "recall": 0.47058823529411764, "f-measure": 0.48484848484848486}, "BUK5_20180921_015906a.wav": {"precision": 1e-05, "recall": 1e-05, "f-measure": 1e-05}, "n1.wav": {"precision": 0.2653061224489796, "recall": 0.7222222222222222, "f-measure": 0.3880597014925373}, "a1.wav": {"precision": 0.625, "recall": 0.9090909090909091, "f-measure": 0.7407407407407407}}}