{"team_name": "PKU_ADSP", "set_name": "VAL", "report_date": "29042021_22_46_20", "overall_scores": {"precision": 0.5711940910956094, "recall": 0.46399999999999997, "fmeasure (percentage)": 51.205}, "scores_per_subset": {"PB": {"precision": 0.6850393700787402, "recall": 0.3782608695652174, "f-measure": 0.48739495798319327}, "HV": {"precision": 0.4897959183673469, "recall": 0.6, "f-measure": 0.5393258426966292}}, "scores_per_audiofile": {"BUK5_20161101_002104a.wav": {"precision": 0.9622641509433962, "recall": 0.5795454545454546, "f-measure": 0.723404255319149}, "BUK1_20181011_001004.wav": {"precision": 0.7857142857142857, "recall": 0.7096774193548387, "f-measure": 0.7457627118644068}, "BUK1_20181013_023504.wav": {"precision": 0.23076923076923078, "recall": 0.125, "f-measure": 0.16216216216216217}, "BUK4_20161011_000804.wav": {"precision": 0.2222222222222222, "recall": 0.0425531914893617, "f-measure": 0.07142857142857142}, "BUK4_20171022_004304a.wav": {"precision": 0.5625, "recall": 0.5294117647058824, "f-measure": 0.5454545454545454}, "BUK5_20180921_015906a.wav": {"precision": 1e-05, "recall": 1e-05, "f-measure": 1e-05}, "n1.wav": {"precision": 0.26666666666666666, "recall": 0.2222222222222222, "f-measure": 0.24242424242424243}, "a1.wav": {"precision": 0.5882352941176471, "recall": 0.9090909090909091, "f-measure": 0.7142857142857143}}}