{"team_name": "PKU_ADSP", "set_name": "VAL", "report_date": "16042021_22_02_17", "overall_scores": {"precision": 0.51009564293305, "recall": 0.45497630331753547, "fmeasure (percentage)": 48.096}, "scores_per_subset": {"PB": {"precision": 0.5647058823529412, "recall": 0.41739130434782606, "f-measure": 0.48}, "HV": {"precision": 0.46511627906976744, "recall": 0.5, "f-measure": 0.4819277108433735}}, "scores_per_audiofile": {"BUK5_20161101_002104a.wav": {"precision": 0.9230769230769231, "recall": 0.6818181818181818, "f-measure": 0.7843137254901961}, "BUK1_20181011_001004.wav": {"precision": 0.5476190476190477, "recall": 0.7419354838709677, "f-measure": 0.6301369863013698}, "BUK1_20181013_023504.wav": {"precision": 0.125, "recall": 0.08333333333333333, "f-measure": 0.1}, "BUK4_20161011_000804.wav": {"precision": 0.05, "recall": 0.02127659574468085, "f-measure": 0.029850746268656716}, "BUK4_20171022_004304a.wav": {"precision": 0.5, "recall": 0.5294117647058824, "f-measure": 0.5142857142857142}, "BUK5_20180921_015906a.wav": {"precision": 0.1111111111111111, "recall": 0.043478260869565216, "f-measure": 0.0625}, "n1.wav": {"precision": 1e-05, "recall": 1e-05, "f-measure": 1e-05}, "a1.wav": {"precision": 0.625, "recall": 0.9090909090909091, "f-measure": 0.7407407407407407}}}