{"team_name": "PKU_ADSP", "set_name": "VAL", "report_date": "11042021_10_29_18", "overall_scores": {"precision": 0.0067863672665209925, "recall": 0.5057401812688822, "fmeasure (percentage)": 1.339}, "scores_per_subset": {"PB": {"precision": 0.007834877843302442, "recall": 0.4043478260869565, "f-measure": 0.01537190082644628}, "HV": {"precision": 0.005985369097761028, "recall": 0.675, "f-measure": 0.011865524060646011}}, "scores_per_audiofile": {"BUK5_20161101_002104a.wav": {"precision": 0.0179010179010179, "recall": 0.5795454545454546, "f-measure": 0.03472931562819203}, "BUK1_20181011_001004.wav": {"precision": 0.006776379477250726, "recall": 0.6774193548387096, "f-measure": 0.0134185303514377}, "BUK1_20181013_023504.wav": {"precision": 0.005376344086021506, "recall": 0.20833333333333334, "f-measure": 0.010482180293501049}, "BUK4_20161011_000804.wav": {"precision": 0.0032258064516129032, "recall": 0.06382978723404255, "f-measure": 0.006141248720573183}, "BUK4_20171022_004304a.wav": {"precision": 0.01361573373676248, "recall": 0.5294117647058824, "f-measure": 0.02654867256637168}, "BUK5_20180921_015906a.wav": {"precision": 0.0011761246692149367, "recall": 0.17391304347826086, "f-measure": 0.002336448598130841}, "n1.wav": {"precision": 0.002081165452653486, "recall": 0.3333333333333333, "f-measure": 0.004136504653567736}, "a1.wav": {"precision": 0.012899262899262898, "recall": 0.9545454545454546, "f-measure": 0.025454545454545455}}}