{"team_name": "PKU_ADSP", "set_name": "VAL", "report_date": "12062021_16_06_40", "overall_scores": {"precision": 0.6830738322451029, "recall": 0.38255977496483823, "fmeasure (percentage)": 49.044}, "scores_per_subset": {"PB": {"precision": 0.6349206349206349, "recall": 0.34782608695652173, "f-measure": 0.449438202247191}, "HV": {"precision": 0.7391304347826086, "recall": 0.425, "f-measure": 0.5396825396825397}}, "scores_per_audiofile": {"BUK5_20161101_002104a.wav": {"precision": 0.9245283018867925, "recall": 0.5568181818181818, "f-measure": 0.6950354609929078}, "BUK1_20181011_001004.wav": {"precision": 0.6333333333333333, "recall": 0.6129032258064516, "f-measure": 0.6229508196721312}, "BUK1_20181013_023504.wav": {"precision": 0.09090909090909091, "recall": 0.041666666666666664, "f-measure": 0.05714285714285714}, "BUK4_20161011_000804.wav": {"precision": 0.3, "recall": 0.06382978723404255, "f-measure": 0.10526315789473684}, "BUK4_20171022_004304a.wav": {"precision": 0.42105263157894735, "recall": 0.47058823529411764, "f-measure": 0.4444444444444444}, "BUK5_20180921_015906a.wav": {"precision": 1e-05, "recall": 1e-05, "f-measure": 1e-05}, "n1.wav": {"precision": 0.4, "recall": 0.1111111111111111, "f-measure": 0.17391304347826086}, "a1.wav": {"precision": 0.8333333333333334, "recall": 0.6818181818181818, "f-measure": 0.75}}}