{"team_name": "PKU_ADSP", "set_name": "VAL", "report_date": "23042021_11_23_37", "overall_scores": {"precision": 0.6668076109936575, "recall": 0.38914250462677363, "fmeasure (percentage)": 49.147}, "scores_per_subset": {"PB": {"precision": 0.6335877862595419, "recall": 0.36086956521739133, "f-measure": 0.4598337950138504}, "HV": {"precision": 0.7037037037037037, "recall": 0.4222222222222222, "f-measure": 0.5277777777777778}}, "scores_per_audiofile": {"BUK5_20161101_002104a.wav": {"precision": 0.9166666666666666, "recall": 0.625, "f-measure": 0.7432432432432432}, "BUK1_20181011_001004.wav": {"precision": 0.7, "recall": 0.45161290322580644, "f-measure": 0.5490196078431373}, "BUK1_20181013_023504.wav": {"precision": 0.13333333333333333, "recall": 0.08333333333333333, "f-measure": 0.10256410256410256}, "BUK4_20161011_000804.wav": {"precision": 0.21428571428571427, "recall": 0.06382978723404255, "f-measure": 0.09836065573770492}, "BUK4_20171022_004304a.wav": {"precision": 0.45, "recall": 0.5294117647058824, "f-measure": 0.4864864864864865}, "BUK5_20180921_015906a.wav": {"precision": 1e-05, "recall": 1e-05, "f-measure": 1e-05}, "n1.wav": {"precision": 1e-05, "recall": 1e-05, "f-measure": 1e-05}, "a1.wav": {"precision": 0.7037037037037037, "recall": 0.8636363636363636, "f-measure": 0.7755102040816326}}}