{"team_name": "PKU_ADSP", "set_name": "VAL", "report_date": "21042021_15_44_13", "overall_scores": {"precision": 0.3264462809917355, "recall": 0.4711729622266401, "fmeasure (percentage)": 38.568}, "scores_per_subset": {"PB": {"precision": 0.47023809523809523, "recall": 0.34347826086956523, "f-measure": 0.3969849246231156}, "HV": {"precision": 0.25, "recall": 0.75, "f-measure": 0.375}}, "scores_per_audiofile": {"BUK5_20161101_002104a.wav": {"precision": 0.8461538461538461, "recall": 0.625, "f-measure": 0.7189542483660131}, "BUK1_20181011_001004.wav": {"precision": 0.42857142857142855, "recall": 0.4838709677419355, "f-measure": 0.45454545454545453}, "BUK1_20181013_023504.wav": {"precision": 0.09090909090909091, "recall": 0.041666666666666664, "f-measure": 0.05714285714285714}, "BUK4_20161011_000804.wav": {"precision": 1e-05, "recall": 1e-05, "f-measure": 1e-05}, "BUK4_20171022_004304a.wav": {"precision": 0.38095238095238093, "recall": 0.47058823529411764, "f-measure": 0.42105263157894735}, "BUK5_20180921_015906a.wav": {"precision": 1e-05, "recall": 1e-05, "f-measure": 1e-05}, "n1.wav": {"precision": 0.12359550561797752, "recall": 0.6111111111111112, "f-measure": 0.205607476635514}, "a1.wav": {"precision": 0.6129032258064516, "recall": 0.8636363636363636, "f-measure": 0.7169811320754716}}}