{"team_name": "PKU_ADSP", "set_name": "VAL", "report_date": "18042021_23_53_03", "overall_scores": {"precision": 0.08718234093860136, "recall": 0.22488038277511962, "fmeasure (percentage)": 12.565}, "scores_per_subset": {"PB": {"precision": 0.054524361948955914, "recall": 0.20434782608695654, "f-measure": 0.08608058608058608}, "HV": {"precision": 0.21739130434782608, "recall": 0.25, "f-measure": 0.23255813953488372}}, "scores_per_audiofile": {"BUK5_20161101_002104a.wav": {"precision": 0.4838709677419355, "recall": 0.3409090909090909, "f-measure": 0.4}, "BUK1_20181011_001004.wav": {"precision": 0.02564102564102564, "recall": 0.03225806451612903, "f-measure": 0.02857142857142857}, "BUK1_20181013_023504.wav": {"precision": 1e-05, "recall": 1e-05, "f-measure": 1e-05}, "BUK4_20161011_000804.wav": {"precision": 0.011764705882352941, "recall": 0.02127659574468085, "f-measure": 0.015151515151515152}, "BUK4_20171022_004304a.wav": {"precision": 0.2826086956521739, "recall": 0.7647058823529411, "f-measure": 0.4126984126984127}, "BUK5_20180921_015906a.wav": {"precision": 0.004819277108433735, "recall": 0.08695652173913043, "f-measure": 0.0091324200913242}, "n1.wav": {"precision": 0.05555555555555555, "recall": 0.05555555555555555, "f-measure": 0.05555555555555555}, "a1.wav": {"precision": 0.32142857142857145, "recall": 0.4090909090909091, "f-measure": 0.36}}}