{"team_name": "PKU_ADSP", "set_name": "VAL", "report_date": "26042021_20_24_09", "overall_scores": {"precision": 0.6156849983729255, "recall": 0.44517647058823534, "fmeasure (percentage)": 51.673}, "scores_per_subset": {"PB": {"precision": 0.6991869918699187, "recall": 0.3739130434782609, "f-measure": 0.48725212464589235}, "HV": {"precision": 0.55, "recall": 0.55, "f-measure": 0.55}}, "scores_per_audiofile": {"BUK5_20161101_002104a.wav": {"precision": 0.9655172413793104, "recall": 0.6363636363636364, "f-measure": 0.7671232876712328}, "BUK1_20181011_001004.wav": {"precision": 0.68, "recall": 0.5483870967741935, "f-measure": 0.6071428571428571}, "BUK1_20181013_023504.wav": {"precision": 0.3333333333333333, "recall": 0.16666666666666666, "f-measure": 0.2222222222222222}, "BUK4_20161011_000804.wav": {"precision": 0.2, "recall": 0.0425531914893617, "f-measure": 0.07017543859649122}, "BUK4_20171022_004304a.wav": {"precision": 0.42857142857142855, "recall": 0.35294117647058826, "f-measure": 0.3870967741935484}, "BUK5_20180921_015906a.wav": {"precision": 0.25, "recall": 0.043478260869565216, "f-measure": 0.07407407407407407}, "n1.wav": {"precision": 0.26666666666666666, "recall": 0.2222222222222222, "f-measure": 0.24242424242424243}, "a1.wav": {"precision": 0.72, "recall": 0.8181818181818182, "f-measure": 0.7659574468085106}}}