{"team_name": "PKU_ADSP", "set_name": "VAL", "report_date": "03052021_17_16_56", "overall_scores": {"precision": 0.6473537604456825, "recall": 0.4277300613496933, "fmeasure (percentage)": 51.511}, "scores_per_subset": {"PB": {"precision": 0.6587301587301587, "recall": 0.36086956521739133, "f-measure": 0.46629213483146065}, "HV": {"precision": 0.6363636363636364, "recall": 0.525, "f-measure": 0.5753424657534246}}, "scores_per_audiofile": {"BUK5_20161101_002104a.wav": {"precision": 0.9649122807017544, "recall": 0.625, "f-measure": 0.7586206896551724}, "BUK1_20181011_001004.wav": {"precision": 0.5757575757575758, "recall": 0.6129032258064516, "f-measure": 0.59375}, "BUK1_20181013_023504.wav": {"precision": 0.3333333333333333, "recall": 0.125, "f-measure": 0.18181818181818182}, "BUK4_20161011_000804.wav": {"precision": 1e-05, "recall": 1e-05, "f-measure": 1e-05}, "BUK4_20171022_004304a.wav": {"precision": 0.4, "recall": 0.35294117647058826, "f-measure": 0.375}, "BUK5_20180921_015906a.wav": {"precision": 1e-05, "recall": 1e-05, "f-measure": 1e-05}, "n1.wav": {"precision": 0.25, "recall": 0.05555555555555555, "f-measure": 0.09090909090909091}, "a1.wav": {"precision": 0.6896551724137931, "recall": 0.9090909090909091, "f-measure": 0.7843137254901961}}}