{"team_name": "PKU_ADSP", "set_name": "VAL", "report_date": "14042021_23_41_26", "overall_scores": {"precision": 0.1923076923076923, "recall": 0.42424242424242425, "fmeasure (percentage)": 26.465}, "scores_per_subset": {"PB": {"precision": 0.21021021021021022, "recall": 0.30434782608695654, "f-measure": 0.24866785079928952}, "HV": {"precision": 0.17721518987341772, "recall": 0.7, "f-measure": 0.2828282828282828}}, "scores_per_audiofile": {"BUK5_20161101_002104a.wav": {"precision": 0.40384615384615385, "recall": 0.4772727272727273, "f-measure": 0.4375}, "BUK1_20181011_001004.wav": {"precision": 0.2608695652173913, "recall": 0.3870967741935484, "f-measure": 0.3116883116883117}, "BUK1_20181013_023504.wav": {"precision": 0.0847457627118644, "recall": 0.20833333333333334, "f-measure": 0.12048192771084337}, "BUK4_20161011_000804.wav": {"precision": 0.016666666666666666, "recall": 0.02127659574468085, "f-measure": 0.018691588785046728}, "BUK4_20171022_004304a.wav": {"precision": 0.3225806451612903, "recall": 0.5882352941176471, "f-measure": 0.4166666666666667}, "BUK5_20180921_015906a.wav": {"precision": 1e-05, "recall": 1e-05, "f-measure": 1e-05}, "n1.wav": {"precision": 0.06956521739130435, "recall": 0.4444444444444444, "f-measure": 0.12030075187969924}, "a1.wav": {"precision": 0.46511627906976744, "recall": 0.9090909090909091, "f-measure": 0.6153846153846154}}}