{"team_name": "PKU_ADSP", "set_name": "VAL", "report_date": "01052021_11_07_19", "overall_scores": {"precision": 0.46453936180854255, "recall": 0.4812435233160622, "fmeasure (percentage)": 47.274}, "scores_per_subset": {"PB": {"precision": 0.688, "recall": 0.3739130434782609, "f-measure": 0.48450704225352115}, "HV": {"precision": 0.35064935064935066, "recall": 0.675, "f-measure": 0.46153846153846156}}, "scores_per_audiofile": {"BUK5_20161101_002104a.wav": {"precision": 0.9622641509433962, "recall": 0.5795454545454546, "f-measure": 0.723404255319149}, "BUK1_20181011_001004.wav": {"precision": 0.8461538461538461, "recall": 0.7096774193548387, "f-measure": 0.7719298245614035}, "BUK1_20181013_023504.wav": {"precision": 0.21428571428571427, "recall": 0.125, "f-measure": 0.15789473684210525}, "BUK4_20161011_000804.wav": {"precision": 0.2222222222222222, "recall": 0.0425531914893617, "f-measure": 0.07142857142857142}, "BUK4_20171022_004304a.wav": {"precision": 0.5714285714285714, "recall": 0.47058823529411764, "f-measure": 0.5161290322580645}, "BUK5_20180921_015906a.wav": {"precision": 1e-05, "recall": 1e-05, "f-measure": 1e-05}, "n1.wav": {"precision": 0.16279069767441862, "recall": 0.3888888888888889, "f-measure": 0.22950819672131148}, "a1.wav": {"precision": 0.5882352941176471, "recall": 0.9090909090909091, "f-measure": 0.7142857142857143}}}