{"team_name": "PKU_ADSP", "set_name": "VAL", "report_date": "04052021_15_59_31", "overall_scores": {"precision": 0.544891640866873, "recall": 0.44263473053892216, "fmeasure (percentage)": 48.847}, "scores_per_subset": {"PB": {"precision": 0.5986394557823129, "recall": 0.3826086956521739, "f-measure": 0.46684350132625996}, "HV": {"precision": 0.5, "recall": 0.525, "f-measure": 0.5121951219512195}}, "scores_per_audiofile": {"BUK5_20161101_002104a.wav": {"precision": 0.9661016949152542, "recall": 0.6477272727272727, "f-measure": 0.7755102040816326}, "BUK1_20181011_001004.wav": {"precision": 0.6521739130434783, "recall": 0.4838709677419355, "f-measure": 0.5555555555555556}, "BUK1_20181013_023504.wav": {"precision": 0.14285714285714285, "recall": 0.08333333333333333, "f-measure": 0.10526315789473684}, "BUK4_20161011_000804.wav": {"precision": 0.11764705882352941, "recall": 0.0425531914893617, "f-measure": 0.0625}, "BUK4_20171022_004304a.wav": {"precision": 0.5, "recall": 0.5882352941176471, "f-measure": 0.5405405405405406}, "BUK5_20180921_015906a.wav": {"precision": 0.14285714285714285, "recall": 0.08695652173913043, "f-measure": 0.10810810810810811}, "n1.wav": {"precision": 0.16666666666666666, "recall": 0.05555555555555555, "f-measure": 0.08333333333333333}, "a1.wav": {"precision": 0.5555555555555556, "recall": 0.9090909090909091, "f-measure": 0.6896551724137931}}}