{"team_name": "PKU_ADSP", "set_name": "VAL", "report_date": "13042021_17_23_40", "overall_scores": {"precision": 0.24398073836276082, "recall": 0.2727569331158238, "fmeasure (percentage)": 25.757}, "scores_per_subset": {"PB": {"precision": 0.23529411764705882, "recall": 0.19130434782608696, "f-measure": 0.21103117505995203}, "HV": {"precision": 0.25333333333333335, "recall": 0.475, "f-measure": 0.33043478260869563}}, "scores_per_audiofile": {"BUK5_20161101_002104a.wav": {"precision": 0.4146341463414634, "recall": 0.38636363636363635, "f-measure": 0.4}, "BUK1_20181011_001004.wav": {"precision": 0.0625, "recall": 0.03225806451612903, "f-measure": 0.0425531914893617}, "BUK1_20181013_023504.wav": {"precision": 0.075, "recall": 0.125, "f-measure": 0.09375}, "BUK4_20161011_000804.wav": {"precision": 1e-05, "recall": 1e-05, "f-measure": 1e-05}, "BUK4_20171022_004304a.wav": {"precision": 0.6, "recall": 0.35294117647058826, "f-measure": 0.4444444444444444}, "BUK5_20180921_015906a.wav": {"precision": 1e-05, "recall": 1e-05, "f-measure": 1e-05}, "n1.wav": {"precision": 0.043478260869565216, "recall": 0.1111111111111111, "f-measure": 0.0625}, "a1.wav": {"precision": 0.5862068965517241, "recall": 0.7727272727272727, "f-measure": 0.6666666666666666}}}