{"team_name": "PKU_ADSP", "set_name": "VAL", "report_date": "18042021_22_36_27", "overall_scores": {"precision": 0.2786377708978328, "recall": 0.5142857142857143, "fmeasure (percentage)": 36.145}, "scores_per_subset": {"PB": {"precision": 0.3358208955223881, "recall": 0.391304347826087, "f-measure": 0.3614457831325301}, "HV": {"precision": 0.23809523809523808, "recall": 0.75, "f-measure": 0.3614457831325301}}, "scores_per_audiofile": {"BUK5_20161101_002104a.wav": {"precision": 0.9444444444444444, "recall": 0.5795454545454546, "f-measure": 0.7183098591549296}, "BUK1_20181011_001004.wav": {"precision": 0.176056338028169, "recall": 0.8064516129032258, "f-measure": 0.28901734104046245}, "BUK1_20181013_023504.wav": {"precision": 0.05263157894736842, "recall": 0.041666666666666664, "f-measure": 0.046511627906976744}, "BUK4_20161011_000804.wav": {"precision": 0.09090909090909091, "recall": 0.0425531914893617, "f-measure": 0.057971014492753624}, "BUK4_20171022_004304a.wav": {"precision": 0.5, "recall": 0.47058823529411764, "f-measure": 0.48484848484848486}, "BUK5_20180921_015906a.wav": {"precision": 0.2, "recall": 0.13043478260869565, "f-measure": 0.15789473684210525}, "n1.wav": {"precision": 0.10752688172043011, "recall": 0.5555555555555556, "f-measure": 0.18018018018018017}, "a1.wav": {"precision": 0.6060606060606061, "recall": 0.9090909090909091, "f-measure": 0.7272727272727273}}}