{"team_name": "PKU_ADSP", "set_name": "VAL", "report_date": "10042021_23_04_15", "overall_scores": {"precision": 0.005503276291260619, "recall": 0.5503255813953488, "fmeasure (percentage)": 1.09}, "scores_per_subset": {"PB": {"precision": 0.005689424364123159, "recall": 0.4434782608695652, "f-measure": 0.011234717479898668}, "HV": {"precision": 0.005328923190003675, "recall": 0.725, "f-measure": 0.010580080262677856}}, "scores_per_audiofile": {"BUK5_20161101_002104a.wav": {"precision": 0.022449783379283182, "recall": 0.6477272727272727, "f-measure": 0.04339550818424058}, "BUK1_20181011_001004.wav": {"precision": 0.005045651129264777, "recall": 0.6774193548387096, "f-measure": 0.01001669449081803}, "BUK1_20181013_023504.wav": {"precision": 0.00024679170779861795, "recall": 0.041666666666666664, "f-measure": 0.0004906771344455348}, "BUK4_20161011_000804.wav": {"precision": 0.0012135922330097086, "recall": 0.0425531914893617, "f-measure": 0.002359882005899705}, "BUK4_20171022_004304a.wav": {"precision": 0.013901760889712697, "recall": 0.8823529411764706, "f-measure": 0.02737226277372263}, "BUK5_20180921_015906a.wav": {"precision": 0.0013489208633093526, "recall": 0.2608695652173913, "f-measure": 0.0026839633191679713}, "n1.wav": {"precision": 0.003228410008071025, "recall": 0.4444444444444444, "f-measure": 0.00641025641025641}, "a1.wav": {"precision": 0.00708502024291498, "recall": 0.9545454545454546, "f-measure": 0.01406563965170797}}}