{"team_name": "PKU_ADSP", "set_name": "VAL", "report_date": "13042021_18_08_18", "overall_scores": {"precision": 0.625, "recall": 0.0773286467486819, "fmeasure (percentage)": 13.763}, "scores_per_subset": {"PB": {"precision": 0.5, "recall": 0.04680851063829787, "f-measure": 0.08560311284046693}, "HV": {"precision": 0.8333333333333334, "recall": 0.2222222222222222, "f-measure": 0.3508771929824561}}, "scores_per_audiofile": {"BUK5_20161101_002104a.wav": {"precision": 0.8, "recall": 0.09090909090909091, "f-measure": 0.16326530612244897}, "BUK1_20181011_001004.wav": {"precision": 0.5, "recall": 0.03225806451612903, "f-measure": 0.06060606060606061}, "BUK1_20181013_023504.wav": {"precision": 0.16666666666666666, "recall": 0.041666666666666664, "f-measure": 0.06666666666666667}, "BUK4_20161011_000804.wav": {"precision": 1e-05, "recall": 1e-05, "f-measure": 1e-05}, "BUK4_20171022_004304a.wav": {"precision": 0.5, "recall": 0.058823529411764705, "f-measure": 0.10526315789473684}, "BUK5_20180921_015906a.wav": {"precision": 1e-05, "recall": 1e-05, "f-measure": 1e-05}, "n1.wav": {"precision": 1e-05, "recall": 1e-05, "f-measure": 1e-05}, "a1.wav": {"precision": 0.8333333333333334, "recall": 0.45454545454545453, "f-measure": 0.5882352941176471}}}