{"team_name": "PKU_ADSP", "set_name": "VAL", "report_date": "12042021_12_22_25", "overall_scores": {"precision": 0.2909930715935335, "recall": 0.10413223140495868, "fmeasure (percentage)": 15.338}, "scores_per_subset": {"PB": {"precision": 0.225, "recall": 0.0782608695652174, "f-measure": 0.11612903225806452}, "HV": {"precision": 0.4117647058823529, "recall": 0.15555555555555556, "f-measure": 0.22580645161290322}}, "scores_per_audiofile": {"BUK5_20161101_002104a.wav": {"precision": 0.8571428571428571, "recall": 0.13636363636363635, "f-measure": 0.23529411764705882}, "BUK1_20181011_001004.wav": {"precision": 0.2, "recall": 0.06451612903225806, "f-measure": 0.0975609756097561}, "BUK1_20181013_023504.wav": {"precision": 0.1, "recall": 0.041666666666666664, "f-measure": 0.058823529411764705}, "BUK4_20161011_000804.wav": {"precision": 0.045454545454545456, "recall": 0.0425531914893617, "f-measure": 0.04395604395604396}, "BUK4_20171022_004304a.wav": {"precision": 1.0, "recall": 0.058823529411764705, "f-measure": 0.1111111111111111}, "BUK5_20180921_015906a.wav": {"precision": 1e-05, "recall": 1e-05, "f-measure": 1e-05}, "n1.wav": {"precision": 1e-05, "recall": 1e-05, "f-measure": 1e-05}, "a1.wav": {"precision": 0.4117647058823529, "recall": 0.3181818181818182, "f-measure": 0.358974358974359}}}