{"team_name": "PKU_ADSP", "set_name": "VAL", "report_date": "01052021_22_54_06", "overall_scores": {"precision": 0.5207463102199944, "recall": 0.442080378250591, "fmeasure (percentage)": 47.82}, "scores_per_subset": {"PB": {"precision": 0.6028368794326241, "recall": 0.3695652173913043, "f-measure": 0.4582210242587601}, "HV": {"precision": 0.4583333333333333, "recall": 0.55, "f-measure": 0.5}}, "scores_per_audiofile": {"BUK5_20161101_002104a.wav": {"precision": 0.9787234042553191, "recall": 0.5227272727272727, "f-measure": 0.6814814814814815}, "BUK1_20181011_001004.wav": {"precision": 0.5952380952380952, "recall": 0.8064516129032258, "f-measure": 0.684931506849315}, "BUK1_20181013_023504.wav": {"precision": 0.1111111111111111, "recall": 0.08333333333333333, "f-measure": 0.09523809523809523}, "BUK4_20161011_000804.wav": {"precision": 0.4, "recall": 0.0425531914893617, "f-measure": 0.07692307692307693}, "BUK4_20171022_004304a.wav": {"precision": 0.42857142857142855, "recall": 0.5294117647058824, "f-measure": 0.47368421052631576}, "BUK5_20180921_015906a.wav": {"precision": 0.125, "recall": 0.043478260869565216, "f-measure": 0.06451612903225806}, "n1.wav": {"precision": 0.13333333333333333, "recall": 0.1111111111111111, "f-measure": 0.12121212121212122}, "a1.wav": {"precision": 0.6060606060606061, "recall": 0.9090909090909091, "f-measure": 0.7272727272727273}}}