{"team_name": "PKU_ADSP", "set_name": "VAL", "report_date": "26042021_22_44_36", "overall_scores": {"precision": 0.5548705302096177, "recall": 0.48128342245989314, "fmeasure (percentage)": 51.546}, "scores_per_subset": {"PB": {"precision": 0.6923076923076923, "recall": 0.391304347826087, "f-measure": 0.5}, "HV": {"precision": 0.46296296296296297, "recall": 0.625, "f-measure": 0.5319148936170213}}, "scores_per_audiofile": {"BUK5_20161101_002104a.wav": {"precision": 0.9253731343283582, "recall": 0.7045454545454546, "f-measure": 0.8}, "BUK1_20181011_001004.wav": {"precision": 0.7391304347826086, "recall": 0.5483870967741935, "f-measure": 0.6296296296296297}, "BUK1_20181013_023504.wav": {"precision": 0.3333333333333333, "recall": 0.16666666666666666, "f-measure": 0.2222222222222222}, "BUK4_20161011_000804.wav": {"precision": 0.14285714285714285, "recall": 0.02127659574468085, "f-measure": 0.037037037037037035}, "BUK4_20171022_004304a.wav": {"precision": 0.375, "recall": 0.35294117647058826, "f-measure": 0.36363636363636365}, "BUK5_20180921_015906a.wav": {"precision": 1e-05, "recall": 1e-05, "f-measure": 1e-05}, "n1.wav": {"precision": 0.21428571428571427, "recall": 0.3333333333333333, "f-measure": 0.2608695652173913}, "a1.wav": {"precision": 0.7307692307692307, "recall": 0.8636363636363636, "f-measure": 0.7916666666666666}}}