{"team_name": "PKU_ADSP", "set_name": "VAL", "report_date": "03052021_17_07_52", "overall_scores": {"precision": 0.5819592628516004, "recall": 0.4225352112676056, "fmeasure (percentage)": 48.96}, "scores_per_subset": {"PB": {"precision": 0.6578947368421053, "recall": 0.32608695652173914, "f-measure": 0.436046511627907}, "HV": {"precision": 0.5217391304347826, "recall": 0.6, "f-measure": 0.5581395348837209}}, "scores_per_audiofile": {"BUK5_20161101_002104a.wav": {"precision": 0.94, "recall": 0.5340909090909091, "f-measure": 0.6811594202898551}, "BUK1_20181011_001004.wav": {"precision": 0.6129032258064516, "recall": 0.6129032258064516, "f-measure": 0.6129032258064516}, "BUK1_20181013_023504.wav": {"precision": 0.42857142857142855, "recall": 0.125, "f-measure": 0.1935483870967742}, "BUK4_20161011_000804.wav": {"precision": 1e-05, "recall": 1e-05, "f-measure": 1e-05}, "BUK4_20171022_004304a.wav": {"precision": 0.42857142857142855, "recall": 0.35294117647058826, "f-measure": 0.3870967741935484}, "BUK5_20180921_015906a.wav": {"precision": 1e-05, "recall": 1e-05, "f-measure": 1e-05}, "n1.wav": {"precision": 0.23529411764705882, "recall": 0.2222222222222222, "f-measure": 0.22857142857142856}, "a1.wav": {"precision": 0.6896551724137931, "recall": 0.9090909090909091, "f-measure": 0.7843137254901961}}}