{"team_name": "PKU_ADSP", "set_name": "VAL", "report_date": "10042021_22_54_49", "overall_scores": {"precision": 0.00390919498506129, "recall": 0.5526315789473684, "fmeasure (percentage)": 0.776}, "scores_per_subset": {"PB": {"precision": 0.004199664026877849, "recall": 0.45652173913043476, "f-measure": 0.00832276474318326}, "HV": {"precision": 0.003656307129798903, "recall": 0.7, "f-measure": 0.007274616783580151}}, "scores_per_audiofile": {"BUK5_20161101_002104a.wav": {"precision": 0.015454775779072713, "recall": 0.6931818181818182, "f-measure": 0.03023543990086741}, "BUK1_20181011_001004.wav": {"precision": 0.004136300965136892, "recall": 0.6774193548387096, "f-measure": 0.00822239624119029}, "BUK1_20181013_023504.wav": {"precision": 1e-05, "recall": 1e-05, "f-measure": 1e-05}, "BUK4_20161011_000804.wav": {"precision": 0.0003362474781439139, "recall": 0.02127659574468085, "f-measure": 0.0006620324395895399}, "BUK4_20171022_004304a.wav": {"precision": 0.006893382352941176, "recall": 0.8823529411764706, "f-measure": 0.013679890560875513}, "BUK5_20180921_015906a.wav": {"precision": 0.0012688055102410732, "recall": 0.30434782608695654, "f-measure": 0.002527075812274368}, "n1.wav": {"precision": 0.002302631578947368, "recall": 0.3888888888888889, "f-measure": 0.004578155657292348}, "a1.wav": {"precision": 0.0045474231268947595, "recall": 0.9545454545454546, "f-measure": 0.009051724137931035}}}