{"team_name": "PKU_ADSP", "set_name": "VAL", "report_date": "13042021_17_12_07", "overall_scores": {"precision": 0.29389312977099236, "recall": 0.22158273381294963, "fmeasure (percentage)": 25.267}, "scores_per_subset": {"PB": {"precision": 0.2920353982300885, "recall": 0.14042553191489363, "f-measure": 0.1896551724137931}, "HV": {"precision": 0.29577464788732394, "recall": 0.525, "f-measure": 0.3783783783783784}}, "scores_per_audiofile": {"BUK5_20161101_002104a.wav": {"precision": 0.7027027027027027, "recall": 0.29545454545454547, "f-measure": 0.416}, "BUK1_20181011_001004.wav": {"precision": 1e-05, "recall": 1e-05, "f-measure": 1e-05}, "BUK1_20181013_023504.wav": {"precision": 0.09523809523809523, "recall": 0.16666666666666666, "f-measure": 0.12121212121212122}, "BUK4_20161011_000804.wav": {"precision": 1e-05, "recall": 1e-05, "f-measure": 1e-05}, "BUK4_20171022_004304a.wav": {"precision": 0.6, "recall": 0.17647058823529413, "f-measure": 0.2727272727272727}, "BUK5_20180921_015906a.wav": {"precision": 1e-05, "recall": 1e-05, "f-measure": 1e-05}, "n1.wav": {"precision": 0.075, "recall": 0.16666666666666666, "f-measure": 0.10344827586206896}, "a1.wav": {"precision": 0.5806451612903226, "recall": 0.8181818181818182, "f-measure": 0.6792452830188679}}}