{"team_name": "PKU_ADSP", "set_name": "VAL", "report_date": "13042021_20_37_29", "overall_scores": {"precision": 0.6720575022461815, "recall": 0.3425954198473282, "fmeasure (percentage)": 45.384}, "scores_per_subset": {"PB": {"precision": 0.5945945945945946, "recall": 0.28695652173913044, "f-measure": 0.3870967741935484}, "HV": {"precision": 0.7727272727272727, "recall": 0.425, "f-measure": 0.5483870967741935}}, "scores_per_audiofile": {"BUK5_20161101_002104a.wav": {"precision": 0.9375, "recall": 0.3409090909090909, "f-measure": 0.5}, "BUK1_20181011_001004.wav": {"precision": 0.6190476190476191, "recall": 0.8387096774193549, "f-measure": 0.7123287671232876}, "BUK1_20181013_023504.wav": {"precision": 0.26666666666666666, "recall": 0.16666666666666666, "f-measure": 0.20512820512820512}, "BUK4_20161011_000804.wav": {"precision": 0.14285714285714285, "recall": 0.02127659574468085, "f-measure": 0.037037037037037035}, "BUK4_20171022_004304a.wav": {"precision": 0.5555555555555556, "recall": 0.29411764705882354, "f-measure": 0.38461538461538464}, "BUK5_20180921_015906a.wav": {"precision": 1e-05, "recall": 1e-05, "f-measure": 1e-05}, "n1.wav": {"precision": 0.5, "recall": 0.05555555555555555, "f-measure": 0.1}, "a1.wav": {"precision": 0.8, "recall": 0.7272727272727273, "f-measure": 0.7619047619047619}}}