{"team_name": "PKU_ADSP", "set_name": "VAL", "report_date": "12042021_21_56_39", "overall_scores": {"precision": 0.0073849431904165225, "recall": 0.3465909090909091, "fmeasure (percentage)": 1.446}, "scores_per_subset": {"PB": {"precision": 0.0038651628437460397, "recall": 0.26521739130434785, "f-measure": 0.007619285535848114}, "HV": {"precision": 0.08264462809917356, "recall": 0.5, "f-measure": 0.14184397163120568}}, "scores_per_audiofile": {"BUK5_20161101_002104a.wav": {"precision": 0.03035878564857406, "recall": 0.375, "f-measure": 0.05617021276595745}, "BUK1_20181011_001004.wav": {"precision": 0.00743801652892562, "recall": 0.2903225806451613, "f-measure": 0.014504431909750202}, "BUK1_20181013_023504.wav": {"precision": 0.00023496240601503758, "recall": 0.041666666666666664, "f-measure": 0.00046728971962616824}, "BUK4_20161011_000804.wav": {"precision": 0.0006443298969072165, "recall": 0.0425531914893617, "f-measure": 0.0012694382735639479}, "BUK4_20171022_004304a.wav": {"precision": 0.020634920634920634, "recall": 0.7647058823529411, "f-measure": 0.0401854714064915}, "BUK5_20180921_015906a.wav": {"precision": 0.000545950864422202, "recall": 0.13043478260869565, "f-measure": 0.0010873504893077202}, "n1.wav": {"precision": 0.05325443786982249, "recall": 0.5, "f-measure": 0.0962566844919786}, "a1.wav": {"precision": 0.1506849315068493, "recall": 0.5, "f-measure": 0.23157894736842105}}}