{"team_name": "PKU_ADSP", "set_name": "VAL", "report_date": "17042021_22_44_20", "overall_scores": {"precision": 0.4646464646464646, "recall": 0.4748057713651498, "fmeasure (percentage)": 46.967}, "scores_per_subset": {"PB": {"precision": 0.5, "recall": 0.4043478260869565, "f-measure": 0.44711538461538464}, "HV": {"precision": 0.4339622641509434, "recall": 0.575, "f-measure": 0.4946236559139785}}, "scores_per_audiofile": {"BUK5_20161101_002104a.wav": {"precision": 0.9807692307692307, "recall": 0.5795454545454546, "f-measure": 0.7285714285714285}, "BUK1_20181011_001004.wav": {"precision": 0.3484848484848485, "recall": 0.7419354838709677, "f-measure": 0.4742268041237113}, "BUK1_20181013_023504.wav": {"precision": 0.1111111111111111, "recall": 0.08333333333333333, "f-measure": 0.09523809523809523}, "BUK4_20161011_000804.wav": {"precision": 0.25, "recall": 0.0851063829787234, "f-measure": 0.12698412698412698}, "BUK4_20171022_004304a.wav": {"precision": 0.5, "recall": 0.5294117647058824, "f-measure": 0.5142857142857142}, "BUK5_20180921_015906a.wav": {"precision": 0.25, "recall": 0.17391304347826086, "f-measure": 0.20512820512820512}, "n1.wav": {"precision": 0.17391304347826086, "recall": 0.2222222222222222, "f-measure": 0.1951219512195122}, "a1.wav": {"precision": 0.6333333333333333, "recall": 0.8636363636363636, "f-measure": 0.7307692307692307}}}