{"team_name": "PKU_ADSP", "set_name": "VAL", "report_date": "11042021_23_57_02", "overall_scores": {"precision": 0.01403445638972606, "recall": 0.42257336343115126, "fmeasure (percentage)": 2.717}, "scores_per_subset": {"PB": {"precision": 0.030690537084398978, "recall": 0.3130434782608696, "f-measure": 0.055900621118012424}, "HV": {"precision": 0.009097270818754374, "recall": 0.65, "f-measure": 0.017943409247757072}}, "scores_per_audiofile": {"BUK5_20161101_002104a.wav": {"precision": 0.06213872832369942, "recall": 0.48863636363636365, "f-measure": 0.11025641025641025}, "BUK1_20181011_001004.wav": {"precision": 0.01694915254237288, "recall": 0.45161290322580644, "f-measure": 0.03267211201866978}, "BUK1_20181013_023504.wav": {"precision": 0.01818181818181818, "recall": 0.125, "f-measure": 0.031746031746031744}, "BUK4_20161011_000804.wav": {"precision": 0.021897810218978103, "recall": 0.06382978723404255, "f-measure": 0.03260869565217391}, "BUK4_20171022_004304a.wav": {"precision": 0.031914893617021274, "recall": 0.5294117647058824, "f-measure": 0.06020066889632107}, "BUK5_20180921_015906a.wav": {"precision": 1e-05, "recall": 1e-05, "f-measure": 1e-05}, "n1.wav": {"precision": 0.0017211703958691911, "recall": 0.2222222222222222, "f-measure": 0.0034158838599487617}, "a1.wav": {"precision": 0.04119850187265917, "recall": 1.0, "f-measure": 0.07913669064748201}}}