{"team_name": "PKU_ADSP", "set_name": "VAL", "report_date": "03052021_14_16_27", "overall_scores": {"precision": 0.5047187155288638, "recall": 0.4330178759200841, "fmeasure (percentage)": 46.613}, "scores_per_subset": {"PB": {"precision": 0.5378787878787878, "recall": 0.30869565217391304, "f-measure": 0.39226519337016574}, "HV": {"precision": 0.47540983606557374, "recall": 0.725, "f-measure": 0.5742574257425742}}, "scores_per_audiofile": {"BUK5_20161101_002104a.wav": {"precision": 0.9772727272727273, "recall": 0.48863636363636365, "f-measure": 0.6515151515151515}, "BUK1_20181011_001004.wav": {"precision": 0.3888888888888889, "recall": 0.45161290322580644, "f-measure": 0.417910447761194}, "BUK1_20181013_023504.wav": {"precision": 0.16666666666666666, "recall": 0.08333333333333333, "f-measure": 0.1111111111111111}, "BUK4_20161011_000804.wav": {"precision": 0.16666666666666666, "recall": 0.0425531914893617, "f-measure": 0.06779661016949153}, "BUK4_20171022_004304a.wav": {"precision": 0.5, "recall": 0.5294117647058824, "f-measure": 0.5142857142857142}, "BUK5_20180921_015906a.wav": {"precision": 0.1, "recall": 0.043478260869565216, "f-measure": 0.06060606060606061}, "n1.wav": {"precision": 0.29411764705882354, "recall": 0.5555555555555556, "f-measure": 0.38461538461538464}, "a1.wav": {"precision": 0.7037037037037037, "recall": 0.8636363636363636, "f-measure": 0.7755102040816326}}}