{"team_name": "PKU_ADSP", "set_name": "VAL", "report_date": "23042021_10_14_04", "overall_scores": {"precision": 0.5512800376943615, "recall": 0.3923979877026272, "fmeasure (percentage)": 45.846}, "scores_per_subset": {"PB": {"precision": 0.6435643564356436, "recall": 0.2765957446808511, "f-measure": 0.3869047619047619}, "HV": {"precision": 0.48214285714285715, "recall": 0.675, "f-measure": 0.5625}}, "scores_per_audiofile": {"BUK5_20161101_002104a.wav": {"precision": 0.9791666666666666, "recall": 0.5340909090909091, "f-measure": 0.6911764705882353}, "BUK1_20181011_001004.wav": {"precision": 0.6, "recall": 0.1935483870967742, "f-measure": 0.2926829268292683}, "BUK1_20181013_023504.wav": {"precision": 0.13333333333333333, "recall": 0.08333333333333333, "f-measure": 0.10256410256410256}, "BUK4_20161011_000804.wav": {"precision": 0.2, "recall": 0.0425531914893617, "f-measure": 0.07017543859649122}, "BUK4_20171022_004304a.wav": {"precision": 0.4444444444444444, "recall": 0.47058823529411764, "f-measure": 0.45714285714285713}, "BUK5_20180921_015906a.wav": {"precision": 1e-05, "recall": 1e-05, "f-measure": 1e-05}, "n1.wav": {"precision": 0.26666666666666666, "recall": 0.4444444444444444, "f-measure": 0.3333333333333333}, "a1.wav": {"precision": 0.7307692307692307, "recall": 0.8636363636363636, "f-measure": 0.7916666666666666}}}