{"team_name": "PKU_ADSP", "set_name": "VAL", "report_date": "11042021_17_35_22", "overall_scores": {"precision": 1.999821755017488e-05, "recall": 1.9998000199980004e-05, "fmeasure (percentage)": 0.002}, "scores_per_subset": {"PB": {"precision": 0.11219512195121951, "recall": 0.1, "f-measure": 0.10574712643678161}, "HV": {"precision": 1e-05, "recall": 1e-05, "f-measure": 1e-05}}, "scores_per_audiofile": {"BUK5_20161101_002104a.wav": {"precision": 0.22413793103448276, "recall": 0.14772727272727273, "f-measure": 0.1780821917808219}, "BUK1_20181011_001004.wav": {"precision": 0.05263157894736842, "recall": 0.12903225806451613, "f-measure": 0.07476635514018691}, "BUK1_20181013_023504.wav": {"precision": 0.2, "recall": 0.08333333333333333, "f-measure": 0.11764705882352941}, "BUK4_20161011_000804.wav": {"precision": 0.06382978723404255, "recall": 0.06382978723404255, "f-measure": 0.06382978723404255}, "BUK4_20171022_004304a.wav": {"precision": 0.1, "recall": 0.058823529411764705, "f-measure": 0.07407407407407407}, "BUK5_20180921_015906a.wav": {"precision": 1e-05, "recall": 1e-05, "f-measure": 1e-05}, "n1.wav": {"precision": 1e-05, "recall": 1e-05, "f-measure": 1e-05}, "a1.wav": {"precision": 1e-05, "recall": 1e-05, "f-measure": 1e-05}}}