{"team_name": "PKU_ADSP", "set_name": "VAL", "report_date": "11042021_15_54_58", "overall_scores": {"precision": 0.031943212067435674, "recall": 0.052719665271966525, "fmeasure (percentage)": 3.978}, "scores_per_subset": {"PB": {"precision": 0.125, "recall": 0.028, "f-measure": 0.0457516339869281}, "HV": {"precision": 0.018311291963377416, "recall": 0.45, "f-measure": 0.03519061583577713}}, "scores_per_audiofile": {"BUK5_20161101_002104a.wav": {"precision": 0.18518518518518517, "recall": 0.056818181818181816, "f-measure": 0.08695652173913043}, "BUK1_20181011_001004.wav": {"precision": 1e-05, "recall": 1e-05, "f-measure": 1e-05}, "BUK1_20181013_023504.wav": {"precision": 1e-05, "recall": 1e-05, "f-measure": 1e-05}, "BUK4_20161011_000804.wav": {"precision": 1e-05, "recall": 1e-05, "f-measure": 1e-05}, "BUK4_20171022_004304a.wav": {"precision": 0.06896551724137931, "recall": 0.11764705882352941, "f-measure": 0.08695652173913043}, "BUK5_20180921_015906a.wav": {"precision": 1e-05, "recall": 1e-05, "f-measure": 1e-05}, "n1.wav": {"precision": 1e-05, "recall": 1e-05, "f-measure": 1e-05}, "a1.wav": {"precision": 0.02356020942408377, "recall": 0.8181818181818182, "f-measure": 0.04580152671755725}}}