{"team_name": "PKU_ADSP", "set_name": "VAL", "report_date": "21042021_21_57_07", "overall_scores": {"precision": 0.37866834963710944, "recall": 0.4166666666666667, "fmeasure (percentage)": 39.676}, "scores_per_subset": {"PB": {"precision": 0.635593220338983, "recall": 0.3191489361702128, "f-measure": 0.42492917847025496}, "HV": {"precision": 0.2696629213483146, "recall": 0.6, "f-measure": 0.37209302325581395}}, "scores_per_audiofile": {"BUK5_20161101_002104a.wav": {"precision": 0.94, "recall": 0.5340909090909091, "f-measure": 0.6811594202898551}, "BUK1_20181011_001004.wav": {"precision": 0.631578947368421, "recall": 0.3870967741935484, "f-measure": 0.48}, "BUK1_20181013_023504.wav": {"precision": 0.13333333333333333, "recall": 0.08333333333333333, "f-measure": 0.10256410256410256}, "BUK4_20161011_000804.wav": {"precision": 0.36363636363636365, "recall": 0.0851063829787234, "f-measure": 0.13793103448275862}, "BUK4_20171022_004304a.wav": {"precision": 0.43478260869565216, "recall": 0.5882352941176471, "f-measure": 0.5}, "BUK5_20180921_015906a.wav": {"precision": 1e-05, "recall": 1e-05, "f-measure": 1e-05}, "n1.wav": {"precision": 0.06666666666666667, "recall": 0.2222222222222222, "f-measure": 0.10256410256410256}, "a1.wav": {"precision": 0.6896551724137931, "recall": 0.9090909090909091, "f-measure": 0.7843137254901961}}}