{"team_name": "PKU_ADSP", "set_name": "VAL", "report_date": "11042021_16_37_35", "overall_scores": {"precision": 0.029702970297029705, "recall": 0.030901287553648064, "fmeasure (percentage)": 3.029}, "scores_per_subset": {"PB": {"precision": 0.07692307692307693, "recall": 0.016, "f-measure": 0.026490066225165563}, "HV": {"precision": 0.018404907975460124, "recall": 0.45, "f-measure": 0.03536345776031434}}, "scores_per_audiofile": {"BUK5_20161101_002104a.wav": {"precision": 0.09090909090909091, "recall": 0.022727272727272728, "f-measure": 0.03636363636363636}, "BUK1_20181011_001004.wav": {"precision": 1e-05, "recall": 1e-05, "f-measure": 1e-05}, "BUK1_20181013_023504.wav": {"precision": 1e-05, "recall": 1e-05, "f-measure": 1e-05}, "BUK4_20161011_000804.wav": {"precision": 1e-05, "recall": 1e-05, "f-measure": 1e-05}, "BUK4_20171022_004304a.wav": {"precision": 0.06666666666666667, "recall": 0.11764705882352941, "f-measure": 0.0851063829787234}, "BUK5_20180921_015906a.wav": {"precision": 1e-05, "recall": 1e-05, "f-measure": 1e-05}, "n1.wav": {"precision": 1e-05, "recall": 1e-05, "f-measure": 1e-05}, "a1.wav": {"precision": 0.022813688212927757, "recall": 0.8181818181818182, "f-measure": 0.04438964241676942}}}