{"team_name": "PKU_ADSP", "set_name": "VAL", "report_date": "16042021_20_48_05", "overall_scores": {"precision": 0.4708775852431526, "recall": 0.45683297180043386, "fmeasure (percentage)": 46.375}, "scores_per_subset": {"PB": {"precision": 0.525974025974026, "recall": 0.3521739130434783, "f-measure": 0.421875}, "HV": {"precision": 0.4262295081967213, "recall": 0.65, "f-measure": 0.5148514851485149}}, "scores_per_audiofile": {"BUK5_20161101_002104a.wav": {"precision": 0.9795918367346939, "recall": 0.5454545454545454, "f-measure": 0.7007299270072993}, "BUK1_20181011_001004.wav": {"precision": 0.7083333333333334, "recall": 0.5483870967741935, "f-measure": 0.6181818181818182}, "BUK1_20181013_023504.wav": {"precision": 0.16666666666666666, "recall": 0.125, "f-measure": 0.14285714285714285}, "BUK4_20161011_000804.wav": {"precision": 0.09523809523809523, "recall": 0.0425531914893617, "f-measure": 0.058823529411764705}, "BUK4_20171022_004304a.wav": {"precision": 0.42857142857142855, "recall": 0.5294117647058824, "f-measure": 0.47368421052631576}, "BUK5_20180921_015906a.wav": {"precision": 0.09523809523809523, "recall": 0.08695652173913043, "f-measure": 0.09090909090909091}, "n1.wav": {"precision": 0.23076923076923078, "recall": 0.3333333333333333, "f-measure": 0.2727272727272727}, "a1.wav": {"precision": 0.5714285714285714, "recall": 0.9090909090909091, "f-measure": 0.7017543859649122}}}