{"team_name": "PKU_ADSP", "set_name": "VAL", "report_date": "17042021_11_00_10", "overall_scores": {"precision": 0.49337713256331456, "recall": 0.49531914893617024, "fmeasure (percentage)": 49.435}, "scores_per_subset": {"PB": {"precision": 0.5418994413407822, "recall": 0.4217391304347826, "f-measure": 0.4743276283618582}, "HV": {"precision": 0.4528301886792453, "recall": 0.6, "f-measure": 0.5161290322580645}}, "scores_per_audiofile": {"BUK5_20161101_002104a.wav": {"precision": 0.8985507246376812, "recall": 0.7045454545454546, "f-measure": 0.7898089171974523}, "BUK1_20181011_001004.wav": {"precision": 0.5945945945945946, "recall": 0.7096774193548387, "f-measure": 0.6470588235294118}, "BUK1_20181013_023504.wav": {"precision": 0.11764705882352941, "recall": 0.08333333333333333, "f-measure": 0.0975609756097561}, "BUK4_20161011_000804.wav": {"precision": 0.045454545454545456, "recall": 0.02127659574468085, "f-measure": 0.028985507246376812}, "BUK4_20171022_004304a.wav": {"precision": 0.5, "recall": 0.5882352941176471, "f-measure": 0.5405405405405406}, "BUK5_20180921_015906a.wav": {"precision": 1e-05, "recall": 1e-05, "f-measure": 1e-05}, "n1.wav": {"precision": 0.17391304347826086, "recall": 0.2222222222222222, "f-measure": 0.1951219512195122}, "a1.wav": {"precision": 0.6666666666666666, "recall": 0.9090909090909091, "f-measure": 0.7692307692307693}}}