{"team_name": "PKU_ADSP", "set_name": "VAL", "report_date": "19042021_12_09_04", "overall_scores": {"precision": 0.6162953731110765, "recall": 0.4531500572737686, "fmeasure (percentage)": 52.228}, "scores_per_subset": {"PB": {"precision": 0.6277372262773723, "recall": 0.3739130434782609, "f-measure": 0.46866485013623976}, "HV": {"precision": 0.6052631578947368, "recall": 0.575, "f-measure": 0.5897435897435898}}, "scores_per_audiofile": {"BUK5_20161101_002104a.wav": {"precision": 0.9423076923076923, "recall": 0.5568181818181818, "f-measure": 0.7}, "BUK1_20181011_001004.wav": {"precision": 0.88, "recall": 0.7096774193548387, "f-measure": 0.7857142857142857}, "BUK1_20181013_023504.wav": {"precision": 0.3125, "recall": 0.20833333333333334, "f-measure": 0.25}, "BUK4_20161011_000804.wav": {"precision": 0.058823529411764705, "recall": 0.02127659574468085, "f-measure": 0.03125}, "BUK4_20171022_004304a.wav": {"precision": 0.5, "recall": 0.47058823529411764, "f-measure": 0.48484848484848486}, "BUK5_20180921_015906a.wav": {"precision": 0.09090909090909091, "recall": 0.043478260869565216, "f-measure": 0.058823529411764705}, "n1.wav": {"precision": 0.375, "recall": 0.16666666666666666, "f-measure": 0.23076923076923078}, "a1.wav": {"precision": 0.6666666666666666, "recall": 0.9090909090909091, "f-measure": 0.7692307692307693}}}