{"team_name": "PKU_ADSP", "set_name": "VAL", "report_date": "12042021_17_57_30", "overall_scores": {"precision": 0.03896103896103896, "recall": 0.022222222222222223, "fmeasure (percentage)": 2.83}, "scores_per_subset": {"PB": {"precision": 0.023255813953488372, "recall": 0.013043478260869565, "f-measure": 0.016713091922005572}, "HV": {"precision": 0.12, "recall": 0.075, "f-measure": 0.09230769230769231}}, "scores_per_audiofile": {"BUK5_20161101_002104a.wav": {"precision": 0.09090909090909091, "recall": 0.011363636363636364, "f-measure": 0.020202020202020204}, "BUK1_20181011_001004.wav": {"precision": 1e-05, "recall": 1e-05, "f-measure": 1e-05}, "BUK1_20181013_023504.wav": {"precision": 1e-05, "recall": 1e-05, "f-measure": 1e-05}, "BUK4_20161011_000804.wav": {"precision": 1e-05, "recall": 1e-05, "f-measure": 1e-05}, "BUK4_20171022_004304a.wav": {"precision": 0.3333333333333333, "recall": 0.058823529411764705, "f-measure": 0.1}, "BUK5_20180921_015906a.wav": {"precision": 0.013157894736842105, "recall": 0.043478260869565216, "f-measure": 0.020202020202020204}, "n1.wav": {"precision": 0.05263157894736842, "recall": 0.05555555555555555, "f-measure": 0.05405405405405406}, "a1.wav": {"precision": 0.3333333333333333, "recall": 0.09090909090909091, "f-measure": 0.14285714285714285}}}