{"team_name": "PKU_ADSP", "set_name": "VAL", "report_date": "12062021_15_46_09", "overall_scores": {"precision": 0.6840039254170756, "recall": 0.3877607788595271, "fmeasure (percentage)": 49.494}, "scores_per_subset": {"PB": {"precision": 0.6612903225806451, "recall": 0.3565217391304348, "f-measure": 0.4632768361581921}, "HV": {"precision": 0.7083333333333334, "recall": 0.425, "f-measure": 0.53125}}, "scores_per_audiofile": {"BUK5_20161101_002104a.wav": {"precision": 0.9272727272727272, "recall": 0.5795454545454546, "f-measure": 0.7132867132867133}, "BUK1_20181011_001004.wav": {"precision": 0.6923076923076923, "recall": 0.5806451612903226, "f-measure": 0.631578947368421}, "BUK1_20181013_023504.wav": {"precision": 0.18181818181818182, "recall": 0.08333333333333333, "f-measure": 0.11428571428571428}, "BUK4_20161011_000804.wav": {"precision": 0.3333333333333333, "recall": 0.06382978723404255, "f-measure": 0.10714285714285714}, "BUK4_20171022_004304a.wav": {"precision": 0.4, "recall": 0.47058823529411764, "f-measure": 0.43243243243243246}, "BUK5_20180921_015906a.wav": {"precision": 1e-05, "recall": 1e-05, "f-measure": 1e-05}, "n1.wav": {"precision": 0.25, "recall": 0.05555555555555555, "f-measure": 0.09090909090909091}, "a1.wav": {"precision": 0.8, "recall": 0.7272727272727273, "f-measure": 0.7619047619047619}}}