{"team_name": "PKU_ADSP", "set_name": "VAL", "report_date": "25042021_18_06_22", "overall_scores": {"precision": 0.6993890878449547, "recall": 0.4191919191919192, "fmeasure (percentage)": 52.42}, "scores_per_subset": {"PB": {"precision": 0.7094017094017094, "recall": 0.36086956521739133, "f-measure": 0.4783861671469741}, "HV": {"precision": 0.6896551724137931, "recall": 0.5, "f-measure": 0.5797101449275363}}, "scores_per_audiofile": {"BUK5_20161101_002104a.wav": {"precision": 0.9814814814814815, "recall": 0.6022727272727273, "f-measure": 0.7464788732394366}, "BUK1_20181011_001004.wav": {"precision": 0.6956521739130435, "recall": 0.5161290322580645, "f-measure": 0.5925925925925926}, "BUK1_20181013_023504.wav": {"precision": 0.4, "recall": 0.16666666666666666, "f-measure": 0.23529411764705882}, "BUK4_20161011_000804.wav": {"precision": 0.3333333333333333, "recall": 0.06382978723404255, "f-measure": 0.10714285714285714}, "BUK4_20171022_004304a.wav": {"precision": 0.4, "recall": 0.35294117647058826, "f-measure": 0.375}, "BUK5_20180921_015906a.wav": {"precision": 0.16666666666666666, "recall": 0.043478260869565216, "f-measure": 0.06896551724137931}, "n1.wav": {"precision": 0.5, "recall": 0.05555555555555555, "f-measure": 0.1}, "a1.wav": {"precision": 0.7037037037037037, "recall": 0.8636363636363636, "f-measure": 0.7755102040816326}}}