{"team_name": "PKU_ADSP", "set_name": "VAL", "report_date": "11042021_17_05_27", "overall_scores": {"precision": 0.01298863494442363, "recall": 0.20526315789473681, "fmeasure (percentage)": 2.443}, "scores_per_subset": {"PB": {"precision": 0.12903225806451613, "recall": 0.15, "f-measure": 0.13872832369942195}, "HV": {"precision": 0.006838506049447659, "recall": 0.325, "f-measure": 0.013395157135497167}}, "scores_per_audiofile": {"BUK5_20161101_002104a.wav": {"precision": 0.15204678362573099, "recall": 0.29545454545454547, "f-measure": 0.20077220077220076}, "BUK1_20181011_001004.wav": {"precision": 1e-05, "recall": 1e-05, "f-measure": 1e-05}, "BUK1_20181013_023504.wav": {"precision": 0.10638297872340426, "recall": 0.20833333333333334, "f-measure": 0.14084507042253522}, "BUK4_20161011_000804.wav": {"precision": 1e-05, "recall": 1e-05, "f-measure": 1e-05}, "BUK4_20171022_004304a.wav": {"precision": 0.2, "recall": 0.29411764705882354, "f-measure": 0.23809523809523808}, "BUK5_20180921_015906a.wav": {"precision": 1e-05, "recall": 1e-05, "f-measure": 1e-05}, "n1.wav": {"precision": 0.003925967470555244, "recall": 0.3888888888888889, "f-measure": 0.007773459189339256}, "a1.wav": {"precision": 0.05084745762711865, "recall": 0.2727272727272727, "f-measure": 0.08571428571428572}}}