{"team_name": "PKU_ADSP", "set_name": "VAL", "report_date": "18072021_16_55_45", "overall_scores": {"precision": 0.1501136858400658, "recall": 0.5667579908675799, "fmeasure (percentage)": 23.736}, "scores_per_subset": {"PB": {"precision": 0.09137489325362938, "recall": 0.4652173913043478, "f-measure": 0.15274803711634546}, "HV": {"precision": 0.42028985507246375, "recall": 0.725, "f-measure": 0.5321100917431193}}, "scores_per_audiofile": {"BUK5_20161101_002104a.wav": {"precision": 0.7333333333333333, "recall": 0.75, "f-measure": 0.7415730337078652}, "BUK1_20181011_001004.wav": {"precision": 0.02354145342886387, "recall": 0.7419354838709677, "f-measure": 0.04563492063492063}, "BUK1_20181013_023504.wav": {"precision": 0.06451612903225806, "recall": 0.08333333333333333, "f-measure": 0.07272727272727272}, "BUK4_20161011_000804.wav": {"precision": 0.027777777777777776, "recall": 0.02127659574468085, "f-measure": 0.024096385542168676}, "BUK4_20171022_004304a.wav": {"precision": 0.5909090909090909, "recall": 0.7647058823529411, "f-measure": 0.6666666666666666}, "BUK5_20180921_015906a.wav": {"precision": 0.13333333333333333, "recall": 0.08695652173913043, "f-measure": 0.10526315789473684}, "n1.wav": {"precision": 0.24324324324324326, "recall": 0.5, "f-measure": 0.32727272727272727}, "a1.wav": {"precision": 0.625, "recall": 0.9090909090909091, "f-measure": 0.7407407407407407}}}