{"team_name": "PKU_ADSP", "set_name": "VAL", "report_date": "12062021_16_27_17", "overall_scores": {"precision": 0.5454545454545454, "recall": 0.42156133828996284, "fmeasure (percentage)": 47.557}, "scores_per_subset": {"PB": {"precision": 0.75, "recall": 0.3521739130434783, "f-measure": 0.47928994082840237}, "HV": {"precision": 0.42857142857142855, "recall": 0.525, "f-measure": 0.47191011235955055}}, "scores_per_audiofile": {"BUK5_20161101_002104a.wav": {"precision": 0.9615384615384616, "recall": 0.5681818181818182, "f-measure": 0.7142857142857143}, "BUK1_20181011_001004.wav": {"precision": 0.8181818181818182, "recall": 0.5806451612903226, "f-measure": 0.6792452830188679}, "BUK1_20181013_023504.wav": {"precision": 0.375, "recall": 0.125, "f-measure": 0.1875}, "BUK4_20161011_000804.wav": {"precision": 0.2857142857142857, "recall": 0.0425531914893617, "f-measure": 0.07407407407407407}, "BUK4_20171022_004304a.wav": {"precision": 0.47058823529411764, "recall": 0.47058823529411764, "f-measure": 0.47058823529411764}, "BUK5_20180921_015906a.wav": {"precision": 1e-05, "recall": 1e-05, "f-measure": 1e-05}, "n1.wav": {"precision": 0.08695652173913043, "recall": 0.1111111111111111, "f-measure": 0.0975609756097561}, "a1.wav": {"precision": 0.7307692307692307, "recall": 0.8636363636363636, "f-measure": 0.7916666666666666}}}