{"team_name": "PKU_ADSP", "set_name": "VAL", "report_date": "23042021_10_41_26", "overall_scores": {"precision": 0.6271291421492722, "recall": 0.45050055617352613, "fmeasure (percentage)": 52.434}, "scores_per_subset": {"PB": {"precision": 0.680672268907563, "recall": 0.3521739130434783, "f-measure": 0.46418338108882523}, "HV": {"precision": 0.5813953488372093, "recall": 0.625, "f-measure": 0.6024096385542169}}, "scores_per_audiofile": {"BUK5_20161101_002104a.wav": {"precision": 0.9454545454545454, "recall": 0.5909090909090909, "f-measure": 0.7272727272727273}, "BUK1_20181011_001004.wav": {"precision": 0.7368421052631579, "recall": 0.45161290322580644, "f-measure": 0.56}, "BUK1_20181013_023504.wav": {"precision": 0.14285714285714285, "recall": 0.08333333333333333, "f-measure": 0.10526315789473684}, "BUK4_20161011_000804.wav": {"precision": 0.2727272727272727, "recall": 0.06382978723404255, "f-measure": 0.10344827586206896}, "BUK4_20171022_004304a.wav": {"precision": 0.5263157894736842, "recall": 0.5882352941176471, "f-measure": 0.5555555555555556}, "BUK5_20180921_015906a.wav": {"precision": 1e-05, "recall": 1e-05, "f-measure": 1e-05}, "n1.wav": {"precision": 0.3333333333333333, "recall": 0.3333333333333333, "f-measure": 0.3333333333333333}, "a1.wav": {"precision": 0.76, "recall": 0.8636363636363636, "f-measure": 0.8085106382978723}}}