{"team_name": "PKU_ADSP", "set_name": "VAL", "report_date": "07062021_21_54_33", "overall_scores": {"precision": 0.39421477025470375, "recall": 0.4010416666666667, "fmeasure (percentage)": 39.76}, "scores_per_subset": {"PB": {"precision": 0.616, "recall": 0.3347826086956522, "f-measure": 0.43380281690140843}, "HV": {"precision": 0.2898550724637681, "recall": 0.5, "f-measure": 0.3669724770642202}}, "scores_per_audiofile": {"BUK5_20161101_002104a.wav": {"precision": 0.8793103448275862, "recall": 0.5795454545454546, "f-measure": 0.6986301369863014}, "BUK1_20181011_001004.wav": {"precision": 0.7727272727272727, "recall": 0.5483870967741935, "f-measure": 0.6415094339622641}, "BUK1_20181013_023504.wav": {"precision": 0.15384615384615385, "recall": 0.08333333333333333, "f-measure": 0.10810810810810811}, "BUK4_20161011_000804.wav": {"precision": 1e-05, "recall": 1e-05, "f-measure": 1e-05}, "BUK4_20171022_004304a.wav": {"precision": 0.375, "recall": 0.35294117647058826, "f-measure": 0.36363636363636365}, "BUK5_20180921_015906a.wav": {"precision": 0.14285714285714285, "recall": 0.043478260869565216, "f-measure": 0.06666666666666667}, "n1.wav": {"precision": 0.024390243902439025, "recall": 0.05555555555555555, "f-measure": 0.03389830508474576}, "a1.wav": {"precision": 0.6785714285714286, "recall": 0.8636363636363636, "f-measure": 0.76}}}