{"team_name": "PKU_ADSP", "set_name": "VAL", "report_date": "03052021_21_34_12", "overall_scores": {"precision": 0.5873563218390805, "recall": 0.3956129032258065, "fmeasure (percentage)": 47.278}, "scores_per_subset": {"PB": {"precision": 0.6460176991150443, "recall": 0.3173913043478261, "f-measure": 0.42565597667638483}, "HV": {"precision": 0.5384615384615384, "recall": 0.525, "f-measure": 0.5316455696202531}}, "scores_per_audiofile": {"BUK5_20161101_002104a.wav": {"precision": 0.9454545454545454, "recall": 0.5909090909090909, "f-measure": 0.7272727272727273}, "BUK1_20181011_001004.wav": {"precision": 0.55, "recall": 0.3548387096774194, "f-measure": 0.43137254901960786}, "BUK1_20181013_023504.wav": {"precision": 0.3333333333333333, "recall": 0.125, "f-measure": 0.18181818181818182}, "BUK4_20161011_000804.wav": {"precision": 0.1, "recall": 0.02127659574468085, "f-measure": 0.03508771929824561}, "BUK4_20171022_004304a.wav": {"precision": 0.42857142857142855, "recall": 0.35294117647058826, "f-measure": 0.3870967741935484}, "BUK5_20180921_015906a.wav": {"precision": 1e-05, "recall": 1e-05, "f-measure": 1e-05}, "n1.wav": {"precision": 0.125, "recall": 0.05555555555555555, "f-measure": 0.07692307692307693}, "a1.wav": {"precision": 0.6451612903225806, "recall": 0.9090909090909091, "f-measure": 0.7547169811320755}}}