{"team_name": "PKU_ADSP", "set_name": "VAL", "report_date": "12062021_15_08_27", "overall_scores": {"precision": 0.5967509025270757, "recall": 0.42114649681528665, "fmeasure (percentage)": 49.38}, "scores_per_subset": {"PB": {"precision": 0.7699115044247787, "recall": 0.3782608695652174, "f-measure": 0.5072886297376094}, "HV": {"precision": 0.48717948717948717, "recall": 0.475, "f-measure": 0.4810126582278481}}, "scores_per_audiofile": {"BUK5_20161101_002104a.wav": {"precision": 0.9636363636363636, "recall": 0.6022727272727273, "f-measure": 0.7412587412587412}, "BUK1_20181011_001004.wav": {"precision": 0.8181818181818182, "recall": 0.5806451612903226, "f-measure": 0.6792452830188679}, "BUK1_20181013_023504.wav": {"precision": 0.6, "recall": 0.25, "f-measure": 0.35294117647058826}, "BUK4_20161011_000804.wav": {"precision": 0.2857142857142857, "recall": 0.0425531914893617, "f-measure": 0.07407407407407407}, "BUK4_20171022_004304a.wav": {"precision": 0.47058823529411764, "recall": 0.47058823529411764, "f-measure": 0.47058823529411764}, "BUK5_20180921_015906a.wav": {"precision": 1e-05, "recall": 1e-05, "f-measure": 1e-05}, "n1.wav": {"precision": 1e-05, "recall": 1e-05, "f-measure": 1e-05}, "a1.wav": {"precision": 0.7916666666666666, "recall": 0.8636363636363636, "f-measure": 0.8260869565217391}}}