{"team_name": "PKU_ADSP", "set_name": "VAL", "report_date": "18042021_23_30_15", "overall_scores": {"precision": 0.025266339251983377, "recall": 0.3001795332136445, "fmeasure (percentage)": 4.661}, "scores_per_subset": {"PB": {"precision": 0.01368629569602017, "recall": 0.33043478260869563, "f-measure": 0.02628393567352585}, "HV": {"precision": 0.16417910447761194, "recall": 0.275, "f-measure": 0.205607476635514}}, "scores_per_audiofile": {"BUK5_20161101_002104a.wav": {"precision": 0.12628865979381443, "recall": 0.5568181818181818, "f-measure": 0.20588235294117646}, "BUK1_20181011_001004.wav": {"precision": 0.009732360097323601, "recall": 0.12903225806451613, "f-measure": 0.01809954751131222}, "BUK1_20181013_023504.wav": {"precision": 1e-05, "recall": 1e-05, "f-measure": 1e-05}, "BUK4_20161011_000804.wav": {"precision": 0.002717391304347826, "recall": 0.06382978723404255, "f-measure": 0.005212858384013901}, "BUK4_20171022_004304a.wav": {"precision": 0.047619047619047616, "recall": 0.9411764705882353, "f-measure": 0.0906515580736544}, "BUK5_20180921_015906a.wav": {"precision": 0.0024645717806531116, "recall": 0.17391304347826086, "f-measure": 0.004860267314702308}, "n1.wav": {"precision": 1e-05, "recall": 1e-05, "f-measure": 1e-05}, "a1.wav": {"precision": 0.3055555555555556, "recall": 0.5, "f-measure": 0.3793103448275862}}}