{"team_name": "PKU_ADSP", "set_name": "VAL", "report_date": "18072021_23_15_40", "overall_scores": {"precision": 0.6475497539054141, "recall": 0.4050870147255689, "fmeasure (percentage)": 49.839}, "scores_per_subset": {"PB": {"precision": 0.6180555555555556, "recall": 0.3869565217391304, "f-measure": 0.47593582887700536}, "HV": {"precision": 0.68, "recall": 0.425, "f-measure": 0.5230769230769231}}, "scores_per_audiofile": {"BUK5_20161101_002104a.wav": {"precision": 0.7910447761194029, "recall": 0.6022727272727273, "f-measure": 0.6838709677419355}, "BUK1_20181011_001004.wav": {"precision": 0.7777777777777778, "recall": 0.6774193548387096, "f-measure": 0.7241379310344828}, "BUK1_20181013_023504.wav": {"precision": 0.38461538461538464, "recall": 0.20833333333333334, "f-measure": 0.2702702702702703}, "BUK4_20161011_000804.wav": {"precision": 0.07692307692307693, "recall": 0.02127659574468085, "f-measure": 0.03333333333333333}, "BUK4_20171022_004304a.wav": {"precision": 0.4090909090909091, "recall": 0.5294117647058824, "f-measure": 0.46153846153846156}, "BUK5_20180921_015906a.wav": {"precision": 1e-05, "recall": 1e-05, "f-measure": 1e-05}, "n1.wav": {"precision": 1e-05, "recall": 1e-05, "f-measure": 1e-05}, "a1.wav": {"precision": 0.7083333333333334, "recall": 0.7727272727272727, "f-measure": 0.7391304347826086}}}