{"team_name": "PKU_ADSP", "set_name": "VAL", "report_date": "12062021_12_25_26", "overall_scores": {"precision": 0.6937069813176008, "recall": 0.3903181189488244, "fmeasure (percentage)": 49.956}, "scores_per_subset": {"PB": {"precision": 0.6535433070866141, "recall": 0.36086956521739133, "f-measure": 0.4649859943977591}, "HV": {"precision": 0.7391304347826086, "recall": 0.425, "f-measure": 0.5396825396825397}}, "scores_per_audiofile": {"BUK5_20161101_002104a.wav": {"precision": 0.9122807017543859, "recall": 0.5909090909090909, "f-measure": 0.7172413793103448}, "BUK1_20181011_001004.wav": {"precision": 0.6923076923076923, "recall": 0.5806451612903226, "f-measure": 0.631578947368421}, "BUK1_20181013_023504.wav": {"precision": 0.18181818181818182, "recall": 0.08333333333333333, "f-measure": 0.11428571428571428}, "BUK4_20161011_000804.wav": {"precision": 0.3, "recall": 0.06382978723404255, "f-measure": 0.10526315789473684}, "BUK4_20171022_004304a.wav": {"precision": 0.4, "recall": 0.47058823529411764, "f-measure": 0.43243243243243246}, "BUK5_20180921_015906a.wav": {"precision": 1e-05, "recall": 1e-05, "f-measure": 1e-05}, "n1.wav": {"precision": 0.25, "recall": 0.05555555555555555, "f-measure": 0.09090909090909091}, "a1.wav": {"precision": 0.8421052631578947, "recall": 0.7272727272727273, "f-measure": 0.7804878048780488}}}