{"team_name": "PKU_ADSP", "set_name": "VAL", "report_date": "19042021_16_59_39", "overall_scores": {"precision": 0.5357142857142857, "recall": 0.4403669724770642, "fmeasure (percentage)": 48.338}, "scores_per_subset": {"PB": {"precision": 0.5263157894736842, "recall": 0.34782608695652173, "f-measure": 0.418848167539267}, "HV": {"precision": 0.5454545454545454, "recall": 0.6, "f-measure": 0.5714285714285714}}, "scores_per_audiofile": {"BUK5_20161101_002104a.wav": {"precision": 0.9666666666666667, "recall": 0.6590909090909091, "f-measure": 0.7837837837837838}, "BUK1_20181011_001004.wav": {"precision": 0.5263157894736842, "recall": 0.3225806451612903, "f-measure": 0.4}, "BUK1_20181013_023504.wav": {"precision": 0.08333333333333333, "recall": 0.041666666666666664, "f-measure": 0.05555555555555555}, "BUK4_20161011_000804.wav": {"precision": 1e-05, "recall": 1e-05, "f-measure": 1e-05}, "BUK4_20171022_004304a.wav": {"precision": 0.47368421052631576, "recall": 0.5294117647058824, "f-measure": 0.5}, "BUK5_20180921_015906a.wav": {"precision": 0.058823529411764705, "recall": 0.08695652173913043, "f-measure": 0.07017543859649122}, "n1.wav": {"precision": 0.4, "recall": 0.2222222222222222, "f-measure": 0.2857142857142857}, "a1.wav": {"precision": 0.5882352941176471, "recall": 0.9090909090909091, "f-measure": 0.7142857142857143}}}