{"team_name": "PKU_ADSP", "set_name": "VAL", "report_date": "25042021_17_26_11", "overall_scores": {"precision": 0.7032213845099383, "recall": 0.4044678055190539, "fmeasure (percentage)": 51.356}, "scores_per_subset": {"PB": {"precision": 0.7297297297297297, "recall": 0.3521739130434783, "f-measure": 0.4750733137829912}, "HV": {"precision": 0.6785714285714286, "recall": 0.475, "f-measure": 0.5588235294117647}}, "scores_per_audiofile": {"BUK5_20161101_002104a.wav": {"precision": 0.9824561403508771, "recall": 0.6363636363636364, "f-measure": 0.7724137931034483}, "BUK1_20181011_001004.wav": {"precision": 0.6842105263157895, "recall": 0.41935483870967744, "f-measure": 0.52}, "BUK1_20181013_023504.wav": {"precision": 0.45454545454545453, "recall": 0.20833333333333334, "f-measure": 0.2857142857142857}, "BUK4_20161011_000804.wav": {"precision": 0.25, "recall": 0.02127659574468085, "f-measure": 0.0392156862745098}, "BUK4_20171022_004304a.wav": {"precision": 0.375, "recall": 0.35294117647058826, "f-measure": 0.36363636363636365}, "BUK5_20180921_015906a.wav": {"precision": 1e-05, "recall": 1e-05, "f-measure": 1e-05}, "n1.wav": {"precision": 1e-05, "recall": 1e-05, "f-measure": 1e-05}, "a1.wav": {"precision": 0.7307692307692307, "recall": 0.8636363636363636, "f-measure": 0.7916666666666666}}}