{"team_name": "PKU_ADSP", "set_name": "VAL", "report_date": "12042021_18_13_33", "overall_scores": {"precision": 0.005513274903609272, "recall": 0.48744939271255067, "fmeasure (percentage)": 1.09}, "scores_per_subset": {"PB": {"precision": 0.0029625546866926178, "recall": 0.3739130434782609, "f-measure": 0.005878533100926211}, "HV": {"precision": 0.039660056657223795, "recall": 0.7, "f-measure": 0.07506702412868632}}, "scores_per_audiofile": {"BUK5_20161101_002104a.wav": {"precision": 0.015778505507591543, "recall": 0.6022727272727273, "f-measure": 0.03075137800986365}, "BUK1_20181011_001004.wav": {"precision": 0.004469606674612634, "recall": 0.4838709677419355, "f-measure": 0.008857395925597875}, "BUK1_20181013_023504.wav": {"precision": 0.00016084928422068523, "recall": 0.041666666666666664, "f-measure": 0.0003204614645088928}, "BUK4_20161011_000804.wav": {"precision": 1e-05, "recall": 1e-05, "f-measure": 1e-05}, "BUK4_20171022_004304a.wav": {"precision": 0.004689331770222743, "recall": 0.7058823529411765, "f-measure": 0.009316770186335404}, "BUK5_20180921_015906a.wav": {"precision": 0.0007420599584446423, "recall": 0.21739130434782608, "f-measure": 0.0014790711433219938}, "n1.wav": {"precision": 0.03460207612456748, "recall": 0.5555555555555556, "f-measure": 0.06514657980456026}, "a1.wav": {"precision": 0.04316546762589928, "recall": 0.8181818181818182, "f-measure": 0.08200455580865604}}}