{"team_name": "PKU_ADSP", "set_name": "VAL", "report_date": "23042021_11_54_00", "overall_scores": {"precision": 0.6467065868263473, "recall": 0.4665964172813489, "fmeasure (percentage)": 54.208}, "scores_per_subset": {"PB": {"precision": 0.6666666666666666, "recall": 0.3565217391304348, "f-measure": 0.46458923512747874}, "HV": {"precision": 0.627906976744186, "recall": 0.675, "f-measure": 0.6506024096385542}}, "scores_per_audiofile": {"BUK5_20161101_002104a.wav": {"precision": 0.9444444444444444, "recall": 0.5795454545454546, "f-measure": 0.7183098591549296}, "BUK1_20181011_001004.wav": {"precision": 0.6666666666666666, "recall": 0.5806451612903226, "f-measure": 0.6206896551724138}, "BUK1_20181013_023504.wav": {"precision": 0.15384615384615385, "recall": 0.08333333333333333, "f-measure": 0.10810810810810811}, "BUK4_20161011_000804.wav": {"precision": 0.2222222222222222, "recall": 0.0425531914893617, "f-measure": 0.07142857142857142}, "BUK4_20171022_004304a.wav": {"precision": 0.5, "recall": 0.5294117647058824, "f-measure": 0.5142857142857142}, "BUK5_20180921_015906a.wav": {"precision": 1e-05, "recall": 1e-05, "f-measure": 1e-05}, "n1.wav": {"precision": 0.5, "recall": 0.4444444444444444, "f-measure": 0.47058823529411764}, "a1.wav": {"precision": 0.7037037037037037, "recall": 0.8636363636363636, "f-measure": 0.7755102040816326}}}