{"team_name": "PKU_ADSP", "set_name": "VAL", "report_date": "11042021_17_30_25", "overall_scores": {"precision": 0.01140456182472989, "recall": 0.1436426116838488, "fmeasure (percentage)": 2.113}, "scores_per_subset": {"PB": {"precision": 0.08796296296296297, "recall": 0.08260869565217391, "f-measure": 0.08520179372197309}, "HV": {"precision": 0.006097560975609756, "recall": 0.55, "f-measure": 0.01206140350877193}}, "scores_per_audiofile": {"BUK5_20161101_002104a.wav": {"precision": 0.21052631578947367, "recall": 0.13636363636363635, "f-measure": 0.16551724137931034}, "BUK1_20181011_001004.wav": {"precision": 0.022988505747126436, "recall": 0.06451612903225806, "f-measure": 0.03389830508474576}, "BUK1_20181013_023504.wav": {"precision": 0.2857142857142857, "recall": 0.08333333333333333, "f-measure": 0.12903225806451613}, "BUK4_20161011_000804.wav": {"precision": 0.038461538461538464, "recall": 0.0425531914893617, "f-measure": 0.04040404040404041}, "BUK4_20171022_004304a.wav": {"precision": 0.09090909090909091, "recall": 0.058823529411764705, "f-measure": 0.07142857142857142}, "BUK5_20180921_015906a.wav": {"precision": 1e-05, "recall": 1e-05, "f-measure": 1e-05}, "n1.wav": {"precision": 0.0010309278350515464, "recall": 0.05555555555555555, "f-measure": 0.0020242914979757085}, "a1.wav": {"precision": 0.00796057619408643, "recall": 0.9545454545454546, "f-measure": 0.015789473684210527}}}