{"team_name": "PKU_ADSP", "set_name": "VAL", "report_date": "03052021_16_48_59", "overall_scores": {"precision": 0.686803664273335, "recall": 0.38052126200274344, "fmeasure (percentage)": 48.972}, "scores_per_subset": {"PB": {"precision": 0.6952380952380952, "recall": 0.3173913043478261, "f-measure": 0.43582089552238806}, "HV": {"precision": 0.6785714285714286, "recall": 0.475, "f-measure": 0.5588235294117647}}, "scores_per_audiofile": {"BUK5_20161101_002104a.wav": {"precision": 0.94, "recall": 0.5340909090909091, "f-measure": 0.6811594202898551}, "BUK1_20181011_001004.wav": {"precision": 0.68, "recall": 0.5483870967741935, "f-measure": 0.6071428571428571}, "BUK1_20181013_023504.wav": {"precision": 0.5, "recall": 0.08333333333333333, "f-measure": 0.14285714285714285}, "BUK4_20161011_000804.wav": {"precision": 0.125, "recall": 0.02127659574468085, "f-measure": 0.03636363636363636}, "BUK4_20171022_004304a.wav": {"precision": 0.42857142857142855, "recall": 0.35294117647058826, "f-measure": 0.3870967741935484}, "BUK5_20180921_015906a.wav": {"precision": 1e-05, "recall": 1e-05, "f-measure": 1e-05}, "n1.wav": {"precision": 1e-05, "recall": 1e-05, "f-measure": 1e-05}, "a1.wav": {"precision": 0.7307692307692307, "recall": 0.8636363636363636, "f-measure": 0.7916666666666666}}}