{"team_name": "PKU_ADSP", "set_name": "VAL", "report_date": "18042021_23_32_45", "overall_scores": {"precision": 0.02680965147453083, "recall": 0.3127147766323024, "fmeasure (percentage)": 4.939}, "scores_per_subset": {"PB": {"precision": 0.014367816091954023, "recall": 0.2826086956521739, "f-measure": 0.027345393352965923}, "HV": {"precision": 0.2, "recall": 0.35, "f-measure": 0.2545454545454545}}, "scores_per_audiofile": {"BUK5_20161101_002104a.wav": {"precision": 0.1276595744680851, "recall": 0.4772727272727273, "f-measure": 0.2014388489208633}, "BUK1_20181011_001004.wav": {"precision": 0.003134796238244514, "recall": 0.03225806451612903, "f-measure": 0.005714285714285714}, "BUK1_20181013_023504.wav": {"precision": 1e-05, "recall": 1e-05, "f-measure": 1e-05}, "BUK4_20161011_000804.wav": {"precision": 0.00228310502283105, "recall": 0.0425531914893617, "f-measure": 0.004333694474539545}, "BUK4_20171022_004304a.wav": {"precision": 0.05813953488372093, "recall": 0.8823529411764706, "f-measure": 0.10909090909090909}, "BUK5_20180921_015906a.wav": {"precision": 0.0037064492216456633, "recall": 0.21739130434782608, "f-measure": 0.007288629737609329}, "n1.wav": {"precision": 0.034482758620689655, "recall": 0.05555555555555555, "f-measure": 0.0425531914893617}, "a1.wav": {"precision": 0.3170731707317073, "recall": 0.5909090909090909, "f-measure": 0.4126984126984127}}}