{"team_name": "PKU_ADSP", "set_name": "VAL", "report_date": "11042021_16_53_26", "overall_scores": {"precision": 1.999619637568941e-05, "recall": 1.99990000499975e-05, "fmeasure (percentage)": 0.002}, "scores_per_subset": {"PB": {"precision": 0.052571428571428575, "recall": 0.2, "f-measure": 0.0832579185520362}, "HV": {"precision": 1e-05, "recall": 1e-05, "f-measure": 1e-05}}, "scores_per_audiofile": {"BUK5_20161101_002104a.wav": {"precision": 0.17159763313609466, "recall": 0.32954545454545453, "f-measure": 0.22568093385214008}, "BUK1_20181011_001004.wav": {"precision": 0.015050167224080268, "recall": 0.2903225806451613, "f-measure": 0.028616852146263912}, "BUK1_20181013_023504.wav": {"precision": 0.10416666666666667, "recall": 0.20833333333333334, "f-measure": 0.1388888888888889}, "BUK4_20161011_000804.wav": {"precision": 1e-05, "recall": 1e-05, "f-measure": 1e-05}, "BUK4_20171022_004304a.wav": {"precision": 0.1, "recall": 0.17647058823529413, "f-measure": 0.1276595744680851}, "BUK5_20180921_015906a.wav": {"precision": 1e-05, "recall": 1e-05, "f-measure": 1e-05}, "n1.wav": {"precision": 1e-05, "recall": 1e-05, "f-measure": 1e-05}, "a1.wav": {"precision": 1e-05, "recall": 1e-05, "f-measure": 1e-05}}}