{"team_name": "PKU_ADSP", "set_name": "VAL", "report_date": "17042021_10_40_18", "overall_scores": {"precision": 0.4507795100222717, "recall": 0.4631578947368421, "fmeasure (percentage)": 45.688}, "scores_per_subset": {"PB": {"precision": 0.5287356321839081, "recall": 0.4, "f-measure": 0.45544554455445546}, "HV": {"precision": 0.39285714285714285, "recall": 0.55, "f-measure": 0.4583333333333333}}, "scores_per_audiofile": {"BUK5_20161101_002104a.wav": {"precision": 0.9104477611940298, "recall": 0.6931818181818182, "f-measure": 0.7870967741935484}, "BUK1_20181011_001004.wav": {"precision": 0.5555555555555556, "recall": 0.6451612903225806, "f-measure": 0.5970149253731343}, "BUK1_20181013_023504.wav": {"precision": 0.14285714285714285, "recall": 0.08333333333333333, "f-measure": 0.10526315789473684}, "BUK4_20161011_000804.wav": {"precision": 1e-05, "recall": 1e-05, "f-measure": 1e-05}, "BUK4_20171022_004304a.wav": {"precision": 0.5, "recall": 0.5294117647058824, "f-measure": 0.5142857142857142}, "BUK5_20180921_015906a.wav": {"precision": 1e-05, "recall": 1e-05, "f-measure": 1e-05}, "n1.wav": {"precision": 0.08, "recall": 0.1111111111111111, "f-measure": 0.09302325581395349}, "a1.wav": {"precision": 0.6451612903225806, "recall": 0.9090909090909091, "f-measure": 0.7547169811320755}}}