{"team_name": "PKU_ADSP", "set_name": "VAL", "report_date": "03052021_15_00_12", "overall_scores": {"precision": 0.590984360625575, "recall": 0.40250626566416037, "fmeasure (percentage)": 47.887}, "scores_per_subset": {"PB": {"precision": 0.6576576576576577, "recall": 0.3173913043478261, "f-measure": 0.4281524926686217}, "HV": {"precision": 0.5365853658536586, "recall": 0.55, "f-measure": 0.5432098765432098}}, "scores_per_audiofile": {"BUK5_20161101_002104a.wav": {"precision": 0.9743589743589743, "recall": 0.4318181818181818, "f-measure": 0.5984251968503937}, "BUK1_20181011_001004.wav": {"precision": 0.7407407407407407, "recall": 0.6451612903225806, "f-measure": 0.6896551724137931}, "BUK1_20181013_023504.wav": {"precision": 0.5, "recall": 0.25, "f-measure": 0.3333333333333333}, "BUK4_20161011_000804.wav": {"precision": 0.2, "recall": 0.0425531914893617, "f-measure": 0.07017543859649122}, "BUK4_20171022_004304a.wav": {"precision": 0.4375, "recall": 0.4117647058823529, "f-measure": 0.42424242424242425}, "BUK5_20180921_015906a.wav": {"precision": 1e-05, "recall": 1e-05, "f-measure": 1e-05}, "n1.wav": {"precision": 0.3333333333333333, "recall": 0.1111111111111111, "f-measure": 0.16666666666666666}, "a1.wav": {"precision": 0.5714285714285714, "recall": 0.9090909090909091, "f-measure": 0.7017543859649122}}}