{"team_name": "PKU_ADSP", "set_name": "VAL", "report_date": "29042021_22_28_16", "overall_scores": {"precision": 0.5491393670183232, "recall": 0.4531500572737686, "fmeasure (percentage)": 49.655}, "scores_per_subset": {"PB": {"precision": 0.6615384615384615, "recall": 0.3739130434782609, "f-measure": 0.4777777777777778}, "HV": {"precision": 0.46938775510204084, "recall": 0.575, "f-measure": 0.5168539325842697}}, "scores_per_audiofile": {"BUK5_20161101_002104a.wav": {"precision": 0.9622641509433962, "recall": 0.5795454545454546, "f-measure": 0.723404255319149}, "BUK1_20181011_001004.wav": {"precision": 0.75, "recall": 0.6774193548387096, "f-measure": 0.711864406779661}, "BUK1_20181013_023504.wav": {"precision": 0.13333333333333333, "recall": 0.08333333333333333, "f-measure": 0.10256410256410256}, "BUK4_20161011_000804.wav": {"precision": 0.2, "recall": 0.0425531914893617, "f-measure": 0.07017543859649122}, "BUK4_20171022_004304a.wav": {"precision": 0.625, "recall": 0.5882352941176471, "f-measure": 0.6060606060606061}, "BUK5_20180921_015906a.wav": {"precision": 1e-05, "recall": 1e-05, "f-measure": 1e-05}, "n1.wav": {"precision": 0.21428571428571427, "recall": 0.16666666666666666, "f-measure": 0.1875}, "a1.wav": {"precision": 0.5714285714285714, "recall": 0.9090909090909091, "f-measure": 0.7017543859649122}}}