{"team_name": "PKU_ADSP", "set_name": "VAL", "report_date": "04052021_16_31_58", "overall_scores": {"precision": 0.4699738903394256, "recall": 0.4291091593475534, "fmeasure (percentage)": 44.861}, "scores_per_subset": {"PB": {"precision": 0.4433497536945813, "recall": 0.391304347826087, "f-measure": 0.41570438799076215}, "HV": {"precision": 0.5, "recall": 0.475, "f-measure": 0.48717948717948717}}, "scores_per_audiofile": {"BUK5_20161101_002104a.wav": {"precision": 0.8507462686567164, "recall": 0.6477272727272727, "f-measure": 0.7354838709677419}, "BUK1_20181011_001004.wav": {"precision": 0.6071428571428571, "recall": 0.5483870967741935, "f-measure": 0.576271186440678}, "BUK1_20181013_023504.wav": {"precision": 0.058823529411764705, "recall": 0.041666666666666664, "f-measure": 0.04878048780487805}, "BUK4_20161011_000804.wav": {"precision": 0.16666666666666666, "recall": 0.0425531914893617, "f-measure": 0.06779661016949153}, "BUK4_20171022_004304a.wav": {"precision": 0.42105263157894735, "recall": 0.47058823529411764, "f-measure": 0.4444444444444444}, "BUK5_20180921_015906a.wav": {"precision": 0.08333333333333333, "recall": 0.21739130434782608, "f-measure": 0.12048192771084337}, "n1.wav": {"precision": 1e-05, "recall": 1e-05, "f-measure": 1e-05}, "a1.wav": {"precision": 0.5135135135135135, "recall": 0.8636363636363636, "f-measure": 0.6440677966101694}}}