{"team_name": "PKU_ADSP", "set_name": "VAL", "report_date": "18072021_16_33_14", "overall_scores": {"precision": 0.44881492687846697, "recall": 0.47798066595059074, "fmeasure (percentage)": 46.294}, "scores_per_subset": {"PB": {"precision": 0.48633879781420764, "recall": 0.3869565217391304, "f-measure": 0.43099273607748184}, "HV": {"precision": 0.4166666666666667, "recall": 0.625, "f-measure": 0.5}}, "scores_per_audiofile": {"BUK5_20161101_002104a.wav": {"precision": 0.9818181818181818, "recall": 0.6136363636363636, "f-measure": 0.7552447552447552}, "BUK1_20181011_001004.wav": {"precision": 0.36507936507936506, "recall": 0.7419354838709677, "f-measure": 0.48936170212765956}, "BUK1_20181013_023504.wav": {"precision": 0.1111111111111111, "recall": 0.08333333333333333, "f-measure": 0.09523809523809523}, "BUK4_20161011_000804.wav": {"precision": 0.05263157894736842, "recall": 0.02127659574468085, "f-measure": 0.030303030303030304}, "BUK4_20171022_004304a.wav": {"precision": 0.47058823529411764, "recall": 0.47058823529411764, "f-measure": 0.47058823529411764}, "BUK5_20180921_015906a.wav": {"precision": 0.09090909090909091, "recall": 0.043478260869565216, "f-measure": 0.058823529411764705}, "n1.wav": {"precision": 0.1724137931034483, "recall": 0.2777777777777778, "f-measure": 0.2127659574468085}, "a1.wav": {"precision": 0.6451612903225806, "recall": 0.9090909090909091, "f-measure": 0.7547169811320755}}}