{"team_name": "PKU_ADSP", "set_name": "VAL", "report_date": "11042021_17_23_02", "overall_scores": {"precision": 0.08719512195121952, "recall": 0.16022408963585433, "fmeasure (percentage)": 11.293}, "scores_per_subset": {"PB": {"precision": 0.1015625, "recall": 0.11304347826086956, "f-measure": 0.10699588477366255}, "HV": {"precision": 0.0763888888888889, "recall": 0.275, "f-measure": 0.11956521739130435}}, "scores_per_audiofile": {"BUK5_20161101_002104a.wav": {"precision": 0.21333333333333335, "recall": 0.18181818181818182, "f-measure": 0.19631901840490798}, "BUK1_20181011_001004.wav": {"precision": 0.02857142857142857, "recall": 0.0967741935483871, "f-measure": 0.04411764705882353}, "BUK1_20181013_023504.wav": {"precision": 0.4, "recall": 0.16666666666666666, "f-measure": 0.23529411764705882}, "BUK4_20161011_000804.wav": {"precision": 0.044444444444444446, "recall": 0.0425531914893617, "f-measure": 0.043478260869565216}, "BUK4_20171022_004304a.wav": {"precision": 0.05555555555555555, "recall": 0.058823529411764705, "f-measure": 0.05714285714285714}, "BUK5_20180921_015906a.wav": {"precision": 1e-05, "recall": 1e-05, "f-measure": 1e-05}, "n1.wav": {"precision": 1e-05, "recall": 1e-05, "f-measure": 1e-05}, "a1.wav": {"precision": 0.07746478873239436, "recall": 0.5, "f-measure": 0.13414634146341464}}}