{"team_name": "PKU_ADSP", "set_name": "VAL", "report_date": "01052021_11_05_40", "overall_scores": {"precision": 0.3998990154001515, "recall": 0.4883864337101747, "fmeasure (percentage)": 43.974}, "scores_per_subset": {"PB": {"precision": 0.6423357664233577, "recall": 0.3826086956521739, "f-measure": 0.47956403269754766}, "HV": {"precision": 0.2903225806451613, "recall": 0.675, "f-measure": 0.40601503759398494}}, "scores_per_audiofile": {"BUK5_20161101_002104a.wav": {"precision": 0.9636363636363636, "recall": 0.6022727272727273, "f-measure": 0.7412587412587412}, "BUK1_20181011_001004.wav": {"precision": 0.7241379310344828, "recall": 0.6774193548387096, "f-measure": 0.7}, "BUK1_20181013_023504.wav": {"precision": 0.13333333333333333, "recall": 0.08333333333333333, "f-measure": 0.10256410256410256}, "BUK4_20161011_000804.wav": {"precision": 0.2, "recall": 0.0425531914893617, "f-measure": 0.07017543859649122}, "BUK4_20171022_004304a.wav": {"precision": 0.5555555555555556, "recall": 0.5882352941176471, "f-measure": 0.5714285714285714}, "BUK5_20180921_015906a.wav": {"precision": 1e-05, "recall": 1e-05, "f-measure": 1e-05}, "n1.wav": {"precision": 0.11666666666666667, "recall": 0.3888888888888889, "f-measure": 0.1794871794871795}, "a1.wav": {"precision": 0.6060606060606061, "recall": 0.9090909090909091, "f-measure": 0.7272727272727273}}}