{"team_name": "PKU_ADSP", "set_name": "VAL", "report_date": "03052021_15_54_04", "overall_scores": {"precision": 0.59447983014862, "recall": 0.3783783783783784, "fmeasure (percentage)": 46.243}, "scores_per_subset": {"PB": {"precision": 0.5833333333333334, "recall": 0.30434782608695654, "f-measure": 0.4}, "HV": {"precision": 0.6060606060606061, "recall": 0.5, "f-measure": 0.547945205479452}}, "scores_per_audiofile": {"BUK5_20161101_002104a.wav": {"precision": 0.8846153846153846, "recall": 0.5227272727272727, "f-measure": 0.6571428571428571}, "BUK1_20181011_001004.wav": {"precision": 0.6666666666666666, "recall": 0.45161290322580644, "f-measure": 0.5384615384615384}, "BUK1_20181013_023504.wav": {"precision": 0.2, "recall": 0.08333333333333333, "f-measure": 0.11764705882352941}, "BUK4_20161011_000804.wav": {"precision": 0.08333333333333333, "recall": 0.02127659574468085, "f-measure": 0.03389830508474576}, "BUK4_20171022_004304a.wav": {"precision": 0.3333333333333333, "recall": 0.35294117647058826, "f-measure": 0.34285714285714286}, "BUK5_20180921_015906a.wav": {"precision": 0.14285714285714285, "recall": 0.043478260869565216, "f-measure": 0.06666666666666667}, "n1.wav": {"precision": 0.14285714285714285, "recall": 0.05555555555555555, "f-measure": 0.08}, "a1.wav": {"precision": 0.7307692307692307, "recall": 0.8636363636363636, "f-measure": 0.7916666666666666}}}