{"team_name": "PKU_ADSP", "set_name": "VAL", "report_date": "16042021_22_19_53", "overall_scores": {"precision": 0.5379688929551693, "recall": 0.47040000000000004, "fmeasure (percentage)": 50.192}, "scores_per_subset": {"PB": {"precision": 0.5664739884393064, "recall": 0.4260869565217391, "f-measure": 0.48635235732009924}, "HV": {"precision": 0.5121951219512195, "recall": 0.525, "f-measure": 0.5185185185185185}}, "scores_per_audiofile": {"BUK5_20161101_002104a.wav": {"precision": 0.9384615384615385, "recall": 0.6931818181818182, "f-measure": 0.7973856209150327}, "BUK1_20181011_001004.wav": {"precision": 0.4489795918367347, "recall": 0.7096774193548387, "f-measure": 0.55}, "BUK1_20181013_023504.wav": {"precision": 0.25, "recall": 0.125, "f-measure": 0.16666666666666666}, "BUK4_20161011_000804.wav": {"precision": 0.1, "recall": 0.0425531914893617, "f-measure": 0.05970149253731343}, "BUK4_20171022_004304a.wav": {"precision": 0.5, "recall": 0.5294117647058824, "f-measure": 0.5142857142857142}, "BUK5_20180921_015906a.wav": {"precision": 0.1111111111111111, "recall": 0.043478260869565216, "f-measure": 0.0625}, "n1.wav": {"precision": 0.1111111111111111, "recall": 0.05555555555555555, "f-measure": 0.07407407407407407}, "a1.wav": {"precision": 0.625, "recall": 0.9090909090909091, "f-measure": 0.7407407407407407}}}