{"team_name": "PKU_ADSP", "set_name": "VAL", "report_date": "11042021_17_40_58", "overall_scores": {"precision": 0.05779204741911583, "recall": 0.15048231511254018, "fmeasure (percentage)": 8.351}, "scores_per_subset": {"PB": {"precision": 0.13541666666666666, "recall": 0.11304347826086956, "f-measure": 0.12322274881516587}, "HV": {"precision": 0.036734693877551024, "recall": 0.225, "f-measure": 0.06315789473684211}}, "scores_per_audiofile": {"BUK5_20161101_002104a.wav": {"precision": 0.27586206896551724, "recall": 0.18181818181818182, "f-measure": 0.2191780821917808}, "BUK1_20181011_001004.wav": {"precision": 0.038461538461538464, "recall": 0.0967741935483871, "f-measure": 0.05504587155963303}, "BUK1_20181013_023504.wav": {"precision": 0.5, "recall": 0.16666666666666666, "f-measure": 0.25}, "BUK4_20161011_000804.wav": {"precision": 0.05405405405405406, "recall": 0.0425531914893617, "f-measure": 0.047619047619047616}, "BUK4_20171022_004304a.wav": {"precision": 0.1111111111111111, "recall": 0.058823529411764705, "f-measure": 0.07692307692307693}, "BUK5_20180921_015906a.wav": {"precision": 1e-05, "recall": 1e-05, "f-measure": 1e-05}, "n1.wav": {"precision": 1e-05, "recall": 1e-05, "f-measure": 1e-05}, "a1.wav": {"precision": 0.03862660944206009, "recall": 0.4090909090909091, "f-measure": 0.07058823529411765}}}