{"team_name": "PKU_ADSP", "set_name": "VAL", "report_date": "03052021_16_12_33", "overall_scores": {"precision": 0.4981161491490191, "recall": 0.42364640883977905, "fmeasure (percentage)": 45.787}, "scores_per_subset": {"PB": {"precision": 0.7029702970297029, "recall": 0.30869565217391304, "f-measure": 0.42900302114803623}, "HV": {"precision": 0.38571428571428573, "recall": 0.675, "f-measure": 0.4909090909090909}}, "scores_per_audiofile": {"BUK5_20161101_002104a.wav": {"precision": 0.9782608695652174, "recall": 0.5113636363636364, "f-measure": 0.6716417910447762}, "BUK1_20181011_001004.wav": {"precision": 0.68, "recall": 0.5483870967741935, "f-measure": 0.6071428571428571}, "BUK1_20181013_023504.wav": {"precision": 0.5, "recall": 0.08333333333333333, "f-measure": 0.14285714285714285}, "BUK4_20161011_000804.wav": {"precision": 0.125, "recall": 0.02127659574468085, "f-measure": 0.03636363636363636}, "BUK4_20171022_004304a.wav": {"precision": 0.42857142857142855, "recall": 0.35294117647058826, "f-measure": 0.3870967741935484}, "BUK5_20180921_015906a.wav": {"precision": 1e-05, "recall": 1e-05, "f-measure": 1e-05}, "n1.wav": {"precision": 0.18181818181818182, "recall": 0.4444444444444444, "f-measure": 0.25806451612903225}, "a1.wav": {"precision": 0.7307692307692307, "recall": 0.8636363636363636, "f-measure": 0.7916666666666666}}}