{"team_name": "PKU_ADSP", "set_name": "VAL", "report_date": "18072021_16_31_33", "overall_scores": {"precision": 0.3900853311661926, "recall": 0.5363128491620112, "fmeasure (percentage)": 45.166}, "scores_per_subset": {"PB": {"precision": 0.3622641509433962, "recall": 0.41739130434782606, "f-measure": 0.3878787878787879}, "HV": {"precision": 0.4225352112676056, "recall": 0.75, "f-measure": 0.5405405405405406}}, "scores_per_audiofile": {"BUK5_20161101_002104a.wav": {"precision": 0.9682539682539683, "recall": 0.6931818181818182, "f-measure": 0.8079470198675497}, "BUK1_20181011_001004.wav": {"precision": 0.18461538461538463, "recall": 0.7741935483870968, "f-measure": 0.2981366459627329}, "BUK1_20181013_023504.wav": {"precision": 0.09523809523809523, "recall": 0.08333333333333333, "f-measure": 0.08888888888888889}, "BUK4_20161011_000804.wav": {"precision": 0.043478260869565216, "recall": 0.02127659574468085, "f-measure": 0.02857142857142857}, "BUK4_20171022_004304a.wav": {"precision": 0.5, "recall": 0.47058823529411764, "f-measure": 0.48484848484848486}, "BUK5_20180921_015906a.wav": {"precision": 1e-05, "recall": 1e-05, "f-measure": 1e-05}, "n1.wav": {"precision": 0.2564102564102564, "recall": 0.5555555555555556, "f-measure": 0.3508771929824561}, "a1.wav": {"precision": 0.625, "recall": 0.9090909090909091, "f-measure": 0.7407407407407407}}}