{"team_name": "PKU_ADSP", "set_name": "VAL", "report_date": "13042021_17_46_22", "overall_scores": {"precision": 0.2993817116823951, "recall": 0.2857142857142857, "fmeasure (percentage)": 29.239}, "scores_per_subset": {"PB": {"precision": 0.24210526315789474, "recall": 0.2, "f-measure": 0.21904761904761905}, "HV": {"precision": 0.39215686274509803, "recall": 0.5, "f-measure": 0.43956043956043955}}, "scores_per_audiofile": {"BUK5_20161101_002104a.wav": {"precision": 0.4444444444444444, "recall": 0.36363636363636365, "f-measure": 0.4}, "BUK1_20181011_001004.wav": {"precision": 0.15, "recall": 0.0967741935483871, "f-measure": 0.11764705882352941}, "BUK1_20181013_023504.wav": {"precision": 0.0975609756097561, "recall": 0.16666666666666666, "f-measure": 0.12307692307692308}, "BUK4_20161011_000804.wav": {"precision": 1e-05, "recall": 1e-05, "f-measure": 1e-05}, "BUK4_20171022_004304a.wav": {"precision": 0.5384615384615384, "recall": 0.4117647058823529, "f-measure": 0.4666666666666667}, "BUK5_20180921_015906a.wav": {"precision": 1e-05, "recall": 1e-05, "f-measure": 1e-05}, "n1.wav": {"precision": 0.047619047619047616, "recall": 0.05555555555555555, "f-measure": 0.05128205128205128}, "a1.wav": {"precision": 0.6333333333333333, "recall": 0.8636363636363636, "f-measure": 0.7307692307692307}}}