{"team_name": "PKU_ADSP", "set_name": "VAL", "report_date": "11042021_15_49_57", "overall_scores": {"precision": 0.018680596395336767, "recall": 0.37630662020905925, "fmeasure (percentage)": 3.559}, "scores_per_subset": {"PB": {"precision": 0.048939641109298535, "recall": 0.2608695652173913, "f-measure": 0.08241758241758242}, "HV": {"precision": 0.011543394613082514, "recall": 0.675, "f-measure": 0.02269861286254729}}, "scores_per_audiofile": {"BUK5_20161101_002104a.wav": {"precision": 0.1506849315068493, "recall": 0.375, "f-measure": 0.21498371335504887}, "BUK1_20181011_001004.wav": {"precision": 0.019585253456221197, "recall": 0.5483870967741935, "f-measure": 0.03781979977753059}, "BUK1_20181013_023504.wav": {"precision": 0.06557377049180328, "recall": 0.16666666666666666, "f-measure": 0.09411764705882353}, "BUK4_20161011_000804.wav": {"precision": 1e-05, "recall": 1e-05, "f-measure": 1e-05}, "BUK4_20171022_004304a.wav": {"precision": 0.18181818181818182, "recall": 0.35294117647058826, "f-measure": 0.24}, "BUK5_20180921_015906a.wav": {"precision": 1e-05, "recall": 1e-05, "f-measure": 1e-05}, "n1.wav": {"precision": 0.0023441162681669013, "recall": 0.2777777777777778, "f-measure": 0.004649000464900047}, "a1.wav": {"precision": 0.10679611650485436, "recall": 1.0, "f-measure": 0.19298245614035087}}}