{"team_name": "PKU_ADSP", "set_name": "VAL", "report_date": "16042021_22_26_47", "overall_scores": {"precision": 0.4765342960288808, "recall": 0.47460674157303373, "fmeasure (percentage)": 47.557}, "scores_per_subset": {"PB": {"precision": 0.5454545454545454, "recall": 0.41739130434782606, "f-measure": 0.4729064039408867}, "HV": {"precision": 0.4230769230769231, "recall": 0.55, "f-measure": 0.4782608695652174}}, "scores_per_audiofile": {"BUK5_20161101_002104a.wav": {"precision": 0.863013698630137, "recall": 0.7159090909090909, "f-measure": 0.782608695652174}, "BUK1_20181011_001004.wav": {"precision": 0.6, "recall": 0.6774193548387096, "f-measure": 0.6363636363636364}, "BUK1_20181013_023504.wav": {"precision": 0.13333333333333333, "recall": 0.08333333333333333, "f-measure": 0.10256410256410256}, "BUK4_20161011_000804.wav": {"precision": 0.038461538461538464, "recall": 0.02127659574468085, "f-measure": 0.0273972602739726}, "BUK4_20171022_004304a.wav": {"precision": 0.47058823529411764, "recall": 0.47058823529411764, "f-measure": 0.47058823529411764}, "BUK5_20180921_015906a.wav": {"precision": 0.1, "recall": 0.043478260869565216, "f-measure": 0.06060606060606061}, "n1.wav": {"precision": 0.09523809523809523, "recall": 0.1111111111111111, "f-measure": 0.10256410256410256}, "a1.wav": {"precision": 0.6451612903225806, "recall": 0.9090909090909091, "f-measure": 0.7547169811320755}}}