{"team_name": "PKU_ADSP", "set_name": "VAL", "report_date": "21042021_21_18_32", "overall_scores": {"precision": 0.6440677966101696, "recall": 0.3707317073170731, "fmeasure (percentage)": 47.059}, "scores_per_subset": {"PB": {"precision": 0.5757575757575758, "recall": 0.33043478260869563, "f-measure": 0.4198895027624309}, "HV": {"precision": 0.7307692307692307, "recall": 0.4222222222222222, "f-measure": 0.5352112676056338}}, "scores_per_audiofile": {"BUK5_20161101_002104a.wav": {"precision": 0.9767441860465116, "recall": 0.4772727272727273, "f-measure": 0.6412213740458015}, "BUK1_20181011_001004.wav": {"precision": 0.46153846153846156, "recall": 0.5806451612903226, "f-measure": 0.5142857142857142}, "BUK1_20181013_023504.wav": {"precision": 0.16666666666666666, "recall": 0.125, "f-measure": 0.14285714285714285}, "BUK4_20161011_000804.wav": {"precision": 0.3333333333333333, "recall": 0.0425531914893617, "f-measure": 0.07547169811320754}, "BUK4_20171022_004304a.wav": {"precision": 0.4583333333333333, "recall": 0.6470588235294118, "f-measure": 0.5365853658536586}, "BUK5_20180921_015906a.wav": {"precision": 1e-05, "recall": 1e-05, "f-measure": 1e-05}, "n1.wav": {"precision": 1e-05, "recall": 1e-05, "f-measure": 1e-05}, "a1.wav": {"precision": 0.7307692307692307, "recall": 0.8636363636363636, "f-measure": 0.7916666666666666}}}