{"team_name": "PKU_ADSP", "set_name": "VAL", "report_date": "25042021_21_34_44", "overall_scores": {"precision": 0.6282871357498223, "recall": 0.47121535181236673, "fmeasure (percentage)": 53.853}, "scores_per_subset": {"PB": {"precision": 0.6538461538461539, "recall": 0.3695652173913043, "f-measure": 0.4722222222222222}, "HV": {"precision": 0.6046511627906976, "recall": 0.65, "f-measure": 0.6265060240963856}}, "scores_per_audiofile": {"BUK5_20161101_002104a.wav": {"precision": 0.921875, "recall": 0.6704545454545454, "f-measure": 0.7763157894736842}, "BUK1_20181011_001004.wav": {"precision": 0.6666666666666666, "recall": 0.3870967741935484, "f-measure": 0.4897959183673469}, "BUK1_20181013_023504.wav": {"precision": 0.3333333333333333, "recall": 0.16666666666666666, "f-measure": 0.2222222222222222}, "BUK4_20161011_000804.wav": {"precision": 0.16666666666666666, "recall": 0.0425531914893617, "f-measure": 0.06779661016949153}, "BUK4_20171022_004304a.wav": {"precision": 0.4, "recall": 0.35294117647058826, "f-measure": 0.375}, "BUK5_20180921_015906a.wav": {"precision": 0.2222222222222222, "recall": 0.08695652173913043, "f-measure": 0.125}, "n1.wav": {"precision": 0.4117647058823529, "recall": 0.3888888888888889, "f-measure": 0.4}, "a1.wav": {"precision": 0.7307692307692307, "recall": 0.8636363636363636, "f-measure": 0.7916666666666666}}}