{"team_name": "PKU_ADSP", "set_name": "VAL", "report_date": "04052021_16_51_38", "overall_scores": {"precision": 0.5487493619193465, "recall": 0.46789989118607184, "fmeasure (percentage)": 50.511}, "scores_per_subset": {"PB": {"precision": 0.6231884057971014, "recall": 0.3739130434782609, "f-measure": 0.4673913043478261}, "HV": {"precision": 0.49019607843137253, "recall": 0.625, "f-measure": 0.5494505494505495}}, "scores_per_audiofile": {"BUK5_20161101_002104a.wav": {"precision": 0.7532467532467533, "recall": 0.6590909090909091, "f-measure": 0.703030303030303}, "BUK1_20181011_001004.wav": {"precision": 0.6296296296296297, "recall": 0.5483870967741935, "f-measure": 0.5862068965517241}, "BUK1_20181013_023504.wav": {"precision": 0.25, "recall": 0.08333333333333333, "f-measure": 0.125}, "BUK4_20161011_000804.wav": {"precision": 0.16666666666666666, "recall": 0.02127659574468085, "f-measure": 0.03773584905660377}, "BUK4_20171022_004304a.wav": {"precision": 0.4444444444444444, "recall": 0.47058823529411764, "f-measure": 0.45714285714285713}, "BUK5_20180921_015906a.wav": {"precision": 1e-05, "recall": 1e-05, "f-measure": 1e-05}, "n1.wav": {"precision": 0.4166666666666667, "recall": 0.2777777777777778, "f-measure": 0.3333333333333333}, "a1.wav": {"precision": 0.5128205128205128, "recall": 0.9090909090909091, "f-measure": 0.6557377049180327}}}