{"team_name": "PKU_ADSP", "set_name": "VAL", "report_date": "25042021_16_14_04", "overall_scores": {"precision": 0.6397694524495677, "recall": 0.4188679245283019, "fmeasure (percentage)": 50.627}, "scores_per_subset": {"PB": {"precision": 0.6851851851851852, "recall": 0.3217391304347826, "f-measure": 0.4378698224852071}, "HV": {"precision": 0.6, "recall": 0.6, "f-measure": 0.6}}, "scores_per_audiofile": {"BUK5_20161101_002104a.wav": {"precision": 0.9230769230769231, "recall": 0.5454545454545454, "f-measure": 0.6857142857142857}, "BUK1_20181011_001004.wav": {"precision": 0.7, "recall": 0.45161290322580644, "f-measure": 0.5490196078431373}, "BUK1_20181013_023504.wav": {"precision": 0.2727272727272727, "recall": 0.125, "f-measure": 0.17142857142857143}, "BUK4_20161011_000804.wav": {"precision": 0.2857142857142857, "recall": 0.0425531914893617, "f-measure": 0.07407407407407407}, "BUK4_20171022_004304a.wav": {"precision": 0.42857142857142855, "recall": 0.35294117647058826, "f-measure": 0.3870967741935484}, "BUK5_20180921_015906a.wav": {"precision": 0.25, "recall": 0.043478260869565216, "f-measure": 0.07407407407407407}, "n1.wav": {"precision": 0.3076923076923077, "recall": 0.2222222222222222, "f-measure": 0.25806451612903225}, "a1.wav": {"precision": 0.7407407407407407, "recall": 0.9090909090909091, "f-measure": 0.8163265306122449}}}