{"team_name": "PKU_ADSP", "set_name": "VAL", "report_date": "13042021_17_39_12", "overall_scores": {"precision": 0.29375, "recall": 0.301534170153417, "fmeasure (percentage)": 29.759}, "scores_per_subset": {"PB": {"precision": 0.26256983240223464, "recall": 0.20434782608695654, "f-measure": 0.22982885085574573}, "HV": {"precision": 0.3333333333333333, "recall": 0.575, "f-measure": 0.42201834862385323}}, "scores_per_audiofile": {"BUK5_20161101_002104a.wav": {"precision": 0.4647887323943662, "recall": 0.375, "f-measure": 0.41509433962264153}, "BUK1_20181011_001004.wav": {"precision": 0.17647058823529413, "recall": 0.0967741935483871, "f-measure": 0.125}, "BUK1_20181013_023504.wav": {"precision": 0.15789473684210525, "recall": 0.25, "f-measure": 0.1935483870967742}, "BUK4_20161011_000804.wav": {"precision": 1e-05, "recall": 1e-05, "f-measure": 1e-05}, "BUK4_20171022_004304a.wav": {"precision": 0.5, "recall": 0.29411764705882354, "f-measure": 0.37037037037037035}, "BUK5_20180921_015906a.wav": {"precision": 1e-05, "recall": 1e-05, "f-measure": 1e-05}, "n1.wav": {"precision": 0.1282051282051282, "recall": 0.2777777777777778, "f-measure": 0.17543859649122806}, "a1.wav": {"precision": 0.6, "recall": 0.8181818181818182, "f-measure": 0.6923076923076923}}}