{"team_name": "PKU_ADSP", "set_name": "VAL", "report_date": "12062021_14_34_29", "overall_scores": {"precision": 0.6732673267326732, "recall": 0.3928473177441541, "fmeasure (percentage)": 49.618}, "scores_per_subset": {"PB": {"precision": 0.6666666666666666, "recall": 0.3652173913043478, "f-measure": 0.47191011235955055}, "HV": {"precision": 0.68, "recall": 0.425, "f-measure": 0.5230769230769231}}, "scores_per_audiofile": {"BUK5_20161101_002104a.wav": {"precision": 0.9454545454545454, "recall": 0.5909090909090909, "f-measure": 0.7272727272727273}, "BUK1_20181011_001004.wav": {"precision": 0.6428571428571429, "recall": 0.5806451612903226, "f-measure": 0.6101694915254238}, "BUK1_20181013_023504.wav": {"precision": 0.2, "recall": 0.08333333333333333, "f-measure": 0.11764705882352941}, "BUK4_20161011_000804.wav": {"precision": 0.2727272727272727, "recall": 0.06382978723404255, "f-measure": 0.10344827586206896}, "BUK4_20171022_004304a.wav": {"precision": 0.45, "recall": 0.5294117647058824, "f-measure": 0.4864864864864865}, "BUK5_20180921_015906a.wav": {"precision": 1e-05, "recall": 1e-05, "f-measure": 1e-05}, "n1.wav": {"precision": 0.4, "recall": 0.1111111111111111, "f-measure": 0.17391304347826086}, "a1.wav": {"precision": 0.75, "recall": 0.6818181818181818, "f-measure": 0.7142857142857143}}}