{"team_name": "PKU_ADSP", "set_name": "VAL", "report_date": "13042021_18_14_31", "overall_scores": {"precision": 0.6255012028869286, "recall": 0.2820976491862568, "fmeasure (percentage)": 38.883}, "scores_per_subset": {"PB": {"precision": 0.5777777777777777, "recall": 0.22608695652173913, "f-measure": 0.325}, "HV": {"precision": 0.6818181818181818, "recall": 0.375, "f-measure": 0.4838709677419355}}, "scores_per_audiofile": {"BUK5_20161101_002104a.wav": {"precision": 0.9259259259259259, "recall": 0.2840909090909091, "f-measure": 0.43478260869565216}, "BUK1_20181011_001004.wav": {"precision": 0.6, "recall": 0.5806451612903226, "f-measure": 0.5901639344262295}, "BUK1_20181013_023504.wav": {"precision": 0.26666666666666666, "recall": 0.16666666666666666, "f-measure": 0.20512820512820512}, "BUK4_20161011_000804.wav": {"precision": 1e-05, "recall": 1e-05, "f-measure": 1e-05}, "BUK4_20171022_004304a.wav": {"precision": 0.5555555555555556, "recall": 0.29411764705882354, "f-measure": 0.38461538461538464}, "BUK5_20180921_015906a.wav": {"precision": 1e-05, "recall": 1e-05, "f-measure": 1e-05}, "n1.wav": {"precision": 1e-05, "recall": 1e-05, "f-measure": 1e-05}, "a1.wav": {"precision": 0.7894736842105263, "recall": 0.6818181818181818, "f-measure": 0.7317073170731707}}}