{"team_name": "PKU_ADSP", "set_name": "VAL", "report_date": "05052021_12_17_35", "overall_scores": {"precision": 0.6228373702422146, "recall": 0.3850267379679144, "fmeasure (percentage)": 47.588}, "scores_per_subset": {"PB": {"precision": 0.7346938775510204, "recall": 0.3130434782608696, "f-measure": 0.43902439024390244}, "HV": {"precision": 0.5405405405405406, "recall": 0.5, "f-measure": 0.5194805194805194}}, "scores_per_audiofile": {"BUK5_20161101_002104a.wav": {"precision": 0.9574468085106383, "recall": 0.5113636363636364, "f-measure": 0.6666666666666666}, "BUK1_20181011_001004.wav": {"precision": 0.8333333333333334, "recall": 0.4838709677419355, "f-measure": 0.6122448979591837}, "BUK1_20181013_023504.wav": {"precision": 0.5, "recall": 0.125, "f-measure": 0.2}, "BUK4_20161011_000804.wav": {"precision": 1e-05, "recall": 1e-05, "f-measure": 1e-05}, "BUK4_20171022_004304a.wav": {"precision": 0.47058823529411764, "recall": 0.47058823529411764, "f-measure": 0.47058823529411764}, "BUK5_20180921_015906a.wav": {"precision": 0.14285714285714285, "recall": 0.043478260869565216, "f-measure": 0.06666666666666667}, "n1.wav": {"precision": 1e-05, "recall": 1e-05, "f-measure": 1e-05}, "a1.wav": {"precision": 0.625, "recall": 0.9090909090909091, "f-measure": 0.7407407407407407}}}