{"team_name": "PKU_ADSP", "set_name": "VAL", "report_date": "12062021_00_22_13", "overall_scores": {"precision": 0.6710310965630114, "recall": 0.41624365482233505, "fmeasure (percentage)": 51.378}, "scores_per_subset": {"PB": {"precision": 0.780952380952381, "recall": 0.3565217391304348, "f-measure": 0.48955223880597015}, "HV": {"precision": 0.5882352941176471, "recall": 0.5, "f-measure": 0.5405405405405406}}, "scores_per_audiofile": {"BUK5_20161101_002104a.wav": {"precision": 0.9803921568627451, "recall": 0.5681818181818182, "f-measure": 0.7194244604316546}, "BUK1_20181011_001004.wav": {"precision": 0.782608695652174, "recall": 0.5806451612903226, "f-measure": 0.6666666666666666}, "BUK1_20181013_023504.wav": {"precision": 0.4444444444444444, "recall": 0.16666666666666666, "f-measure": 0.24242424242424243}, "BUK4_20161011_000804.wav": {"precision": 0.4, "recall": 0.0425531914893617, "f-measure": 0.07692307692307693}, "BUK4_20171022_004304a.wav": {"precision": 0.5, "recall": 0.47058823529411764, "f-measure": 0.48484848484848486}, "BUK5_20180921_015906a.wav": {"precision": 1e-05, "recall": 1e-05, "f-measure": 1e-05}, "n1.wav": {"precision": 0.09090909090909091, "recall": 0.05555555555555555, "f-measure": 0.06896551724137931}, "a1.wav": {"precision": 0.8260869565217391, "recall": 0.8636363636363636, "f-measure": 0.8444444444444444}}}