{"team_name": "PKU_ADSP", "set_name": "VAL", "report_date": "16042021_20_57_20", "overall_scores": {"precision": 0.40487347703842547, "recall": 0.44383561643835623, "fmeasure (percentage)": 42.346}, "scores_per_subset": {"PB": {"precision": 0.46551724137931033, "recall": 0.3521739130434783, "f-measure": 0.400990099009901}, "HV": {"precision": 0.3582089552238806, "recall": 0.6, "f-measure": 0.4485981308411215}}, "scores_per_audiofile": {"BUK5_20161101_002104a.wav": {"precision": 0.9791666666666666, "recall": 0.5340909090909091, "f-measure": 0.6911764705882353}, "BUK1_20181011_001004.wav": {"precision": 0.5806451612903226, "recall": 0.5806451612903226, "f-measure": 0.5806451612903226}, "BUK1_20181013_023504.wav": {"precision": 0.16666666666666666, "recall": 0.125, "f-measure": 0.14285714285714285}, "BUK4_20161011_000804.wav": {"precision": 0.03225806451612903, "recall": 0.02127659574468085, "f-measure": 0.02564102564102564}, "BUK4_20171022_004304a.wav": {"precision": 0.45, "recall": 0.5294117647058824, "f-measure": 0.4864864864864865}, "BUK5_20180921_015906a.wav": {"precision": 0.11538461538461539, "recall": 0.13043478260869565, "f-measure": 0.12244897959183673}, "n1.wav": {"precision": 0.13333333333333333, "recall": 0.2222222222222222, "f-measure": 0.16666666666666666}, "a1.wav": {"precision": 0.5405405405405406, "recall": 0.9090909090909091, "f-measure": 0.6779661016949152}}}