{"team_name": "PKU_ADSP", "set_name": "VAL", "report_date": "03052021_21_19_13", "overall_scores": {"precision": 0.5181347150259067, "recall": 0.4225352112676056, "fmeasure (percentage)": 46.548}, "scores_per_subset": {"PB": {"precision": 0.5905511811023622, "recall": 0.32608695652173914, "f-measure": 0.42016806722689076}, "HV": {"precision": 0.46153846153846156, "recall": 0.6, "f-measure": 0.5217391304347826}}, "scores_per_audiofile": {"BUK5_20161101_002104a.wav": {"precision": 0.9777777777777777, "recall": 0.5, "f-measure": 0.6616541353383458}, "BUK1_20181011_001004.wav": {"precision": 0.4666666666666667, "recall": 0.6774193548387096, "f-measure": 0.5526315789473685}, "BUK1_20181013_023504.wav": {"precision": 0.5, "recall": 0.125, "f-measure": 0.2}, "BUK4_20161011_000804.wav": {"precision": 0.1, "recall": 0.02127659574468085, "f-measure": 0.03508771929824561}, "BUK4_20171022_004304a.wav": {"precision": 0.42857142857142855, "recall": 0.35294117647058826, "f-measure": 0.3870967741935484}, "BUK5_20180921_015906a.wav": {"precision": 1e-05, "recall": 1e-05, "f-measure": 1e-05}, "n1.wav": {"precision": 0.19047619047619047, "recall": 0.2222222222222222, "f-measure": 0.20512820512820512}, "a1.wav": {"precision": 0.6451612903225806, "recall": 0.9090909090909091, "f-measure": 0.7547169811320755}}}