{"team_name": "PKU_ADSP", "set_name": "VAL", "report_date": "25042021_22_01_04", "overall_scores": {"precision": 0.5432595573440644, "recall": 0.45050055617352613, "fmeasure (percentage)": 49.255}, "scores_per_subset": {"PB": {"precision": 0.675, "recall": 0.3521739130434783, "f-measure": 0.46285714285714286}, "HV": {"precision": 0.45454545454545453, "recall": 0.625, "f-measure": 0.5263157894736842}}, "scores_per_audiofile": {"BUK5_20161101_002104a.wav": {"precision": 0.9298245614035088, "recall": 0.6022727272727273, "f-measure": 0.7310344827586207}, "BUK1_20181011_001004.wav": {"precision": 0.6923076923076923, "recall": 0.5806451612903226, "f-measure": 0.631578947368421}, "BUK1_20181013_023504.wav": {"precision": 0.2727272727272727, "recall": 0.125, "f-measure": 0.17142857142857143}, "BUK4_20161011_000804.wav": {"precision": 0.2857142857142857, "recall": 0.0425531914893617, "f-measure": 0.07407407407407407}, "BUK4_20171022_004304a.wav": {"precision": 0.38461538461538464, "recall": 0.29411764705882354, "f-measure": 0.3333333333333333}, "BUK5_20180921_015906a.wav": {"precision": 1e-05, "recall": 1e-05, "f-measure": 1e-05}, "n1.wav": {"precision": 0.21428571428571427, "recall": 0.3333333333333333, "f-measure": 0.2608695652173913}, "a1.wav": {"precision": 0.7037037037037037, "recall": 0.8636363636363636, "f-measure": 0.7755102040816326}}}