{"team_name": "PKU_ADSP", "set_name": "VAL", "report_date": "03052021_21_00_46", "overall_scores": {"precision": 0.42857142857142855, "recall": 0.45903257650542945, "fmeasure (percentage)": 44.328}, "scores_per_subset": {"PB": {"precision": 0.6, "recall": 0.32608695652173914, "f-measure": 0.4225352112676056}, "HV": {"precision": 0.3333333333333333, "recall": 0.775, "f-measure": 0.46616541353383456}}, "scores_per_audiofile": {"BUK5_20161101_002104a.wav": {"precision": 0.9387755102040817, "recall": 0.5227272727272727, "f-measure": 0.6715328467153284}, "BUK1_20181011_001004.wav": {"precision": 0.6206896551724138, "recall": 0.5806451612903226, "f-measure": 0.6}, "BUK1_20181013_023504.wav": {"precision": 0.23076923076923078, "recall": 0.125, "f-measure": 0.16216216216216217}, "BUK4_20161011_000804.wav": {"precision": 0.14285714285714285, "recall": 0.0425531914893617, "f-measure": 0.06557377049180328}, "BUK4_20171022_004304a.wav": {"precision": 0.42857142857142855, "recall": 0.35294117647058826, "f-measure": 0.3870967741935484}, "BUK5_20180921_015906a.wav": {"precision": 1e-05, "recall": 1e-05, "f-measure": 1e-05}, "n1.wav": {"precision": 0.21052631578947367, "recall": 0.6666666666666666, "f-measure": 0.32}, "a1.wav": {"precision": 0.5277777777777778, "recall": 0.8636363636363636, "f-measure": 0.6551724137931034}}}