{"team_name": "PKU_ADSP", "set_name": "VAL", "report_date": "01052021_23_05_25", "overall_scores": {"precision": 0.564000722152013, "recall": 0.3954430379746835, "fmeasure (percentage)": 46.492}, "scores_per_subset": {"PB": {"precision": 0.6283185840707964, "recall": 0.30869565217391304, "f-measure": 0.4139941690962099}, "HV": {"precision": 0.5116279069767442, "recall": 0.55, "f-measure": 0.5301204819277109}}, "scores_per_audiofile": {"BUK5_20161101_002104a.wav": {"precision": 1.0, "recall": 0.45454545454545453, "f-measure": 0.625}, "BUK1_20181011_001004.wav": {"precision": 0.6129032258064516, "recall": 0.6129032258064516, "f-measure": 0.6129032258064516}, "BUK1_20181013_023504.wav": {"precision": 0.3076923076923077, "recall": 0.16666666666666666, "f-measure": 0.21621621621621623}, "BUK4_20161011_000804.wav": {"precision": 1e-05, "recall": 1e-05, "f-measure": 1e-05}, "BUK4_20171022_004304a.wav": {"precision": 0.5714285714285714, "recall": 0.47058823529411764, "f-measure": 0.5161290322580645}, "BUK5_20180921_015906a.wav": {"precision": 1e-05, "recall": 1e-05, "f-measure": 1e-05}, "n1.wav": {"precision": 0.25, "recall": 0.1111111111111111, "f-measure": 0.15384615384615385}, "a1.wav": {"precision": 0.5714285714285714, "recall": 0.9090909090909091, "f-measure": 0.7017543859649122}}}