{"team_name": "PKU_ADSP", "set_name": "VAL", "report_date": "10042021_23_33_22", "overall_scores": {"precision": 0.006614919794097497, "recall": 0.50199203187251, "fmeasure (percentage)": 1.306}, "scores_per_subset": {"PB": {"precision": 0.008044333214158027, "recall": 0.391304347826087, "f-measure": 0.015764582238570676}, "HV": {"precision": 0.005616850551654965, "recall": 0.7, "f-measure": 0.011144278606965175}}, "scores_per_audiofile": {"BUK5_20161101_002104a.wav": {"precision": 0.028645833333333332, "recall": 0.625, "f-measure": 0.054780876494023904}, "BUK1_20181011_001004.wav": {"precision": 0.004784688995215311, "recall": 0.5161290322580645, "f-measure": 0.009481481481481481}, "BUK1_20181013_023504.wav": {"precision": 1e-05, "recall": 1e-05, "f-measure": 1e-05}, "BUK4_20161011_000804.wav": {"precision": 0.0032626427406199023, "recall": 0.0425531914893617, "f-measure": 0.006060606060606061}, "BUK4_20171022_004304a.wav": {"precision": 0.019417475728155338, "recall": 0.8235294117647058, "f-measure": 0.037940379403794036}, "BUK5_20180921_015906a.wav": {"precision": 0.0009891196834817012, "recall": 0.13043478260869565, "f-measure": 0.001963350785340314}, "n1.wav": {"precision": 0.003743565746373421, "recall": 0.4444444444444444, "f-measure": 0.007424593967517401}, "a1.wav": {"precision": 0.007022471910112359, "recall": 0.9090909090909091, "f-measure": 0.013937282229965157}}}