{"team_name": "PKU_ADSP", "set_name": "VAL", "report_date": "07062021_23_24_38", "overall_scores": {"precision": 0.1285125810091045, "recall": 0.4759961127308066, "fmeasure (percentage)": 20.238}, "scores_per_subset": {"PB": {"precision": 0.626984126984127, "recall": 0.34347826086956523, "f-measure": 0.4438202247191011}, "HV": {"precision": 0.07159353348729793, "recall": 0.775, "f-measure": 0.13107822410147993}}, "scores_per_audiofile": {"BUK5_20161101_002104a.wav": {"precision": 0.9298245614035088, "recall": 0.6022727272727273, "f-measure": 0.7310344827586207}, "BUK1_20181011_001004.wav": {"precision": 0.625, "recall": 0.4838709677419355, "f-measure": 0.5454545454545454}, "BUK1_20181013_023504.wav": {"precision": 0.16666666666666666, "recall": 0.08333333333333333, "f-measure": 0.1111111111111111}, "BUK4_20161011_000804.wav": {"precision": 0.14285714285714285, "recall": 0.0425531914893617, "f-measure": 0.06557377049180328}, "BUK4_20171022_004304a.wav": {"precision": 0.4375, "recall": 0.4117647058823529, "f-measure": 0.42424242424242425}, "BUK5_20180921_015906a.wav": {"precision": 1e-05, "recall": 1e-05, "f-measure": 1e-05}, "n1.wav": {"precision": 0.03170731707317073, "recall": 0.7222222222222222, "f-measure": 0.06074766355140187}, "a1.wav": {"precision": 0.782608695652174, "recall": 0.8181818181818182, "f-measure": 0.8}}}