{"team_name": "PKU_ADSP", "set_name": "VAL", "report_date": "12062021_11_34_23", "overall_scores": {"precision": 0.6319702602230484, "recall": 0.38255977496483823, "fmeasure (percentage)": 47.661}, "scores_per_subset": {"PB": {"precision": 0.7142857142857143, "recall": 0.34782608695652173, "f-measure": 0.4678362573099415}, "HV": {"precision": 0.5666666666666667, "recall": 0.425, "f-measure": 0.4857142857142857}}, "scores_per_audiofile": {"BUK5_20161101_002104a.wav": {"precision": 0.9245283018867925, "recall": 0.5568181818181818, "f-measure": 0.6950354609929078}, "BUK1_20181011_001004.wav": {"precision": 0.75, "recall": 0.5806451612903226, "f-measure": 0.6545454545454545}, "BUK1_20181013_023504.wav": {"precision": 0.25, "recall": 0.08333333333333333, "f-measure": 0.125}, "BUK4_20161011_000804.wav": {"precision": 0.2857142857142857, "recall": 0.0425531914893617, "f-measure": 0.07407407407407407}, "BUK4_20171022_004304a.wav": {"precision": 0.5294117647058824, "recall": 0.5294117647058824, "f-measure": 0.5294117647058824}, "BUK5_20180921_015906a.wav": {"precision": 1e-05, "recall": 1e-05, "f-measure": 1e-05}, "n1.wav": {"precision": 0.18181818181818182, "recall": 0.1111111111111111, "f-measure": 0.13793103448275862}, "a1.wav": {"precision": 0.7894736842105263, "recall": 0.6818181818181818, "f-measure": 0.7317073170731707}}}