{"team_name": "PKU_ADSP", "set_name": "VAL", "report_date": "18072021_22_37_19", "overall_scores": {"precision": 0.6592238171185539, "recall": 0.44711538461538464, "fmeasure (percentage)": 53.284}, "scores_per_subset": {"PB": {"precision": 0.6739130434782609, "recall": 0.4043478260869565, "f-measure": 0.5054347826086957}, "HV": {"precision": 0.6451612903225806, "recall": 0.5, "f-measure": 0.5633802816901409}}, "scores_per_audiofile": {"BUK5_20161101_002104a.wav": {"precision": 0.9206349206349206, "recall": 0.6590909090909091, "f-measure": 0.7682119205298014}, "BUK1_20181011_001004.wav": {"precision": 0.7241379310344828, "recall": 0.6774193548387096, "f-measure": 0.7}, "BUK1_20181013_023504.wav": {"precision": 0.25, "recall": 0.125, "f-measure": 0.16666666666666666}, "BUK4_20161011_000804.wav": {"precision": 0.09090909090909091, "recall": 0.02127659574468085, "f-measure": 0.034482758620689655}, "BUK4_20171022_004304a.wav": {"precision": 0.45454545454545453, "recall": 0.5882352941176471, "f-measure": 0.5128205128205128}, "BUK5_20180921_015906a.wav": {"precision": 1e-05, "recall": 1e-05, "f-measure": 1e-05}, "n1.wav": {"precision": 0.4, "recall": 0.1111111111111111, "f-measure": 0.17391304347826086}, "a1.wav": {"precision": 0.6923076923076923, "recall": 0.8181818181818182, "f-measure": 0.75}}}