{"team_name": "PKU_ADSP", "set_name": "VAL", "report_date": "16042021_21_29_01", "overall_scores": {"precision": 0.5453085263016999, "recall": 0.4677382319173364, "fmeasure (percentage)": 50.355}, "scores_per_subset": {"PB": {"precision": 0.5672514619883041, "recall": 0.4217391304347826, "f-measure": 0.4837905236907731}, "HV": {"precision": 0.525, "recall": 0.525, "f-measure": 0.525}}, "scores_per_audiofile": {"BUK5_20161101_002104a.wav": {"precision": 0.9682539682539683, "recall": 0.6931818181818182, "f-measure": 0.8079470198675497}, "BUK1_20181011_001004.wav": {"precision": 0.46938775510204084, "recall": 0.7419354838709677, "f-measure": 0.575}, "BUK1_20181013_023504.wav": {"precision": 0.21428571428571427, "recall": 0.125, "f-measure": 0.15789473684210525}, "BUK4_20161011_000804.wav": {"precision": 1e-05, "recall": 1e-05, "f-measure": 1e-05}, "BUK4_20171022_004304a.wav": {"precision": 0.5, "recall": 0.5294117647058824, "f-measure": 0.5142857142857142}, "BUK5_20180921_015906a.wav": {"precision": 0.1111111111111111, "recall": 0.043478260869565216, "f-measure": 0.0625}, "n1.wav": {"precision": 0.14285714285714285, "recall": 0.05555555555555555, "f-measure": 0.08}, "a1.wav": {"precision": 0.6060606060606061, "recall": 0.9090909090909091, "f-measure": 0.7272727272727273}}}