{"team_name": "PKU_ADSP", "set_name": "VAL", "report_date": "13062021_17_10_48", "overall_scores": {"precision": 0.7096004770423375, "recall": 0.43377885783718106, "fmeasure (percentage)": 53.842}, "scores_per_subset": {"PB": {"precision": 0.8018867924528302, "recall": 0.3695652173913043, "f-measure": 0.5059523809523809}, "HV": {"precision": 0.6363636363636364, "recall": 0.525, "f-measure": 0.5753424657534246}}, "scores_per_audiofile": {"BUK5_20161101_002104a.wav": {"precision": 0.9636363636363636, "recall": 0.6022727272727273, "f-measure": 0.7412587412587412}, "BUK1_20181011_001004.wav": {"precision": 0.85, "recall": 0.5483870967741935, "f-measure": 0.6666666666666666}, "BUK1_20181013_023504.wav": {"precision": 0.625, "recall": 0.20833333333333334, "f-measure": 0.3125}, "BUK4_20161011_000804.wav": {"precision": 0.3333333333333333, "recall": 0.02127659574468085, "f-measure": 0.04}, "BUK4_20171022_004304a.wav": {"precision": 0.5, "recall": 0.5294117647058824, "f-measure": 0.5142857142857142}, "BUK5_20180921_015906a.wav": {"precision": 1e-05, "recall": 1e-05, "f-measure": 1e-05}, "n1.wav": {"precision": 0.2222222222222222, "recall": 0.1111111111111111, "f-measure": 0.14814814814814814}, "a1.wav": {"precision": 0.7916666666666666, "recall": 0.8636363636363636, "f-measure": 0.8260869565217391}}}