{"team_name": "PKU_ADSP", "set_name": "VAL", "report_date": "13042021_17_41_02", "overall_scores": {"precision": 0.3138049236522281, "recall": 0.3103235747303544, "fmeasure (percentage)": 31.205}, "scores_per_subset": {"PB": {"precision": 0.30113636363636365, "recall": 0.23043478260869565, "f-measure": 0.26108374384236455}, "HV": {"precision": 0.3275862068965517, "recall": 0.475, "f-measure": 0.3877551020408163}}, "scores_per_audiofile": {"BUK5_20161101_002104a.wav": {"precision": 0.5538461538461539, "recall": 0.4090909090909091, "f-measure": 0.47058823529411764}, "BUK1_20181011_001004.wav": {"precision": 0.21052631578947367, "recall": 0.12903225806451613, "f-measure": 0.16}, "BUK1_20181013_023504.wav": {"precision": 0.11363636363636363, "recall": 0.20833333333333334, "f-measure": 0.14705882352941177}, "BUK4_20161011_000804.wav": {"precision": 0.09090909090909091, "recall": 0.02127659574468085, "f-measure": 0.034482758620689655}, "BUK4_20171022_004304a.wav": {"precision": 0.5833333333333334, "recall": 0.4117647058823529, "f-measure": 0.4827586206896552}, "BUK5_20180921_015906a.wav": {"precision": 1e-05, "recall": 1e-05, "f-measure": 1e-05}, "n1.wav": {"precision": 0.037037037037037035, "recall": 0.05555555555555555, "f-measure": 0.044444444444444446}, "a1.wav": {"precision": 0.5806451612903226, "recall": 0.8181818181818182, "f-measure": 0.6792452830188679}}}