{"team_name": "PKU_ADSP", "set_name": "VAL", "report_date": "18042021_10_48_40", "overall_scores": {"precision": 0.008058608058608058, "recall": 0.47303754266211606, "fmeasure (percentage)": 1.585}, "scores_per_subset": {"PB": {"precision": 0.0042884990253411305, "recall": 0.43043478260869567, "f-measure": 0.0084923868754021}, "HV": {"precision": 0.06666666666666667, "recall": 0.525, "f-measure": 0.11830985915492957}}, "scores_per_audiofile": {"BUK5_20161101_002104a.wav": {"precision": 0.02412769116555308, "recall": 0.7386363636363636, "f-measure": 0.04672897196261682}, "BUK1_20181011_001004.wav": {"precision": 0.0037835792659856224, "recall": 0.3225806451612903, "f-measure": 0.0074794315632011965}, "BUK1_20181013_023504.wav": {"precision": 0.0001949317738791423, "recall": 0.041666666666666664, "f-measure": 0.00038804811796662784}, "BUK4_20161011_000804.wav": {"precision": 0.0005470459518599562, "recall": 0.06382978723404255, "f-measure": 0.0010847947929849937}, "BUK4_20171022_004304a.wav": {"precision": 0.005099675475197033, "recall": 0.6470588235294118, "f-measure": 0.010119595216191352}, "BUK5_20180921_015906a.wav": {"precision": 0.0018083182640144665, "recall": 0.391304347826087, "f-measure": 0.0036}, "n1.wav": {"precision": 0.041666666666666664, "recall": 0.3333333333333333, "f-measure": 0.07407407407407407}, "a1.wav": {"precision": 0.08771929824561403, "recall": 0.6818181818181818, "f-measure": 0.15544041450777202}}}