{"team_name": "PKU_ADSP", "set_name": "VAL", "report_date": "13062021_12_22_07", "overall_scores": {"precision": 0.7065420560747664, "recall": 0.42156133828996284, "fmeasure (percentage)": 52.806}, "scores_per_subset": {"PB": {"precision": 0.7941176470588235, "recall": 0.3521739130434783, "f-measure": 0.4879518072289157}, "HV": {"precision": 0.6363636363636364, "recall": 0.525, "f-measure": 0.5753424657534246}}, "scores_per_audiofile": {"BUK5_20161101_002104a.wav": {"precision": 0.9811320754716981, "recall": 0.5909090909090909, "f-measure": 0.7375886524822695}, "BUK1_20181011_001004.wav": {"precision": 0.85, "recall": 0.5483870967741935, "f-measure": 0.6666666666666666}, "BUK1_20181013_023504.wav": {"precision": 0.4444444444444444, "recall": 0.16666666666666666, "f-measure": 0.24242424242424243}, "BUK4_20161011_000804.wav": {"precision": 1e-05, "recall": 1e-05, "f-measure": 1e-05}, "BUK4_20171022_004304a.wav": {"precision": 0.5, "recall": 0.47058823529411764, "f-measure": 0.48484848484848486}, "BUK5_20180921_015906a.wav": {"precision": 1e-05, "recall": 1e-05, "f-measure": 1e-05}, "n1.wav": {"precision": 0.2222222222222222, "recall": 0.1111111111111111, "f-measure": 0.14814814814814814}, "a1.wav": {"precision": 0.7916666666666666, "recall": 0.8636363636363636, "f-measure": 0.8260869565217391}}}