{"team_name": "PKU_ADSP", "set_name": "VAL", "report_date": "03052021_17_30_18", "overall_scores": {"precision": 0.6526580459770115, "recall": 0.4300591715976331, "fmeasure (percentage)": 51.848}, "scores_per_subset": {"PB": {"precision": 0.6869565217391305, "recall": 0.34347826086956523, "f-measure": 0.4579710144927536}, "HV": {"precision": 0.6216216216216216, "recall": 0.575, "f-measure": 0.5974025974025974}}, "scores_per_audiofile": {"BUK5_20161101_002104a.wav": {"precision": 0.9629629629629629, "recall": 0.5909090909090909, "f-measure": 0.7323943661971831}, "BUK1_20181011_001004.wav": {"precision": 0.68, "recall": 0.5483870967741935, "f-measure": 0.6071428571428571}, "BUK1_20181013_023504.wav": {"precision": 0.42857142857142855, "recall": 0.125, "f-measure": 0.1935483870967742}, "BUK4_20161011_000804.wav": {"precision": 0.1111111111111111, "recall": 0.02127659574468085, "f-measure": 0.03571428571428571}, "BUK4_20171022_004304a.wav": {"precision": 0.42857142857142855, "recall": 0.35294117647058826, "f-measure": 0.3870967741935484}, "BUK5_20180921_015906a.wav": {"precision": 1e-05, "recall": 1e-05, "f-measure": 1e-05}, "n1.wav": {"precision": 0.42857142857142855, "recall": 0.16666666666666666, "f-measure": 0.24}, "a1.wav": {"precision": 0.6666666666666666, "recall": 0.9090909090909091, "f-measure": 0.7692307692307693}}}