{"team_name": "PKU_ADSP", "set_name": "VAL", "report_date": "03052021_11_46_55", "overall_scores": {"precision": 0.19678908564735065, "recall": 0.3928473177441541, "fmeasure (percentage)": 26.222}, "scores_per_subset": {"PB": {"precision": 0.14558058925476602, "recall": 0.3652173913043478, "f-measure": 0.20817843866171004}, "HV": {"precision": 0.30357142857142855, "recall": 0.425, "f-measure": 0.3541666666666667}}, "scores_per_audiofile": {"BUK5_20161101_002104a.wav": {"precision": 0.9423076923076923, "recall": 0.5568181818181818, "f-measure": 0.7}, "BUK1_20181011_001004.wav": {"precision": 0.31746031746031744, "recall": 0.6451612903225806, "f-measure": 0.425531914893617}, "BUK1_20181013_023504.wav": {"precision": 0.024691358024691357, "recall": 0.08333333333333333, "f-measure": 0.0380952380952381}, "BUK4_20161011_000804.wav": {"precision": 0.02, "recall": 0.02127659574468085, "f-measure": 0.020618556701030927}, "BUK4_20171022_004304a.wav": {"precision": 0.391304347826087, "recall": 0.5294117647058824, "f-measure": 0.45}, "BUK5_20180921_015906a.wav": {"precision": 0.00974025974025974, "recall": 0.13043478260869565, "f-measure": 0.01812688821752266}, "n1.wav": {"precision": 1e-05, "recall": 1e-05, "f-measure": 1e-05}, "a1.wav": {"precision": 0.32075471698113206, "recall": 0.7727272727272727, "f-measure": 0.4533333333333333}}}