{"team_name": "PKU_ADSP", "set_name": "VAL", "report_date": "07062021_22_36_05", "overall_scores": {"precision": 0.5855227882037533, "recall": 0.41207547169811315, "fmeasure (percentage)": 48.372}, "scores_per_subset": {"PB": {"precision": 0.6046511627906976, "recall": 0.3391304347826087, "f-measure": 0.43454038997214484}, "HV": {"precision": 0.5675675675675675, "recall": 0.525, "f-measure": 0.5454545454545454}}, "scores_per_audiofile": {"BUK5_20161101_002104a.wav": {"precision": 0.9245283018867925, "recall": 0.5568181818181818, "f-measure": 0.6950354609929078}, "BUK1_20181011_001004.wav": {"precision": 0.7727272727272727, "recall": 0.5483870967741935, "f-measure": 0.6415094339622641}, "BUK1_20181013_023504.wav": {"precision": 0.4, "recall": 0.16666666666666666, "f-measure": 0.23529411764705882}, "BUK4_20161011_000804.wav": {"precision": 0.047619047619047616, "recall": 0.02127659574468085, "f-measure": 0.029411764705882353}, "BUK4_20171022_004304a.wav": {"precision": 0.375, "recall": 0.35294117647058826, "f-measure": 0.36363636363636365}, "BUK5_20180921_015906a.wav": {"precision": 0.14285714285714285, "recall": 0.043478260869565216, "f-measure": 0.06666666666666667}, "n1.wav": {"precision": 0.18181818181818182, "recall": 0.1111111111111111, "f-measure": 0.13793103448275862}, "a1.wav": {"precision": 0.7307692307692307, "recall": 0.8636363636363636, "f-measure": 0.7916666666666666}}}