{"team_name": "PKU_ADSP", "set_name": "VAL", "report_date": "12062021_14_49_37", "overall_scores": {"precision": 0.7162891046386192, "recall": 0.37942857142857145, "fmeasure (percentage)": 49.608}, "scores_per_subset": {"PB": {"precision": 0.6484375, "recall": 0.36086956521739133, "f-measure": 0.46368715083798884}, "HV": {"precision": 0.8, "recall": 0.4, "f-measure": 0.5333333333333333}}, "scores_per_audiofile": {"BUK5_20161101_002104a.wav": {"precision": 0.9622641509433962, "recall": 0.5795454545454546, "f-measure": 0.723404255319149}, "BUK1_20181011_001004.wav": {"precision": 0.6428571428571429, "recall": 0.5806451612903226, "f-measure": 0.6101694915254238}, "BUK1_20181013_023504.wav": {"precision": 0.25, "recall": 0.125, "f-measure": 0.16666666666666666}, "BUK4_20161011_000804.wav": {"precision": 0.2727272727272727, "recall": 0.06382978723404255, "f-measure": 0.10344827586206896}, "BUK4_20171022_004304a.wav": {"precision": 0.38095238095238093, "recall": 0.47058823529411764, "f-measure": 0.42105263157894735}, "BUK5_20180921_015906a.wav": {"precision": 1e-05, "recall": 1e-05, "f-measure": 1e-05}, "n1.wav": {"precision": 0.5, "recall": 0.1111111111111111, "f-measure": 0.18181818181818182}, "a1.wav": {"precision": 0.875, "recall": 0.6363636363636364, "f-measure": 0.7368421052631579}}}