{"team_name": "PKU_ADSP", "set_name": "VAL", "report_date": "12062021_20_41_07", "overall_scores": {"precision": 0.5528089887640449, "recall": 0.3978436657681941, "fmeasure (percentage)": 46.27}, "scores_per_subset": {"PB": {"precision": 0.6890756302521008, "recall": 0.3565217391304348, "f-measure": 0.4699140401146132}, "HV": {"precision": 0.46153846153846156, "recall": 0.45, "f-measure": 0.45569620253164556}}, "scores_per_audiofile": {"BUK5_20161101_002104a.wav": {"precision": 0.9272727272727272, "recall": 0.5795454545454546, "f-measure": 0.7132867132867133}, "BUK1_20181011_001004.wav": {"precision": 0.76, "recall": 0.6129032258064516, "f-measure": 0.6785714285714286}, "BUK1_20181013_023504.wav": {"precision": 0.25, "recall": 0.08333333333333333, "f-measure": 0.125}, "BUK4_20161011_000804.wav": {"precision": 0.2, "recall": 0.0425531914893617, "f-measure": 0.07017543859649122}, "BUK4_20171022_004304a.wav": {"precision": 0.42105263157894735, "recall": 0.47058823529411764, "f-measure": 0.4444444444444444}, "BUK5_20180921_015906a.wav": {"precision": 1e-05, "recall": 1e-05, "f-measure": 1e-05}, "n1.wav": {"precision": 0.05555555555555555, "recall": 0.05555555555555555, "f-measure": 0.05555555555555555}, "a1.wav": {"precision": 0.8095238095238095, "recall": 0.7727272727272727, "f-measure": 0.7906976744186046}}}