{"team_name": "PKU_ADSP", "set_name": "VAL", "report_date": "17042021_23_43_16", "overall_scores": {"precision": 0.007939964148631266, "recall": 0.4983050847457626, "fmeasure (percentage)": 1.563}, "scores_per_subset": {"PB": {"precision": 0.0043147096376524455, "recall": 0.4260869565217391, "f-measure": 0.00854291069171425}, "HV": {"precision": 0.049689440993788817, "recall": 0.6, "f-measure": 0.09177820267686425}}, "scores_per_audiofile": {"BUK5_20161101_002104a.wav": {"precision": 0.01954177897574124, "recall": 0.6590909090909091, "f-measure": 0.03795811518324607}, "BUK1_20181011_001004.wav": {"precision": 0.004662840746054519, "recall": 0.41935483870967744, "f-measure": 0.009223128769067045}, "BUK1_20181013_023504.wav": {"precision": 1e-05, "recall": 1e-05, "f-measure": 1e-05}, "BUK4_20161011_000804.wav": {"precision": 0.0007969715082685794, "recall": 0.0851063829787234, "f-measure": 0.0015791551519936833}, "BUK4_20171022_004304a.wav": {"precision": 0.005237711522965351, "recall": 0.7647058823529411, "f-measure": 0.010404161664665866}, "BUK5_20180921_015906a.wav": {"precision": 0.0020189783969311527, "recall": 0.43478260869565216, "f-measure": 0.0040192926045016075}, "n1.wav": {"precision": 0.022598870056497175, "recall": 0.2222222222222222, "f-measure": 0.041025641025641026}, "a1.wav": {"precision": 0.06535947712418301, "recall": 0.9090909090909091, "f-measure": 0.12195121951219512}}}