{"team_name": "PKU_ADSP", "set_name": "VAL", "report_date": "13042021_17_29_59", "overall_scores": {"precision": 0.2794216997703013, "recall": 0.2979827089337176, "fmeasure (percentage)": 28.84}, "scores_per_subset": {"PB": {"precision": 0.24867724867724866, "recall": 0.20434782608695654, "f-measure": 0.2243436754176611}, "HV": {"precision": 0.3188405797101449, "recall": 0.55, "f-measure": 0.4036697247706422}}, "scores_per_audiofile": {"BUK5_20161101_002104a.wav": {"precision": 0.47297297297297297, "recall": 0.3977272727272727, "f-measure": 0.43209876543209874}, "BUK1_20181011_001004.wav": {"precision": 0.16666666666666666, "recall": 0.0967741935483871, "f-measure": 0.12244897959183673}, "BUK1_20181013_023504.wav": {"precision": 0.057692307692307696, "recall": 0.125, "f-measure": 0.07894736842105263}, "BUK4_20161011_000804.wav": {"precision": 1e-05, "recall": 1e-05, "f-measure": 1e-05}, "BUK4_20171022_004304a.wav": {"precision": 0.5454545454545454, "recall": 0.35294117647058826, "f-measure": 0.42857142857142855}, "BUK5_20180921_015906a.wav": {"precision": 1e-05, "recall": 1e-05, "f-measure": 1e-05}, "n1.wav": {"precision": 0.08333333333333333, "recall": 0.16666666666666666, "f-measure": 0.1111111111111111}, "a1.wav": {"precision": 0.5757575757575758, "recall": 0.8636363636363636, "f-measure": 0.6909090909090909}}}