{"team_name": "PKU_ADSP", "set_name": "VAL", "report_date": "11042021_11_45_55", "overall_scores": {"precision": 0.011085364458175992, "recall": 0.5570530098831985, "fmeasure (percentage)": 2.174}, "scores_per_subset": {"PB": {"precision": 0.012632642748863061, "recall": 0.43478260869565216, "f-measure": 0.024551927326295114}, "HV": {"precision": 0.009875756610385472, "recall": 0.775, "f-measure": 0.019502988361119848}}, "scores_per_audiofile": {"BUK5_20161101_002104a.wav": {"precision": 0.03717472118959108, "recall": 0.5681818181818182, "f-measure": 0.06978367062107467}, "BUK1_20181011_001004.wav": {"precision": 0.008934953538241601, "recall": 0.8064516129032258, "f-measure": 0.017674089784376106}, "BUK1_20181013_023504.wav": {"precision": 0.006915629322268326, "recall": 0.20833333333333334, "f-measure": 0.013386880856760375}, "BUK4_20161011_000804.wav": {"precision": 0.004944375772558714, "recall": 0.0851063829787234, "f-measure": 0.009345794392523364}, "BUK4_20171022_004304a.wav": {"precision": 0.028132992327365727, "recall": 0.6470588235294118, "f-measure": 0.05392156862745098}, "BUK5_20180921_015906a.wav": {"precision": 0.002702702702702703, "recall": 0.21739130434782608, "f-measure": 0.005339028296849973}, "n1.wav": {"precision": 0.003838771593090211, "recall": 0.5555555555555556, "f-measure": 0.007624857033930614}, "a1.wav": {"precision": 0.03932584269662921, "recall": 0.9545454545454546, "f-measure": 0.07553956834532374}}}