{"team_name": "PKU_ADSP", "set_name": "VAL", "report_date": "08062021_09_37_01", "overall_scores": {"precision": 0.4319890635680109, "recall": 0.4072164948453609, "fmeasure (percentage)": 41.924}, "scores_per_subset": {"PB": {"precision": 0.7247706422018348, "recall": 0.34347826086956523, "f-measure": 0.46607669616519176}, "HV": {"precision": 0.3076923076923077, "recall": 0.5, "f-measure": 0.38095238095238093}}, "scores_per_audiofile": {"BUK5_20161101_002104a.wav": {"precision": 0.9166666666666666, "recall": 0.625, "f-measure": 0.7432432432432432}, "BUK1_20181011_001004.wav": {"precision": 0.8125, "recall": 0.41935483870967744, "f-measure": 0.5531914893617021}, "BUK1_20181013_023504.wav": {"precision": 0.42857142857142855, "recall": 0.125, "f-measure": 0.1935483870967742}, "BUK4_20161011_000804.wav": {"precision": 0.2, "recall": 0.0425531914893617, "f-measure": 0.07017543859649122}, "BUK4_20171022_004304a.wav": {"precision": 0.4, "recall": 0.35294117647058826, "f-measure": 0.375}, "BUK5_20180921_015906a.wav": {"precision": 1e-05, "recall": 1e-05, "f-measure": 1e-05}, "n1.wav": {"precision": 0.025, "recall": 0.05555555555555555, "f-measure": 0.034482758620689655}, "a1.wav": {"precision": 0.76, "recall": 0.8636363636363636, "f-measure": 0.8085106382978723}}}