{"team_name": "PKU_ADSP", "set_name": "VAL", "report_date": "05052021_11_01_56", "overall_scores": {"precision": 0.6676783004552352, "recall": 0.31884057971014496, "fmeasure (percentage)": 43.158}, "scores_per_subset": {"PB": {"precision": 0.7432432432432432, "recall": 0.23404255319148937, "f-measure": 0.3559870550161812}, "HV": {"precision": 0.6060606060606061, "recall": 0.5, "f-measure": 0.547945205479452}}, "scores_per_audiofile": {"BUK5_20161101_002104a.wav": {"precision": 0.975, "recall": 0.4431818181818182, "f-measure": 0.609375}, "BUK1_20181011_001004.wav": {"precision": 0.6666666666666666, "recall": 0.25806451612903225, "f-measure": 0.37209302325581395}, "BUK1_20181013_023504.wav": {"precision": 1e-05, "recall": 1e-05, "f-measure": 1e-05}, "BUK4_20161011_000804.wav": {"precision": 1e-05, "recall": 1e-05, "f-measure": 1e-05}, "BUK4_20171022_004304a.wav": {"precision": 0.5, "recall": 0.47058823529411764, "f-measure": 0.48484848484848486}, "BUK5_20180921_015906a.wav": {"precision": 1e-05, "recall": 1e-05, "f-measure": 1e-05}, "n1.wav": {"precision": 1e-05, "recall": 1e-05, "f-measure": 1e-05}, "a1.wav": {"precision": 0.6451612903225806, "recall": 0.9090909090909091, "f-measure": 0.7547169811320755}}}