{"team_name": "PKU_ADSP", "set_name": "VAL", "report_date": "26042021_20_45_15", "overall_scores": {"precision": 0.6705202312138728, "recall": 0.4482435597189695, "fmeasure (percentage)": 53.73}, "scores_per_subset": {"PB": {"precision": 0.6744186046511628, "recall": 0.3782608695652174, "f-measure": 0.48467966573816157}, "HV": {"precision": 0.6666666666666666, "recall": 0.55, "f-measure": 0.6027397260273972}}, "scores_per_audiofile": {"BUK5_20161101_002104a.wav": {"precision": 0.9230769230769231, "recall": 0.6818181818181818, "f-measure": 0.7843137254901961}, "BUK1_20181011_001004.wav": {"precision": 0.5333333333333333, "recall": 0.5161290322580645, "f-measure": 0.5245901639344263}, "BUK1_20181013_023504.wav": {"precision": 0.36363636363636365, "recall": 0.16666666666666666, "f-measure": 0.22857142857142856}, "BUK4_20161011_000804.wav": {"precision": 0.16666666666666666, "recall": 0.02127659574468085, "f-measure": 0.03773584905660377}, "BUK4_20171022_004304a.wav": {"precision": 0.46153846153846156, "recall": 0.35294117647058826, "f-measure": 0.4}, "BUK5_20180921_015906a.wav": {"precision": 1e-05, "recall": 1e-05, "f-measure": 1e-05}, "n1.wav": {"precision": 0.375, "recall": 0.16666666666666666, "f-measure": 0.23076923076923078}, "a1.wav": {"precision": 0.76, "recall": 0.8636363636363636, "f-measure": 0.8085106382978723}}}