{"team_name": "PKU_ADSP", "set_name": "VAL", "report_date": "12062021_11_09_48", "overall_scores": {"precision": 0.6702208682406702, "recall": 0.43349753694581283, "fmeasure (percentage)": 52.647}, "scores_per_subset": {"PB": {"precision": 0.7787610619469026, "recall": 0.3826086956521739, "f-measure": 0.5131195335276968}, "HV": {"precision": 0.5882352941176471, "recall": 0.5, "f-measure": 0.5405405405405406}}, "scores_per_audiofile": {"BUK5_20161101_002104a.wav": {"precision": 0.9636363636363636, "recall": 0.6022727272727273, "f-measure": 0.7412587412587412}, "BUK1_20181011_001004.wav": {"precision": 0.8181818181818182, "recall": 0.5806451612903226, "f-measure": 0.6792452830188679}, "BUK1_20181013_023504.wav": {"precision": 0.7, "recall": 0.2916666666666667, "f-measure": 0.4117647058823529}, "BUK4_20161011_000804.wav": {"precision": 0.2857142857142857, "recall": 0.0425531914893617, "f-measure": 0.07407407407407407}, "BUK4_20171022_004304a.wav": {"precision": 0.47058823529411764, "recall": 0.47058823529411764, "f-measure": 0.47058823529411764}, "BUK5_20180921_015906a.wav": {"precision": 1e-05, "recall": 1e-05, "f-measure": 1e-05}, "n1.wav": {"precision": 0.1, "recall": 0.05555555555555555, "f-measure": 0.07142857142857142}, "a1.wav": {"precision": 0.7916666666666666, "recall": 0.8636363636363636, "f-measure": 0.8260869565217391}}}