{"team_name": "PKU_ADSP", "set_name": "VAL", "report_date": "13042021_17_44_46", "overall_scores": {"precision": 0.3052095130237826, "recall": 0.3071225071225071, "fmeasure (percentage)": 30.616}, "scores_per_subset": {"PB": {"precision": 0.2677595628415301, "recall": 0.21304347826086956, "f-measure": 0.23728813559322035}, "HV": {"precision": 0.3548387096774194, "recall": 0.55, "f-measure": 0.43137254901960786}}, "scores_per_audiofile": {"BUK5_20161101_002104a.wav": {"precision": 0.4533333333333333, "recall": 0.38636363636363635, "f-measure": 0.4171779141104294}, "BUK1_20181011_001004.wav": {"precision": 0.25, "recall": 0.1935483870967742, "f-measure": 0.21818181818181817}, "BUK1_20181013_023504.wav": {"precision": 0.07317073170731707, "recall": 0.125, "f-measure": 0.09230769230769231}, "BUK4_20161011_000804.wav": {"precision": 1e-05, "recall": 1e-05, "f-measure": 1e-05}, "BUK4_20171022_004304a.wav": {"precision": 0.6, "recall": 0.35294117647058826, "f-measure": 0.4444444444444444}, "BUK5_20180921_015906a.wav": {"precision": 1e-05, "recall": 1e-05, "f-measure": 1e-05}, "n1.wav": {"precision": 0.1, "recall": 0.16666666666666666, "f-measure": 0.125}, "a1.wav": {"precision": 0.59375, "recall": 0.8636363636363636, "f-measure": 0.7037037037037037}}}