{"team_name": "PKU_ADSP", "set_name": "VAL", "report_date": "12062021_12_18_39", "overall_scores": {"precision": 0.6305053314789059, "recall": 0.38255977496483823, "fmeasure (percentage)": 47.619}, "scores_per_subset": {"PB": {"precision": 0.6557377049180327, "recall": 0.34782608695652173, "f-measure": 0.45454545454545453}, "HV": {"precision": 0.6071428571428571, "recall": 0.425, "f-measure": 0.5}}, "scores_per_audiofile": {"BUK5_20161101_002104a.wav": {"precision": 0.9259259259259259, "recall": 0.5681818181818182, "f-measure": 0.704225352112676}, "BUK1_20181011_001004.wav": {"precision": 0.7037037037037037, "recall": 0.6129032258064516, "f-measure": 0.6551724137931034}, "BUK1_20181013_023504.wav": {"precision": 0.09090909090909091, "recall": 0.041666666666666664, "f-measure": 0.05714285714285714}, "BUK4_20161011_000804.wav": {"precision": 0.2, "recall": 0.0425531914893617, "f-measure": 0.07017543859649122}, "BUK4_20171022_004304a.wav": {"precision": 0.4444444444444444, "recall": 0.47058823529411764, "f-measure": 0.45714285714285713}, "BUK5_20180921_015906a.wav": {"precision": 1e-05, "recall": 1e-05, "f-measure": 1e-05}, "n1.wav": {"precision": 0.16666666666666666, "recall": 0.05555555555555555, "f-measure": 0.08333333333333333}, "a1.wav": {"precision": 0.7272727272727273, "recall": 0.7272727272727273, "f-measure": 0.7272727272727273}}}