{"team_name": "PKU_ADSP", "set_name": "VAL", "report_date": "11042021_15_49_12", "overall_scores": {"precision": 0.017924660411707045, "recall": 0.4129032258064516, "fmeasure (percentage)": 3.436}, "scores_per_subset": {"PB": {"precision": 0.03176178660049628, "recall": 0.2782608695652174, "f-measure": 0.057015590200445436}, "HV": {"precision": 0.012485368708544674, "recall": 0.8, "f-measure": 0.024587014982712256}}, "scores_per_audiofile": {"BUK5_20161101_002104a.wav": {"precision": 0.11075949367088607, "recall": 0.3977272727272727, "f-measure": 0.17326732673267325}, "BUK1_20181011_001004.wav": {"precision": 0.013850415512465374, "recall": 0.6451612903225806, "f-measure": 0.02711864406779661}, "BUK1_20181013_023504.wav": {"precision": 0.031578947368421054, "recall": 0.125, "f-measure": 0.05042016806722689}, "BUK4_20161011_000804.wav": {"precision": 1e-05, "recall": 1e-05, "f-measure": 1e-05}, "BUK4_20171022_004304a.wav": {"precision": 0.14285714285714285, "recall": 0.35294117647058826, "f-measure": 0.2033898305084746}, "BUK5_20180921_015906a.wav": {"precision": 1e-05, "recall": 1e-05, "f-measure": 1e-05}, "n1.wav": {"precision": 0.0042643923240938165, "recall": 0.5555555555555556, "f-measure": 0.008463817181548879}, "a1.wav": {"precision": 0.10091743119266056, "recall": 1.0, "f-measure": 0.18333333333333332}}}