{"team_name": "PKU_ADSP", "set_name": "VAL", "report_date": "28042021_15_56_44", "overall_scores": {"precision": 0.5743645213628988, "recall": 0.37176196032672115, "fmeasure (percentage)": 45.137}, "scores_per_subset": {"PB": {"precision": 0.6276595744680851, "recall": 0.2565217391304348, "f-measure": 0.36419753086419754}, "HV": {"precision": 0.5294117647058824, "recall": 0.675, "f-measure": 0.5934065934065934}}, "scores_per_audiofile": {"BUK5_20161101_002104a.wav": {"precision": 1.0, "recall": 0.3977272727272727, "f-measure": 0.5691056910569106}, "BUK1_20181011_001004.wav": {"precision": 0.7272727272727273, "recall": 0.25806451612903225, "f-measure": 0.38095238095238093}, "BUK1_20181013_023504.wav": {"precision": 0.38461538461538464, "recall": 0.20833333333333334, "f-measure": 0.2702702702702703}, "BUK4_20161011_000804.wav": {"precision": 0.3076923076923077, "recall": 0.0851063829787234, "f-measure": 0.13333333333333333}, "BUK4_20171022_004304a.wav": {"precision": 0.36363636363636365, "recall": 0.23529411764705882, "f-measure": 0.2857142857142857}, "BUK5_20180921_015906a.wav": {"precision": 0.2727272727272727, "recall": 0.13043478260869565, "f-measure": 0.17647058823529413}, "n1.wav": {"precision": 0.3684210526315789, "recall": 0.3888888888888889, "f-measure": 0.3783783783783784}, "a1.wav": {"precision": 0.625, "recall": 0.9090909090909091, "f-measure": 0.7407407407407407}}}