{"team_name": "PKU_ADSP", "set_name": "VAL", "report_date": "24042021_22_22_04", "overall_scores": {"precision": 0.6307490144546649, "recall": 0.4403669724770642, "fmeasure (percentage)": 51.864}, "scores_per_subset": {"PB": {"precision": 0.6837606837606838, "recall": 0.34782608695652173, "f-measure": 0.4610951008645533}, "HV": {"precision": 0.5853658536585366, "recall": 0.6, "f-measure": 0.5925925925925926}}, "scores_per_audiofile": {"BUK5_20161101_002104a.wav": {"precision": 0.9090909090909091, "recall": 0.5681818181818182, "f-measure": 0.6993006993006993}, "BUK1_20181011_001004.wav": {"precision": 0.6923076923076923, "recall": 0.5806451612903226, "f-measure": 0.631578947368421}, "BUK1_20181013_023504.wav": {"precision": 0.4444444444444444, "recall": 0.16666666666666666, "f-measure": 0.24242424242424243}, "BUK4_20161011_000804.wav": {"precision": 0.3333333333333333, "recall": 0.0425531914893617, "f-measure": 0.07547169811320754}, "BUK4_20171022_004304a.wav": {"precision": 0.42857142857142855, "recall": 0.35294117647058826, "f-measure": 0.3870967741935484}, "BUK5_20180921_015906a.wav": {"precision": 1e-05, "recall": 1e-05, "f-measure": 1e-05}, "n1.wav": {"precision": 0.3076923076923077, "recall": 0.2222222222222222, "f-measure": 0.25806451612903225}, "a1.wav": {"precision": 0.7142857142857143, "recall": 0.9090909090909091, "f-measure": 0.8}}}