{"team_name": "PKU_ADSP", "set_name": "VAL", "report_date": "19042021_18_17_18", "overall_scores": {"precision": 0.5613648871766648, "recall": 0.4573991031390134, "fmeasure (percentage)": 50.408}, "scores_per_subset": {"PB": {"precision": 0.5782312925170068, "recall": 0.3695652173913043, "f-measure": 0.4509283819628647}, "HV": {"precision": 0.5454545454545454, "recall": 0.6, "f-measure": 0.5714285714285714}}, "scores_per_audiofile": {"BUK5_20161101_002104a.wav": {"precision": 0.9666666666666667, "recall": 0.6590909090909091, "f-measure": 0.7837837837837838}, "BUK1_20181011_001004.wav": {"precision": 0.42105263157894735, "recall": 0.5161290322580645, "f-measure": 0.463768115942029}, "BUK1_20181013_023504.wav": {"precision": 0.08333333333333333, "recall": 0.041666666666666664, "f-measure": 0.05555555555555555}, "BUK4_20161011_000804.wav": {"precision": 1e-05, "recall": 1e-05, "f-measure": 1e-05}, "BUK4_20171022_004304a.wav": {"precision": 0.47368421052631576, "recall": 0.5294117647058824, "f-measure": 0.5}, "BUK5_20180921_015906a.wav": {"precision": 0.1, "recall": 0.043478260869565216, "f-measure": 0.06060606060606061}, "n1.wav": {"precision": 0.3333333333333333, "recall": 0.2222222222222222, "f-measure": 0.26666666666666666}, "a1.wav": {"precision": 0.625, "recall": 0.9090909090909091, "f-measure": 0.7407407407407407}}}