{"team_name": "PKU_ADSP", "set_name": "VAL", "report_date": "03052021_21_43_45", "overall_scores": {"precision": 0.6181254841208366, "recall": 0.40559085133418044, "fmeasure (percentage)": 48.98}, "scores_per_subset": {"PB": {"precision": 0.6785714285714286, "recall": 0.33043478260869563, "f-measure": 0.4444444444444444}, "HV": {"precision": 0.5675675675675675, "recall": 0.525, "f-measure": 0.5454545454545454}}, "scores_per_audiofile": {"BUK5_20161101_002104a.wav": {"precision": 0.9245283018867925, "recall": 0.5568181818181818, "f-measure": 0.6950354609929078}, "BUK1_20181011_001004.wav": {"precision": 0.7272727272727273, "recall": 0.5161290322580645, "f-measure": 0.6037735849056604}, "BUK1_20181013_023504.wav": {"precision": 0.4, "recall": 0.16666666666666666, "f-measure": 0.23529411764705882}, "BUK4_20161011_000804.wav": {"precision": 0.16666666666666666, "recall": 0.02127659574468085, "f-measure": 0.03773584905660377}, "BUK4_20171022_004304a.wav": {"precision": 0.42857142857142855, "recall": 0.35294117647058826, "f-measure": 0.3870967741935484}, "BUK5_20180921_015906a.wav": {"precision": 1e-05, "recall": 1e-05, "f-measure": 1e-05}, "n1.wav": {"precision": 0.5, "recall": 0.05555555555555555, "f-measure": 0.1}, "a1.wav": {"precision": 0.5714285714285714, "recall": 0.9090909090909091, "f-measure": 0.7017543859649122}}}