{"team_name": "PKU_ADSP", "set_name": "VAL", "report_date": "11042021_15_52_27", "overall_scores": {"precision": 0.019127893777904546, "recall": 0.35524324324324325, "fmeasure (percentage)": 3.63}, "scores_per_subset": {"PB": {"precision": 0.03835021707670044, "recall": 0.23043478260869565, "f-measure": 0.06575682382133995}, "HV": {"precision": 0.012741471434443074, "recall": 0.775, "f-measure": 0.02507076425394258}}, "scores_per_audiofile": {"BUK5_20161101_002104a.wav": {"precision": 0.14035087719298245, "recall": 0.36363636363636365, "f-measure": 0.20253164556962025}, "BUK1_20181011_001004.wav": {"precision": 0.014042126379137413, "recall": 0.45161290322580644, "f-measure": 0.027237354085603113}, "BUK1_20181013_023504.wav": {"precision": 0.046875, "recall": 0.125, "f-measure": 0.06818181818181818}, "BUK4_20161011_000804.wav": {"precision": 1e-05, "recall": 1e-05, "f-measure": 1e-05}, "BUK4_20171022_004304a.wav": {"precision": 0.11764705882352941, "recall": 0.23529411764705882, "f-measure": 0.1568627450980392}, "BUK5_20180921_015906a.wav": {"precision": 1e-05, "recall": 1e-05, "f-measure": 1e-05}, "n1.wav": {"precision": 0.004100227790432802, "recall": 0.5, "f-measure": 0.008133755083596927}, "a1.wav": {"precision": 0.09243697478991597, "recall": 1.0, "f-measure": 0.16923076923076924}}}