{"team_name": "PKU_ADSP", "set_name": "VAL", "report_date": "18072021_17_51_45", "overall_scores": {"precision": 0.5146019059329849, "recall": 0.5057401812688822, "fmeasure (percentage)": 51.013}, "scores_per_subset": {"PB": {"precision": 0.6595744680851063, "recall": 0.4043478260869565, "f-measure": 0.5013477088948787}, "HV": {"precision": 0.421875, "recall": 0.675, "f-measure": 0.5192307692307693}}, "scores_per_audiofile": {"BUK5_20161101_002104a.wav": {"precision": 0.8695652173913043, "recall": 0.6818181818181818, "f-measure": 0.7643312101910829}, "BUK1_20181011_001004.wav": {"precision": 0.76, "recall": 0.6129032258064516, "f-measure": 0.6785714285714286}, "BUK1_20181013_023504.wav": {"precision": 0.3333333333333333, "recall": 0.16666666666666666, "f-measure": 0.2222222222222222}, "BUK4_20161011_000804.wav": {"precision": 0.07142857142857142, "recall": 0.02127659574468085, "f-measure": 0.03278688524590164}, "BUK4_20171022_004304a.wav": {"precision": 0.47368421052631576, "recall": 0.5294117647058824, "f-measure": 0.5}, "BUK5_20180921_015906a.wav": {"precision": 1e-05, "recall": 1e-05, "f-measure": 1e-05}, "n1.wav": {"precision": 0.23333333333333334, "recall": 0.3888888888888889, "f-measure": 0.2916666666666667}, "a1.wav": {"precision": 0.5882352941176471, "recall": 0.9090909090909091, "f-measure": 0.7142857142857143}}}