{"team_name": "PKU_ADSP", "set_name": "VAL", "report_date": "12062021_16_10_09", "overall_scores": {"precision": 0.6843177189409368, "recall": 0.38181818181818183, "fmeasure (percentage)": 49.015}, "scores_per_subset": {"PB": {"precision": 0.6461538461538462, "recall": 0.3652173913043478, "f-measure": 0.4666666666666667}, "HV": {"precision": 0.7272727272727273, "recall": 0.4, "f-measure": 0.5161290322580645}}, "scores_per_audiofile": {"BUK5_20161101_002104a.wav": {"precision": 0.9107142857142857, "recall": 0.5795454545454546, "f-measure": 0.7083333333333334}, "BUK1_20181011_001004.wav": {"precision": 0.6551724137931034, "recall": 0.6129032258064516, "f-measure": 0.6333333333333333}, "BUK1_20181013_023504.wav": {"precision": 0.15384615384615385, "recall": 0.08333333333333333, "f-measure": 0.10810810810810811}, "BUK4_20161011_000804.wav": {"precision": 0.3, "recall": 0.06382978723404255, "f-measure": 0.10526315789473684}, "BUK4_20171022_004304a.wav": {"precision": 0.47368421052631576, "recall": 0.5294117647058824, "f-measure": 0.5}, "BUK5_20180921_015906a.wav": {"precision": 1e-05, "recall": 1e-05, "f-measure": 1e-05}, "n1.wav": {"precision": 0.4, "recall": 0.1111111111111111, "f-measure": 0.17391304347826086}, "a1.wav": {"precision": 0.8235294117647058, "recall": 0.6363636363636364, "f-measure": 0.717948717948718}}}