{"team_name": "PKU_ADSP", "set_name": "VAL", "report_date": "14042021_18_00_59", "overall_scores": {"precision": 0.0405591355806032, "recall": 0.5191530317613089, "fmeasure (percentage)": 7.524}, "scores_per_subset": {"PB": {"precision": 0.027153284671532846, "recall": 0.4043478260869565, "f-measure": 0.05088919288645691}, "HV": {"precision": 0.08011049723756906, "recall": 0.725, "f-measure": 0.14427860696517414}}, "scores_per_audiofile": {"BUK5_20161101_002104a.wav": {"precision": 0.14857142857142858, "recall": 0.5909090909090909, "f-measure": 0.2374429223744292}, "BUK1_20181011_001004.wav": {"precision": 0.01697792869269949, "recall": 0.6451612903225806, "f-measure": 0.033085194375516956}, "BUK1_20181013_023504.wav": {"precision": 0.005610098176718092, "recall": 0.16666666666666666, "f-measure": 0.010854816824966078}, "BUK4_20161011_000804.wav": {"precision": 0.005856515373352855, "recall": 0.0851063829787234, "f-measure": 0.010958904109589041}, "BUK4_20171022_004304a.wav": {"precision": 0.27906976744186046, "recall": 0.7058823529411765, "f-measure": 0.4}, "BUK5_20180921_015906a.wav": {"precision": 0.002183406113537118, "recall": 0.043478260869565216, "f-measure": 0.004158004158004158}, "n1.wav": {"precision": 0.03164556962025317, "recall": 0.5555555555555556, "f-measure": 0.059880239520958084}, "a1.wav": {"precision": 0.41304347826086957, "recall": 0.8636363636363636, "f-measure": 0.5588235294117647}}}