{"team_name": "PKU_ADSP", "set_name": "VAL", "report_date": "11062021_23_50_32", "overall_scores": {"precision": 0.44523842242682427, "recall": 0.41326530612244894, "fmeasure (percentage)": 42.866}, "scores_per_subset": {"PB": {"precision": 0.6090225563909775, "recall": 0.3521739130434783, "f-measure": 0.4462809917355372}, "HV": {"precision": 0.3508771929824561, "recall": 0.5, "f-measure": 0.41237113402061853}}, "scores_per_audiofile": {"BUK5_20161101_002104a.wav": {"precision": 0.9215686274509803, "recall": 0.5340909090909091, "f-measure": 0.6762589928057554}, "BUK1_20181011_001004.wav": {"precision": 0.6, "recall": 0.6774193548387096, "f-measure": 0.6363636363636364}, "BUK1_20181013_023504.wav": {"precision": 0.13333333333333333, "recall": 0.08333333333333333, "f-measure": 0.10256410256410256}, "BUK4_20161011_000804.wav": {"precision": 0.2727272727272727, "recall": 0.06382978723404255, "f-measure": 0.10344827586206896}, "BUK4_20171022_004304a.wav": {"precision": 0.4444444444444444, "recall": 0.47058823529411764, "f-measure": 0.45714285714285713}, "BUK5_20180921_015906a.wav": {"precision": 1e-05, "recall": 1e-05, "f-measure": 1e-05}, "n1.wav": {"precision": 1e-05, "recall": 1e-05, "f-measure": 1e-05}, "a1.wav": {"precision": 0.5263157894736842, "recall": 0.9090909090909091, "f-measure": 0.6666666666666666}}}