{"team_name": "PKU_ADSP", "set_name": "VAL", "report_date": "07062021_22_55_32", "overall_scores": {"precision": 0.2008679479231246, "recall": 0.39512195121951227, "fmeasure (percentage)": 26.634}, "scores_per_subset": {"PB": {"precision": 0.6377952755905512, "recall": 0.3521739130434783, "f-measure": 0.453781512605042}, "HV": {"precision": 0.11920529801324503, "recall": 0.45, "f-measure": 0.18848167539267016}}, "scores_per_audiofile": {"BUK5_20161101_002104a.wav": {"precision": 0.9016393442622951, "recall": 0.625, "f-measure": 0.738255033557047}, "BUK1_20181011_001004.wav": {"precision": 0.6363636363636364, "recall": 0.45161290322580644, "f-measure": 0.5283018867924528}, "BUK1_20181013_023504.wav": {"precision": 0.3333333333333333, "recall": 0.125, "f-measure": 0.18181818181818182}, "BUK4_20161011_000804.wav": {"precision": 0.07692307692307693, "recall": 0.02127659574468085, "f-measure": 0.03333333333333333}, "BUK4_20171022_004304a.wav": {"precision": 0.4444444444444444, "recall": 0.47058823529411764, "f-measure": 0.45714285714285713}, "BUK5_20180921_015906a.wav": {"precision": 1e-05, "recall": 1e-05, "f-measure": 1e-05}, "n1.wav": {"precision": 0.007633587786259542, "recall": 0.05555555555555555, "f-measure": 0.013422818791946308}, "a1.wav": {"precision": 0.85, "recall": 0.7727272727272727, "f-measure": 0.8095238095238095}}}