{"team_name": "PKU_ADSP", "set_name": "VAL", "report_date": "21042021_15_46_31", "overall_scores": {"precision": 0.4010416666666667, "recall": 0.44194260485651216, "fmeasure (percentage)": 42.05}, "scores_per_subset": {"PB": {"precision": 0.5032679738562091, "recall": 0.3347826086956522, "f-measure": 0.402088772845953}, "HV": {"precision": 0.3333333333333333, "recall": 0.65, "f-measure": 0.4406779661016949}}, "scores_per_audiofile": {"BUK5_20161101_002104a.wav": {"precision": 0.873015873015873, "recall": 0.625, "f-measure": 0.7284768211920529}, "BUK1_20181011_001004.wav": {"precision": 0.5, "recall": 0.3870967741935484, "f-measure": 0.43636363636363634}, "BUK1_20181013_023504.wav": {"precision": 0.08333333333333333, "recall": 0.041666666666666664, "f-measure": 0.05555555555555555}, "BUK4_20161011_000804.wav": {"precision": 1e-05, "recall": 1e-05, "f-measure": 1e-05}, "BUK4_20171022_004304a.wav": {"precision": 0.47368421052631576, "recall": 0.5294117647058824, "f-measure": 0.5}, "BUK5_20180921_015906a.wav": {"precision": 1e-05, "recall": 1e-05, "f-measure": 1e-05}, "n1.wav": {"precision": 0.1590909090909091, "recall": 0.3888888888888889, "f-measure": 0.22580645161290322}, "a1.wav": {"precision": 0.5588235294117647, "recall": 0.8636363636363636, "f-measure": 0.6785714285714286}}}