{"team_name": "PKU_ADSP", "set_name": "VAL", "report_date": "07062021_22_30_25", "overall_scores": {"precision": 0.5891335227272727, "recall": 0.41526908635794746, "fmeasure (percentage)": 48.715}, "scores_per_subset": {"PB": {"precision": 0.6124031007751938, "recall": 0.34347826086956523, "f-measure": 0.4401114206128134}, "HV": {"precision": 0.5675675675675675, "recall": 0.525, "f-measure": 0.5454545454545454}}, "scores_per_audiofile": {"BUK5_20161101_002104a.wav": {"precision": 0.8688524590163934, "recall": 0.6022727272727273, "f-measure": 0.7114093959731543}, "BUK1_20181011_001004.wav": {"precision": 0.7727272727272727, "recall": 0.5483870967741935, "f-measure": 0.6415094339622641}, "BUK1_20181013_023504.wav": {"precision": 0.15384615384615385, "recall": 0.08333333333333333, "f-measure": 0.10810810810810811}, "BUK4_20161011_000804.wav": {"precision": 1e-05, "recall": 1e-05, "f-measure": 1e-05}, "BUK4_20171022_004304a.wav": {"precision": 0.35294117647058826, "recall": 0.35294117647058826, "f-measure": 0.35294117647058826}, "BUK5_20180921_015906a.wav": {"precision": 0.14285714285714285, "recall": 0.043478260869565216, "f-measure": 0.06666666666666667}, "n1.wav": {"precision": 0.2, "recall": 0.1111111111111111, "f-measure": 0.14285714285714285}, "a1.wav": {"precision": 0.7037037037037037, "recall": 0.8636363636363636, "f-measure": 0.7755102040816326}}}