{"team_name": "PKU_ADSP", "set_name": "VAL", "report_date": "21042021_20_39_41", "overall_scores": {"precision": 0.6028577020943433, "recall": 0.4010416666666667, "fmeasure (percentage)": 48.166}, "scores_per_subset": {"PB": {"precision": 0.6814159292035398, "recall": 0.3347826086956522, "f-measure": 0.4489795918367347}, "HV": {"precision": 0.5405405405405406, "recall": 0.5, "f-measure": 0.5194805194805194}}, "scores_per_audiofile": {"BUK5_20161101_002104a.wav": {"precision": 0.9636363636363636, "recall": 0.6022727272727273, "f-measure": 0.7412587412587412}, "BUK1_20181011_001004.wav": {"precision": 0.75, "recall": 0.3870967741935484, "f-measure": 0.5106382978723404}, "BUK1_20181013_023504.wav": {"precision": 0.16666666666666666, "recall": 0.08333333333333333, "f-measure": 0.1111111111111111}, "BUK4_20161011_000804.wav": {"precision": 1e-05, "recall": 1e-05, "f-measure": 1e-05}, "BUK4_20171022_004304a.wav": {"precision": 0.5555555555555556, "recall": 0.5882352941176471, "f-measure": 0.5714285714285714}, "BUK5_20180921_015906a.wav": {"precision": 1e-05, "recall": 1e-05, "f-measure": 1e-05}, "n1.wav": {"precision": 0.2, "recall": 0.05555555555555555, "f-measure": 0.08695652173913043}, "a1.wav": {"precision": 0.59375, "recall": 0.8636363636363636, "f-measure": 0.7037037037037037}}}