{"team_name": "PKU_ADSP", "set_name": "VAL", "report_date": "25042021_16_30_39", "overall_scores": {"precision": 0.6903184441119897, "recall": 0.41570141570141567, "fmeasure (percentage)": 51.892}, "scores_per_subset": {"PB": {"precision": 0.7024793388429752, "recall": 0.3695652173913043, "f-measure": 0.4843304843304843}, "HV": {"precision": 0.6785714285714286, "recall": 0.475, "f-measure": 0.5588235294117647}}, "scores_per_audiofile": {"BUK5_20161101_002104a.wav": {"precision": 0.9655172413793104, "recall": 0.6363636363636364, "f-measure": 0.7671232876712328}, "BUK1_20181011_001004.wav": {"precision": 0.6818181818181818, "recall": 0.4838709677419355, "f-measure": 0.5660377358490566}, "BUK1_20181013_023504.wav": {"precision": 0.5555555555555556, "recall": 0.20833333333333334, "f-measure": 0.30303030303030304}, "BUK4_20161011_000804.wav": {"precision": 0.3, "recall": 0.06382978723404255, "f-measure": 0.10526315789473684}, "BUK4_20171022_004304a.wav": {"precision": 0.42857142857142855, "recall": 0.35294117647058826, "f-measure": 0.3870967741935484}, "BUK5_20180921_015906a.wav": {"precision": 1e-05, "recall": 1e-05, "f-measure": 1e-05}, "n1.wav": {"precision": 1e-05, "recall": 1e-05, "f-measure": 1e-05}, "a1.wav": {"precision": 0.7307692307692307, "recall": 0.8636363636363636, "f-measure": 0.7916666666666666}}}