{"team_name": "PKU_ADSP", "set_name": "VAL", "report_date": "04052021_17_17_44", "overall_scores": {"precision": 0.5672309166400511, "recall": 0.4188679245283019, "fmeasure (percentage)": 48.189}, "scores_per_subset": {"PB": {"precision": 0.6379310344827587, "recall": 0.3217391304347826, "f-measure": 0.4277456647398844}, "HV": {"precision": 0.5106382978723404, "recall": 0.6, "f-measure": 0.5517241379310345}}, "scores_per_audiofile": {"BUK5_20161101_002104a.wav": {"precision": 0.8571428571428571, "recall": 0.5454545454545454, "f-measure": 0.6666666666666666}, "BUK1_20181011_001004.wav": {"precision": 0.5517241379310345, "recall": 0.5161290322580645, "f-measure": 0.5333333333333333}, "BUK1_20181013_023504.wav": {"precision": 0.2857142857142857, "recall": 0.08333333333333333, "f-measure": 0.12903225806451613}, "BUK4_20161011_000804.wav": {"precision": 1e-05, "recall": 1e-05, "f-measure": 1e-05}, "BUK4_20171022_004304a.wav": {"precision": 0.38095238095238093, "recall": 0.47058823529411764, "f-measure": 0.42105263157894735}, "BUK5_20180921_015906a.wav": {"precision": 1e-05, "recall": 1e-05, "f-measure": 1e-05}, "n1.wav": {"precision": 0.5, "recall": 0.2777777777777778, "f-measure": 0.35714285714285715}, "a1.wav": {"precision": 0.5135135135135135, "recall": 0.8636363636363636, "f-measure": 0.6440677966101694}}}