{"team_name": "PKU_ADSP", "set_name": "VAL", "report_date": "12062021_21_53_03", "overall_scores": {"precision": 0.5775676837129351, "recall": 0.46505190311418687, "fmeasure (percentage)": 51.524}, "scores_per_subset": {"PB": {"precision": 0.6620689655172414, "recall": 0.41739130434782606, "f-measure": 0.512}, "HV": {"precision": 0.5121951219512195, "recall": 0.525, "f-measure": 0.5185185185185185}}, "scores_per_audiofile": {"BUK5_20161101_002104a.wav": {"precision": 0.9393939393939394, "recall": 0.7045454545454546, "f-measure": 0.8051948051948052}, "BUK1_20181011_001004.wav": {"precision": 0.6551724137931034, "recall": 0.6129032258064516, "f-measure": 0.6333333333333333}, "BUK1_20181013_023504.wav": {"precision": 0.36363636363636365, "recall": 0.16666666666666666, "f-measure": 0.22857142857142856}, "BUK4_20161011_000804.wav": {"precision": 1e-05, "recall": 1e-05, "f-measure": 1e-05}, "BUK4_20171022_004304a.wav": {"precision": 0.5, "recall": 0.5882352941176471, "f-measure": 0.5405405405405406}, "BUK5_20180921_015906a.wav": {"precision": 0.09090909090909091, "recall": 0.043478260869565216, "f-measure": 0.058823529411764705}, "n1.wav": {"precision": 0.1, "recall": 0.05555555555555555, "f-measure": 0.07142857142857142}, "a1.wav": {"precision": 0.6451612903225806, "recall": 0.9090909090909091, "f-measure": 0.7547169811320755}}}