{"team_name": "PKU_ADSP", "set_name": "VAL", "report_date": "11042021_15_56_29", "overall_scores": {"precision": 0.017334988134750425, "recall": 0.4270916334661354, "fmeasure (percentage)": 3.332}, "scores_per_subset": {"PB": {"precision": 0.029385964912280703, "recall": 0.29130434782608694, "f-measure": 0.05338645418326693}, "HV": {"precision": 0.012293507491356128, "recall": 0.8, "f-measure": 0.024214907302307985}}, "scores_per_audiofile": {"BUK5_20161101_002104a.wav": {"precision": 0.11239193083573487, "recall": 0.4431818181818182, "f-measure": 0.1793103448275862}, "BUK1_20181011_001004.wav": {"precision": 0.011327879169288861, "recall": 0.5806451612903226, "f-measure": 0.022222222222222223}, "BUK1_20181013_023504.wav": {"precision": 0.025423728813559324, "recall": 0.125, "f-measure": 0.04225352112676056}, "BUK4_20161011_000804.wav": {"precision": 1e-05, "recall": 1e-05, "f-measure": 1e-05}, "BUK4_20171022_004304a.wav": {"precision": 0.14583333333333334, "recall": 0.4117647058823529, "f-measure": 0.2153846153846154}, "BUK5_20180921_015906a.wav": {"precision": 1e-05, "recall": 1e-05, "f-measure": 1e-05}, "n1.wav": {"precision": 0.00429000429000429, "recall": 0.5555555555555556, "f-measure": 0.008514261387824606}, "a1.wav": {"precision": 0.08088235294117647, "recall": 1.0, "f-measure": 0.14965986394557823}}}