{"team_name": "PKU_ADSP", "set_name": "VAL", "report_date": "08062021_16_49_26", "overall_scores": {"precision": 0.26657758476699517, "recall": 0.40559085133418044, "fmeasure (percentage)": 32.171}, "scores_per_subset": {"PB": {"precision": 0.4935064935064935, "recall": 0.33043478260869563, "f-measure": 0.3958333333333333}, "HV": {"precision": 0.1826086956521739, "recall": 0.525, "f-measure": 0.2709677419354839}}, "scores_per_audiofile": {"BUK5_20161101_002104a.wav": {"precision": 0.676056338028169, "recall": 0.5454545454545454, "f-measure": 0.6037735849056604}, "BUK1_20181011_001004.wav": {"precision": 0.6296296296296297, "recall": 0.5483870967741935, "f-measure": 0.5862068965517241}, "BUK1_20181013_023504.wav": {"precision": 0.23076923076923078, "recall": 0.125, "f-measure": 0.16216216216216217}, "BUK4_20161011_000804.wav": {"precision": 1e-05, "recall": 1e-05, "f-measure": 1e-05}, "BUK4_20171022_004304a.wav": {"precision": 0.3333333333333333, "recall": 0.47058823529411764, "f-measure": 0.3902439024390244}, "BUK5_20180921_015906a.wav": {"precision": 1e-05, "recall": 1e-05, "f-measure": 1e-05}, "n1.wav": {"precision": 1e-05, "recall": 1e-05, "f-measure": 1e-05}, "a1.wav": {"precision": 0.44680851063829785, "recall": 0.9545454545454546, "f-measure": 0.6086956521739131}}}