{"team_name": "PKU_ADSP", "set_name": "VAL", "report_date": "23042021_10_22_45", "overall_scores": {"precision": 0.618360551767877, "recall": 0.4396843291995491, "fmeasure (percentage)": 51.394}, "scores_per_subset": {"PB": {"precision": 0.6782608695652174, "recall": 0.3391304347826087, "f-measure": 0.45217391304347826}, "HV": {"precision": 0.5681818181818182, "recall": 0.625, "f-measure": 0.5952380952380952}}, "scores_per_audiofile": {"BUK5_20161101_002104a.wav": {"precision": 0.9423076923076923, "recall": 0.5568181818181818, "f-measure": 0.7}, "BUK1_20181011_001004.wav": {"precision": 0.7142857142857143, "recall": 0.4838709677419355, "f-measure": 0.5769230769230769}, "BUK1_20181013_023504.wav": {"precision": 0.08333333333333333, "recall": 0.041666666666666664, "f-measure": 0.05555555555555555}, "BUK4_20161011_000804.wav": {"precision": 0.3, "recall": 0.06382978723404255, "f-measure": 0.10526315789473684}, "BUK4_20171022_004304a.wav": {"precision": 0.5263157894736842, "recall": 0.5882352941176471, "f-measure": 0.5555555555555556}, "BUK5_20180921_015906a.wav": {"precision": 1e-05, "recall": 1e-05, "f-measure": 1e-05}, "n1.wav": {"precision": 0.3333333333333333, "recall": 0.3333333333333333, "f-measure": 0.3333333333333333}, "a1.wav": {"precision": 0.7307692307692307, "recall": 0.8636363636363636, "f-measure": 0.7916666666666666}}}