{"team_name": "PKU_ADSP", "set_name": "VAL", "report_date": "18042021_21_05_49", "overall_scores": {"precision": 0.6062992125984252, "recall": 0.43895486935866984, "fmeasure (percentage)": 50.923}, "scores_per_subset": {"PB": {"precision": 0.6363636363636364, "recall": 0.3652173913043478, "f-measure": 0.46408839779005523}, "HV": {"precision": 0.5789473684210527, "recall": 0.55, "f-measure": 0.5641025641025641}}, "scores_per_audiofile": {"BUK5_20161101_002104a.wav": {"precision": 0.9607843137254902, "recall": 0.5568181818181818, "f-measure": 0.7050359712230215}, "BUK1_20181011_001004.wav": {"precision": 0.7692307692307693, "recall": 0.6451612903225806, "f-measure": 0.7017543859649122}, "BUK1_20181013_023504.wav": {"precision": 0.3125, "recall": 0.20833333333333334, "f-measure": 0.25}, "BUK4_20161011_000804.wav": {"precision": 0.07142857142857142, "recall": 0.02127659574468085, "f-measure": 0.03278688524590164}, "BUK4_20171022_004304a.wav": {"precision": 0.5, "recall": 0.47058823529411764, "f-measure": 0.48484848484848486}, "BUK5_20180921_015906a.wav": {"precision": 0.1111111111111111, "recall": 0.043478260869565216, "f-measure": 0.0625}, "n1.wav": {"precision": 0.2, "recall": 0.1111111111111111, "f-measure": 0.14285714285714285}, "a1.wav": {"precision": 0.7142857142857143, "recall": 0.9090909090909091, "f-measure": 0.8}}}