{"team_name": "PKU_ADSP", "set_name": "VAL", "report_date": "21042021_20_43_17", "overall_scores": {"precision": 0.5685279187817259, "recall": 0.454054054054054, "fmeasure (percentage)": 50.488}, "scores_per_subset": {"PB": {"precision": 0.6774193548387096, "recall": 0.3652173913043478, "f-measure": 0.4745762711864407}, "HV": {"precision": 0.4897959183673469, "recall": 0.6, "f-measure": 0.5393258426966292}}, "scores_per_audiofile": {"BUK5_20161101_002104a.wav": {"precision": 0.9636363636363636, "recall": 0.6022727272727273, "f-measure": 0.7412587412587412}, "BUK1_20181011_001004.wav": {"precision": 0.6666666666666666, "recall": 0.5806451612903226, "f-measure": 0.6206896551724138}, "BUK1_20181013_023504.wav": {"precision": 0.25, "recall": 0.125, "f-measure": 0.16666666666666666}, "BUK4_20161011_000804.wav": {"precision": 1e-05, "recall": 1e-05, "f-measure": 1e-05}, "BUK4_20171022_004304a.wav": {"precision": 0.5555555555555556, "recall": 0.5882352941176471, "f-measure": 0.5714285714285714}, "BUK5_20180921_015906a.wav": {"precision": 1e-05, "recall": 1e-05, "f-measure": 1e-05}, "n1.wav": {"precision": 0.2631578947368421, "recall": 0.2777777777777778, "f-measure": 0.2702702702702703}, "a1.wav": {"precision": 0.6333333333333333, "recall": 0.8636363636363636, "f-measure": 0.7307692307692307}}}