{"team_name": "PKU_ADSP", "set_name": "VAL", "report_date": "13042021_18_05_47", "overall_scores": {"precision": 0.56, "recall": 0.3405405405405405, "fmeasure (percentage)": 42.353}, "scores_per_subset": {"PB": {"precision": 0.49606299212598426, "recall": 0.27391304347826084, "f-measure": 0.35294117647058826}, "HV": {"precision": 0.6428571428571429, "recall": 0.45, "f-measure": 0.5294117647058824}}, "scores_per_audiofile": {"BUK5_20161101_002104a.wav": {"precision": 0.90625, "recall": 0.32954545454545453, "f-measure": 0.48333333333333334}, "BUK1_20181011_001004.wav": {"precision": 0.42592592592592593, "recall": 0.7419354838709677, "f-measure": 0.5411764705882353}, "BUK1_20181013_023504.wav": {"precision": 0.26666666666666666, "recall": 0.16666666666666666, "f-measure": 0.20512820512820512}, "BUK4_20161011_000804.wav": {"precision": 0.2, "recall": 0.0425531914893617, "f-measure": 0.07017543859649122}, "BUK4_20171022_004304a.wav": {"precision": 0.5, "recall": 0.29411764705882354, "f-measure": 0.37037037037037035}, "BUK5_20180921_015906a.wav": {"precision": 1e-05, "recall": 1e-05, "f-measure": 1e-05}, "n1.wav": {"precision": 1e-05, "recall": 1e-05, "f-measure": 1e-05}, "a1.wav": {"precision": 0.782608695652174, "recall": 0.8181818181818182, "f-measure": 0.8}}}