{"team_name": "PKU_ADSP", "set_name": "VAL", "report_date": "03052021_21_28_08", "overall_scores": {"precision": 0.6192506170069553, "recall": 0.3582089552238806, "fmeasure (percentage)": 45.387}, "scores_per_subset": {"PB": {"precision": 0.6330275229357798, "recall": 0.3, "f-measure": 0.40707964601769914}, "HV": {"precision": 0.6060606060606061, "recall": 0.4444444444444444, "f-measure": 0.5128205128205128}}, "scores_per_audiofile": {"BUK5_20161101_002104a.wav": {"precision": 0.9615384615384616, "recall": 0.5681818181818182, "f-measure": 0.7142857142857143}, "BUK1_20181011_001004.wav": {"precision": 0.5882352941176471, "recall": 0.3225806451612903, "f-measure": 0.4166666666666667}, "BUK1_20181013_023504.wav": {"precision": 0.18181818181818182, "recall": 0.08333333333333333, "f-measure": 0.11428571428571428}, "BUK4_20161011_000804.wav": {"precision": 0.1, "recall": 0.02127659574468085, "f-measure": 0.03508771929824561}, "BUK4_20171022_004304a.wav": {"precision": 0.42857142857142855, "recall": 0.35294117647058826, "f-measure": 0.3870967741935484}, "BUK5_20180921_015906a.wav": {"precision": 1e-05, "recall": 1e-05, "f-measure": 1e-05}, "n1.wav": {"precision": 1e-05, "recall": 1e-05, "f-measure": 1e-05}, "a1.wav": {"precision": 0.6060606060606061, "recall": 0.9090909090909091, "f-measure": 0.7272727272727273}}}