{"team_name": "PKU_ADSP", "set_name": "VAL", "report_date": "12062021_15_49_14", "overall_scores": {"precision": 0.6855691917054592, "recall": 0.41326530612244894, "fmeasure (percentage)": 51.568}, "scores_per_subset": {"PB": {"precision": 0.6183206106870229, "recall": 0.3521739130434783, "f-measure": 0.4487534626038781}, "HV": {"precision": 0.7692307692307693, "recall": 0.5, "f-measure": 0.6060606060606061}}, "scores_per_audiofile": {"BUK5_20161101_002104a.wav": {"precision": 0.8888888888888888, "recall": 0.5454545454545454, "f-measure": 0.676056338028169}, "BUK1_20181011_001004.wav": {"precision": 0.6551724137931034, "recall": 0.6129032258064516, "f-measure": 0.6333333333333333}, "BUK1_20181013_023504.wav": {"precision": 0.16666666666666666, "recall": 0.08333333333333333, "f-measure": 0.1111111111111111}, "BUK4_20161011_000804.wav": {"precision": 0.23076923076923078, "recall": 0.06382978723404255, "f-measure": 0.1}, "BUK4_20171022_004304a.wav": {"precision": 0.45, "recall": 0.5294117647058824, "f-measure": 0.4864864864864865}, "BUK5_20180921_015906a.wav": {"precision": 1e-05, "recall": 1e-05, "f-measure": 1e-05}, "n1.wav": {"precision": 0.6666666666666666, "recall": 0.1111111111111111, "f-measure": 0.19047619047619047}, "a1.wav": {"precision": 0.782608695652174, "recall": 0.8181818181818182, "f-measure": 0.8}}}