{"team_name": "PKU_ADSP", "set_name": "VAL", "report_date": "10042021_22_46_58", "overall_scores": {"precision": 0.0024999906994393624, "recall": 0.5229571984435798, "fmeasure (percentage)": 0.498}, "scores_per_subset": {"PB": {"precision": 0.0029837757195250825, "recall": 0.41739130434782606, "f-measure": 0.005925194420441921}, "HV": {"precision": 0.0021511985248924403, "recall": 0.7, "f-measure": 0.00428921568627451}}, "scores_per_audiofile": {"BUK5_20161101_002104a.wav": {"precision": 0.010784134527508682, "recall": 0.6704545454545454, "f-measure": 0.02122683935959705}, "BUK1_20181011_001004.wav": {"precision": 0.003892565200467108, "recall": 0.6451612903225806, "f-measure": 0.007738440704198104}, "BUK1_20181013_023504.wav": {"precision": 1e-05, "recall": 1e-05, "f-measure": 1e-05}, "BUK4_20161011_000804.wav": {"precision": 0.00016666666666666666, "recall": 0.02127659574468085, "f-measure": 0.000330742516950554}, "BUK4_20171022_004304a.wav": {"precision": 0.0033428844317096467, "recall": 0.8235294117647058, "f-measure": 0.006658739595719381}, "BUK5_20180921_015906a.wav": {"precision": 0.0003476447071093343, "recall": 0.08695652173913043, "f-measure": 0.0006925207756232687}, "n1.wav": {"precision": 0.002938295788442703, "recall": 0.5, "f-measure": 0.005842259006815969}, "a1.wav": {"precision": 0.0019089721691952176, "recall": 0.8636363636363636, "f-measure": 0.0038095238095238095}}}