{"team_name": "PKU_ADSP", "set_name": "VAL", "report_date": "03052021_22_08_40", "overall_scores": {"precision": 0.532405105254434, "recall": 0.40250626566416037, "fmeasure (percentage)": 45.843}, "scores_per_subset": {"PB": {"precision": 0.6952380952380952, "recall": 0.3173913043478261, "f-measure": 0.43582089552238806}, "HV": {"precision": 0.43137254901960786, "recall": 0.55, "f-measure": 0.4835164835164835}}, "scores_per_audiofile": {"BUK5_20161101_002104a.wav": {"precision": 0.9807692307692307, "recall": 0.5795454545454546, "f-measure": 0.7285714285714285}, "BUK1_20181011_001004.wav": {"precision": 0.6666666666666666, "recall": 0.3870967741935484, "f-measure": 0.4897959183673469}, "BUK1_20181013_023504.wav": {"precision": 0.5, "recall": 0.125, "f-measure": 0.2}, "BUK4_20161011_000804.wav": {"precision": 0.1111111111111111, "recall": 0.02127659574468085, "f-measure": 0.03571428571428571}, "BUK4_20171022_004304a.wav": {"precision": 0.42857142857142855, "recall": 0.35294117647058826, "f-measure": 0.3870967741935484}, "BUK5_20180921_015906a.wav": {"precision": 1e-05, "recall": 1e-05, "f-measure": 1e-05}, "n1.wav": {"precision": 0.14285714285714285, "recall": 0.1111111111111111, "f-measure": 0.125}, "a1.wav": {"precision": 0.5405405405405406, "recall": 0.9090909090909091, "f-measure": 0.6779661016949152}}}