{"team_name": "PKU_ADSP", "set_name": "VAL", "report_date": "12042021_12_17_36", "overall_scores": {"precision": 0.03728386303086108, "recall": 0.5051124744376279, "fmeasure (percentage)": 6.944}, "scores_per_subset": {"PB": {"precision": 0.020097313306536916, "recall": 0.41304347826086957, "f-measure": 0.03832963485979423}, "HV": {"precision": 0.25742574257425743, "recall": 0.65, "f-measure": 0.36879432624113473}}, "scores_per_audiofile": {"BUK5_20161101_002104a.wav": {"precision": 0.15384615384615385, "recall": 0.5454545454545454, "f-measure": 0.24}, "BUK1_20181011_001004.wav": {"precision": 0.022916666666666665, "recall": 0.7096774193548387, "f-measure": 0.044399596367305755}, "BUK1_20181013_023504.wav": {"precision": 0.006915629322268326, "recall": 0.20833333333333334, "f-measure": 0.013386880856760375}, "BUK4_20161011_000804.wav": {"precision": 0.004944375772558714, "recall": 0.0851063829787234, "f-measure": 0.009345794392523364}, "BUK4_20171022_004304a.wav": {"precision": 0.1506849315068493, "recall": 0.6470588235294118, "f-measure": 0.24444444444444444}, "BUK5_20180921_015906a.wav": {"precision": 0.002702702702702703, "recall": 0.21739130434782608, "f-measure": 0.005339028296849973}, "n1.wav": {"precision": 0.10344827586206896, "recall": 0.3333333333333333, "f-measure": 0.15789473684210525}, "a1.wav": {"precision": 0.46511627906976744, "recall": 0.9090909090909091, "f-measure": 0.6153846153846154}}}