{"team_name": "PKU_ADSP", "set_name": "VAL", "report_date": "27042021_22_37_14", "overall_scores": {"precision": 0.6228239845261122, "recall": 0.3710627400768246, "fmeasure (percentage)": 46.506}, "scores_per_subset": {"PB": {"precision": 0.7, "recall": 0.27391304347826084, "f-measure": 0.39375}, "HV": {"precision": 0.5609756097560976, "recall": 0.575, "f-measure": 0.5679012345679012}}, "scores_per_audiofile": {"BUK5_20161101_002104a.wav": {"precision": 0.975609756097561, "recall": 0.45454545454545453, "f-measure": 0.6201550387596899}, "BUK1_20181011_001004.wav": {"precision": 0.8235294117647058, "recall": 0.45161290322580644, "f-measure": 0.5833333333333334}, "BUK1_20181013_023504.wav": {"precision": 0.23076923076923078, "recall": 0.125, "f-measure": 0.16216216216216217}, "BUK4_20161011_000804.wav": {"precision": 1e-05, "recall": 1e-05, "f-measure": 1e-05}, "BUK4_20171022_004304a.wav": {"precision": 0.5, "recall": 0.29411764705882354, "f-measure": 0.37037037037037035}, "BUK5_20180921_015906a.wav": {"precision": 0.14285714285714285, "recall": 0.043478260869565216, "f-measure": 0.06666666666666667}, "n1.wav": {"precision": 0.23076923076923078, "recall": 0.16666666666666666, "f-measure": 0.1935483870967742}, "a1.wav": {"precision": 0.7142857142857143, "recall": 0.9090909090909091, "f-measure": 0.8}}}