{"team_name": "PKU_ADSP", "set_name": "VAL", "report_date": "13042021_17_22_10", "overall_scores": {"precision": 0.31141868512110726, "recall": 0.2850678733031674, "fmeasure (percentage)": 29.766}, "scores_per_subset": {"PB": {"precision": 0.24456521739130435, "recall": 0.1956521739130435, "f-measure": 0.21739130434782608}, "HV": {"precision": 0.42857142857142855, "recall": 0.525, "f-measure": 0.47191011235955055}}, "scores_per_audiofile": {"BUK5_20161101_002104a.wav": {"precision": 0.44, "recall": 0.375, "f-measure": 0.4049079754601227}, "BUK1_20181011_001004.wav": {"precision": 0.13636363636363635, "recall": 0.0967741935483871, "f-measure": 0.11320754716981132}, "BUK1_20181013_023504.wav": {"precision": 0.09523809523809523, "recall": 0.16666666666666666, "f-measure": 0.12121212121212122}, "BUK4_20161011_000804.wav": {"precision": 1e-05, "recall": 1e-05, "f-measure": 1e-05}, "BUK4_20171022_004304a.wav": {"precision": 0.5, "recall": 0.29411764705882354, "f-measure": 0.37037037037037035}, "BUK5_20180921_015906a.wav": {"precision": 1e-05, "recall": 1e-05, "f-measure": 1e-05}, "n1.wav": {"precision": 0.16666666666666666, "recall": 0.16666666666666666, "f-measure": 0.16666666666666666}, "a1.wav": {"precision": 0.5806451612903226, "recall": 0.8181818181818182, "f-measure": 0.6792452830188679}}}