{"team_name": "PKU_ADSP", "set_name": "VAL", "report_date": "03052021_15_43_59", "overall_scores": {"precision": 0.5298013245033113, "recall": 0.3902439024390244, "fmeasure (percentage)": 44.944}, "scores_per_subset": {"PB": {"precision": 0.47058823529411764, "recall": 0.34782608695652173, "f-measure": 0.4}, "HV": {"precision": 0.6060606060606061, "recall": 0.4444444444444444, "f-measure": 0.5128205128205128}}, "scores_per_audiofile": {"BUK5_20161101_002104a.wav": {"precision": 0.6333333333333333, "recall": 0.6477272727272727, "f-measure": 0.6404494382022472}, "BUK1_20181011_001004.wav": {"precision": 0.7222222222222222, "recall": 0.41935483870967744, "f-measure": 0.5306122448979592}, "BUK1_20181013_023504.wav": {"precision": 0.125, "recall": 0.08333333333333333, "f-measure": 0.1}, "BUK4_20161011_000804.wav": {"precision": 0.05, "recall": 0.02127659574468085, "f-measure": 0.029850746268656716}, "BUK4_20171022_004304a.wav": {"precision": 0.3157894736842105, "recall": 0.35294117647058826, "f-measure": 0.3333333333333333}, "BUK5_20180921_015906a.wav": {"precision": 0.14285714285714285, "recall": 0.043478260869565216, "f-measure": 0.06666666666666667}, "n1.wav": {"precision": 1e-05, "recall": 1e-05, "f-measure": 1e-05}, "a1.wav": {"precision": 0.6060606060606061, "recall": 0.9090909090909091, "f-measure": 0.7272727272727273}}}