{"team_name": "PKU_ADSP", "set_name": "VAL", "report_date": "07062021_21_58_49", "overall_scores": {"precision": 0.49846961084390035, "recall": 0.5327102803738317, "fmeasure (percentage)": 51.502}, "scores_per_subset": {"PB": {"precision": 0.5621301775147929, "recall": 0.41304347826086957, "f-measure": 0.47619047619047616}, "HV": {"precision": 0.44776119402985076, "recall": 0.75, "f-measure": 0.5607476635514018}}, "scores_per_audiofile": {"BUK5_20161101_002104a.wav": {"precision": 0.9375, "recall": 0.6818181818181818, "f-measure": 0.7894736842105263}, "BUK1_20181011_001004.wav": {"precision": 0.7692307692307693, "recall": 0.6451612903225806, "f-measure": 0.7017543859649122}, "BUK1_20181013_023504.wav": {"precision": 0.3333333333333333, "recall": 0.16666666666666666, "f-measure": 0.2222222222222222}, "BUK4_20161011_000804.wav": {"precision": 0.02857142857142857, "recall": 0.02127659574468085, "f-measure": 0.024390243902439025}, "BUK4_20171022_004304a.wav": {"precision": 0.5555555555555556, "recall": 0.5882352941176471, "f-measure": 0.5714285714285714}, "BUK5_20180921_015906a.wav": {"precision": 1e-05, "recall": 1e-05, "f-measure": 1e-05}, "n1.wav": {"precision": 0.2631578947368421, "recall": 0.5555555555555556, "f-measure": 0.35714285714285715}, "a1.wav": {"precision": 0.6896551724137931, "recall": 0.9090909090909091, "f-measure": 0.7843137254901961}}}