{"team_name": "PKU_ADSP", "set_name": "VAL", "report_date": "19042021_16_47_57", "overall_scores": {"precision": 0.18515606936416185, "recall": 0.46022988505747126, "fmeasure (percentage)": 26.407}, "scores_per_subset": {"PB": {"precision": 0.11787564766839378, "recall": 0.39565217391304347, "f-measure": 0.18163672654690619}, "HV": {"precision": 0.43137254901960786, "recall": 0.55, "f-measure": 0.4835164835164835}}, "scores_per_audiofile": {"BUK5_20161101_002104a.wav": {"precision": 0.9491525423728814, "recall": 0.6363636363636364, "f-measure": 0.7619047619047619}, "BUK1_20181011_001004.wav": {"precision": 0.5, "recall": 0.5161290322580645, "f-measure": 0.5079365079365079}, "BUK1_20181013_023504.wav": {"precision": 0.1111111111111111, "recall": 0.041666666666666664, "f-measure": 0.06060606060606061}, "BUK4_20161011_000804.wav": {"precision": 1e-05, "recall": 1e-05, "f-measure": 1e-05}, "BUK4_20171022_004304a.wav": {"precision": 0.5263157894736842, "recall": 0.5882352941176471, "f-measure": 0.5555555555555556}, "BUK5_20180921_015906a.wav": {"precision": 0.012326656394453005, "recall": 0.34782608695652173, "f-measure": 0.023809523809523808}, "n1.wav": {"precision": 0.11764705882352941, "recall": 0.1111111111111111, "f-measure": 0.11428571428571428}, "a1.wav": {"precision": 0.5882352941176471, "recall": 0.9090909090909091, "f-measure": 0.7142857142857143}}}