{"team_name": "PKU_ADSP", "set_name": "VAL", "report_date": "13042021_17_09_22", "overall_scores": {"precision": 0.576271186440678, "recall": 0.0077625570776255716, "fmeasure (percentage)": 1.532}, "scores_per_subset": {"PB": {"precision": 0.5, "recall": 0.00392156862745098, "f-measure": 0.007782101167315175}, "HV": {"precision": 0.68, "recall": 0.37777777777777777, "f-measure": 0.4857142857142857}}, "scores_per_audiofile": {"BUK5_20161101_002104a.wav": {"precision": 0.5, "recall": 0.011363636363636364, "f-measure": 0.022222222222222223}, "BUK1_20181011_001004.wav": {"precision": 1e-05, "recall": 1e-05, "f-measure": 1e-05}, "BUK1_20181013_023504.wav": {"precision": 1e-05, "recall": 1e-05, "f-measure": 1e-05}, "BUK4_20161011_000804.wav": {"precision": 1e-05, "recall": 1e-05, "f-measure": 1e-05}, "BUK4_20171022_004304a.wav": {"precision": 1e-05, "recall": 1e-05, "f-measure": 1e-05}, "BUK5_20180921_015906a.wav": {"precision": 1e-05, "recall": 1e-05, "f-measure": 1e-05}, "n1.wav": {"precision": 1e-05, "recall": 1e-05, "f-measure": 1e-05}, "a1.wav": {"precision": 0.68, "recall": 0.7727272727272727, "f-measure": 0.723404255319149}}}