{"team_name": "PKU_ADSP", "set_name": "VAL", "report_date": "25042021_16_03_38", "overall_scores": {"precision": 0.6878953107960741, "recall": 0.41014304291287385, "fmeasure (percentage)": 51.389}, "scores_per_subset": {"PB": {"precision": 0.6974789915966386, "recall": 0.36086956521739133, "f-measure": 0.47564469914040114}, "HV": {"precision": 0.6785714285714286, "recall": 0.475, "f-measure": 0.5588235294117647}}, "scores_per_audiofile": {"BUK5_20161101_002104a.wav": {"precision": 0.9444444444444444, "recall": 0.5795454545454546, "f-measure": 0.7183098591549296}, "BUK1_20181011_001004.wav": {"precision": 0.64, "recall": 0.5161290322580645, "f-measure": 0.5714285714285714}, "BUK1_20181013_023504.wav": {"precision": 0.6363636363636364, "recall": 0.2916666666666667, "f-measure": 0.4}, "BUK4_20161011_000804.wav": {"precision": 0.2857142857142857, "recall": 0.0425531914893617, "f-measure": 0.07407407407407407}, "BUK4_20171022_004304a.wav": {"precision": 0.4, "recall": 0.35294117647058826, "f-measure": 0.375}, "BUK5_20180921_015906a.wav": {"precision": 0.14285714285714285, "recall": 0.043478260869565216, "f-measure": 0.06666666666666667}, "n1.wav": {"precision": 0.3333333333333333, "recall": 0.05555555555555555, "f-measure": 0.09523809523809523}, "a1.wav": {"precision": 0.72, "recall": 0.8181818181818182, "f-measure": 0.7659574468085106}}}