{"team_name": "PKU_ADSP", "set_name": "VAL", "report_date": "11042021_15_47_38", "overall_scores": {"precision": 0.09523809523809523, "recall": 0.007925407925407926, "fmeasure (percentage)": 1.463}, "scores_per_subset": {"PB": {"precision": 0.08333333333333333, "recall": 0.004, "f-measure": 0.007633587786259542}, "HV": {"precision": 0.1111111111111111, "recall": 0.425, "f-measure": 0.17616580310880828}}, "scores_per_audiofile": {"BUK5_20161101_002104a.wav": {"precision": 0.1111111111111111, "recall": 0.011363636363636364, "f-measure": 0.020618556701030927}, "BUK1_20181011_001004.wav": {"precision": 1e-05, "recall": 1e-05, "f-measure": 1e-05}, "BUK1_20181013_023504.wav": {"precision": 1e-05, "recall": 1e-05, "f-measure": 1e-05}, "BUK4_20161011_000804.wav": {"precision": 1e-05, "recall": 1e-05, "f-measure": 1e-05}, "BUK4_20171022_004304a.wav": {"precision": 1e-05, "recall": 1e-05, "f-measure": 1e-05}, "BUK5_20180921_015906a.wav": {"precision": 1e-05, "recall": 1e-05, "f-measure": 1e-05}, "n1.wav": {"precision": 1e-05, "recall": 1e-05, "f-measure": 1e-05}, "a1.wav": {"precision": 0.12781954887218044, "recall": 0.7727272727272727, "f-measure": 0.21935483870967742}}}