{"team_name": "PKU_ADSP", "set_name": "VAL", "report_date": "18042021_20_14_43", "overall_scores": {"precision": 0.8818897637795275, "recall": 0.17454545454545456, "fmeasure (percentage)": 29.141}, "scores_per_subset": {"PB": {"precision": 0.875, "recall": 0.17142857142857143, "f-measure": 0.28668941979522183}, "HV": {"precision": 0.8888888888888888, "recall": 0.17777777777777778, "f-measure": 0.2962962962962963}}, "scores_per_audiofile": {"BUK5_20161101_002104a.wav": {"precision": 0.972972972972973, "recall": 0.4090909090909091, "f-measure": 0.576}, "BUK1_20181011_001004.wav": {"precision": 1e-05, "recall": 1e-05, "f-measure": 1e-05}, "BUK1_20181013_023504.wav": {"precision": 1e-05, "recall": 1e-05, "f-measure": 1e-05}, "BUK4_20161011_000804.wav": {"precision": 1e-05, "recall": 1e-05, "f-measure": 1e-05}, "BUK4_20171022_004304a.wav": {"precision": 0.6, "recall": 0.35294117647058826, "f-measure": 0.4444444444444444}, "BUK5_20180921_015906a.wav": {"precision": 1e-05, "recall": 1e-05, "f-measure": 1e-05}, "n1.wav": {"precision": 1e-05, "recall": 1e-05, "f-measure": 1e-05}, "a1.wav": {"precision": 0.8888888888888888, "recall": 0.36363636363636365, "f-measure": 0.5161290322580645}}}