{"team_name": "PKU_ADSP", "set_name": "VAL", "report_date": "18042021_11_10_09", "overall_scores": {"precision": 0.007773891820158039, "recall": 0.4807480748074807, "fmeasure (percentage)": 1.53}, "scores_per_subset": {"PB": {"precision": 0.0041150480810881055, "recall": 0.41304347826086957, "f-measure": 0.008148910619317207}, "HV": {"precision": 0.0701219512195122, "recall": 0.575, "f-measure": 0.125}}, "scores_per_audiofile": {"BUK5_20161101_002104a.wav": {"precision": 0.02265131823245451, "recall": 0.6931818181818182, "f-measure": 0.04386911183027688}, "BUK1_20181011_001004.wav": {"precision": 0.0026109660574412533, "recall": 0.22580645161290322, "f-measure": 0.005162241887905605}, "BUK1_20181013_023504.wav": {"precision": 0.00019557989438685703, "recall": 0.041666666666666664, "f-measure": 0.0003893322951138797}, "BUK4_20161011_000804.wav": {"precision": 0.0005473453749315818, "recall": 0.06382978723404255, "f-measure": 0.001085383502170767}, "BUK4_20171022_004304a.wav": {"precision": 0.0060465116279069765, "recall": 0.7647058823529411, "f-measure": 0.011998154130133826}, "BUK5_20180921_015906a.wav": {"precision": 0.002012882447665056, "recall": 0.43478260869565216, "f-measure": 0.004007212983370066}, "n1.wav": {"precision": 0.025157232704402517, "recall": 0.2222222222222222, "f-measure": 0.04519774011299435}, "a1.wav": {"precision": 0.11242603550295859, "recall": 0.8636363636363636, "f-measure": 0.19895287958115182}}}