{"team_name": "PKU_ADSP", "set_name": "VAL", "report_date": "04052021_17_31_54", "overall_scores": {"precision": 0.5873605947955389, "recall": 0.44332210998877664, "fmeasure (percentage)": 50.528}, "scores_per_subset": {"PB": {"precision": 0.7117117117117117, "recall": 0.34347826086956523, "f-measure": 0.4633431085043988}, "HV": {"precision": 0.5, "recall": 0.625, "f-measure": 0.5555555555555556}}, "scores_per_audiofile": {"BUK5_20161101_002104a.wav": {"precision": 0.9259259259259259, "recall": 0.5681818181818182, "f-measure": 0.704225352112676}, "BUK1_20181011_001004.wav": {"precision": 0.6296296296296297, "recall": 0.5483870967741935, "f-measure": 0.5862068965517241}, "BUK1_20181013_023504.wav": {"precision": 0.2, "recall": 0.041666666666666664, "f-measure": 0.06896551724137931}, "BUK4_20161011_000804.wav": {"precision": 0.75, "recall": 0.06382978723404255, "f-measure": 0.11764705882352941}, "BUK4_20171022_004304a.wav": {"precision": 0.42105263157894735, "recall": 0.47058823529411764, "f-measure": 0.4444444444444444}, "BUK5_20180921_015906a.wav": {"precision": 1e-05, "recall": 1e-05, "f-measure": 1e-05}, "n1.wav": {"precision": 0.46153846153846156, "recall": 0.3333333333333333, "f-measure": 0.3870967741935484}, "a1.wav": {"precision": 0.5135135135135135, "recall": 0.8636363636363636, "f-measure": 0.6440677966101694}}}