{"team_name": "PKU_ADSP", "set_name": "VAL", "report_date": "17042021_11_16_25", "overall_scores": {"precision": 0.5296869377473911, "recall": 0.48368017524644025, "fmeasure (percentage)": 50.564}, "scores_per_subset": {"PB": {"precision": 0.5245901639344263, "recall": 0.41739130434782606, "f-measure": 0.4648910411622276}, "HV": {"precision": 0.5348837209302325, "recall": 0.575, "f-measure": 0.5542168674698795}}, "scores_per_audiofile": {"BUK5_20161101_002104a.wav": {"precision": 0.8472222222222222, "recall": 0.6931818181818182, "f-measure": 0.7625}, "BUK1_20181011_001004.wav": {"precision": 0.5945945945945946, "recall": 0.7096774193548387, "f-measure": 0.6470588235294118}, "BUK1_20181013_023504.wav": {"precision": 0.11764705882352941, "recall": 0.08333333333333333, "f-measure": 0.0975609756097561}, "BUK4_20161011_000804.wav": {"precision": 0.045454545454545456, "recall": 0.02127659574468085, "f-measure": 0.028985507246376812}, "BUK4_20171022_004304a.wav": {"precision": 0.5, "recall": 0.5882352941176471, "f-measure": 0.5405405405405406}, "BUK5_20180921_015906a.wav": {"precision": 1e-05, "recall": 1e-05, "f-measure": 1e-05}, "n1.wav": {"precision": 0.23076923076923078, "recall": 0.16666666666666666, "f-measure": 0.1935483870967742}, "a1.wav": {"precision": 0.6666666666666666, "recall": 0.9090909090909091, "f-measure": 0.7692307692307693}}}