{"team_name": "PKU_ADSP", "set_name": "VAL", "report_date": "10042021_22_49_17", "overall_scores": {"precision": 0.0024159893572290444, "recall": 0.5224086870681145, "fmeasure (percentage)": 0.481}, "scores_per_subset": {"PB": {"precision": 0.0030456537278180065, "recall": 0.4260869565217391, "f-measure": 0.006048076032955843}, "HV": {"precision": 0.002002076227198576, "recall": 0.675, "f-measure": 0.003992311104539406}}, "scores_per_audiofile": {"BUK5_20161101_002104a.wav": {"precision": 0.010031004924311509, "recall": 0.625, "f-measure": 0.01974510859809729}, "BUK1_20181011_001004.wav": {"precision": 0.003423354887790034, "recall": 0.5806451612903226, "f-measure": 0.006806579693703914}, "BUK1_20181013_023504.wav": {"precision": 1e-05, "recall": 1e-05, "f-measure": 1e-05}, "BUK4_20161011_000804.wav": {"precision": 0.0005062436719541006, "recall": 0.06382978723404255, "f-measure": 0.0010045203415369162}, "BUK4_20171022_004304a.wav": {"precision": 0.0038910505836575876, "recall": 0.9411764705882353, "f-measure": 0.007750060547348026}, "BUK5_20180921_015906a.wav": {"precision": 0.0010291595197255575, "recall": 0.2608695652173913, "f-measure": 0.0020502306509482316}, "n1.wav": {"precision": 0.0027683789603199014, "recall": 0.5, "f-measure": 0.005506271030896299}, "a1.wav": {"precision": 0.0017586712261846605, "recall": 0.8181818181818182, "f-measure": 0.0035097981866042704}}}