{"team_name": "PKU_ADSP", "set_name": "VAL", "report_date": "11042021_00_03_33", "overall_scores": {"precision": 0.0016536396608936269, "recall": 0.12605042016806722, "fmeasure (percentage)": 0.326}, "scores_per_subset": {"PB": {"precision": 0.002341262408690766, "recall": 0.10869565217391304, "f-measure": 0.004583791712504583}, "HV": {"precision": 0.0012782275244993609, "recall": 0.15, "f-measure": 0.0025348542458808617}}, "scores_per_audiofile": {"BUK5_20161101_002104a.wav": {"precision": 0.006001091107474086, "recall": 0.125, "f-measure": 0.011452368558042686}, "BUK1_20181011_001004.wav": {"precision": 0.0021545090797168358, "recall": 0.22580645161290322, "f-measure": 0.00426829268292683}, "BUK1_20181013_023504.wav": {"precision": 0.0006891798759476223, "recall": 0.041666666666666664, "f-measure": 0.0013559322033898306}, "BUK4_20161011_000804.wav": {"precision": 1e-05, "recall": 1e-05, "f-measure": 1e-05}, "BUK4_20171022_004304a.wav": {"precision": 0.0029985007496251873, "recall": 0.11764705882352941, "f-measure": 0.005847953216374269}, "BUK5_20180921_015906a.wav": {"precision": 0.0013554727211114877, "recall": 0.17391304347826086, "f-measure": 0.0026899798251513113}, "n1.wav": {"precision": 0.0029484029484029483, "recall": 0.3333333333333333, "f-measure": 0.0058451047247929854}, "a1.wav": {"precision": 1e-05, "recall": 1e-05, "f-measure": 1e-05}}}