{"team_name": "PKU_ADSP", "set_name": "VAL", "report_date": "13042021_17_28_41", "overall_scores": {"precision": 0.30849947534102834, "recall": 0.3030927835051546, "fmeasure (percentage)": 30.577}, "scores_per_subset": {"PB": {"precision": 0.2620320855614973, "recall": 0.21304347826086956, "f-measure": 0.23501199040767387}, "HV": {"precision": 0.375, "recall": 0.525, "f-measure": 0.4375}}, "scores_per_audiofile": {"BUK5_20161101_002104a.wav": {"precision": 0.425, "recall": 0.38636363636363635, "f-measure": 0.40476190476190477}, "BUK1_20181011_001004.wav": {"precision": 0.17391304347826086, "recall": 0.12903225806451613, "f-measure": 0.14814814814814814}, "BUK1_20181013_023504.wav": {"precision": 0.12195121951219512, "recall": 0.20833333333333334, "f-measure": 0.15384615384615385}, "BUK4_20161011_000804.wav": {"precision": 1e-05, "recall": 1e-05, "f-measure": 1e-05}, "BUK4_20171022_004304a.wav": {"precision": 0.5454545454545454, "recall": 0.35294117647058826, "f-measure": 0.42857142857142855}, "BUK5_20180921_015906a.wav": {"precision": 1e-05, "recall": 1e-05, "f-measure": 1e-05}, "n1.wav": {"precision": 0.07407407407407407, "recall": 0.1111111111111111, "f-measure": 0.08888888888888889}, "a1.wav": {"precision": 0.6551724137931034, "recall": 0.8636363636363636, "f-measure": 0.7450980392156863}}}