{"team_name": "PKU_ADSP", "set_name": "VAL", "report_date": "03052021_22_57_38", "overall_scores": {"precision": 0.54449027695934, "recall": 0.3710843373493976, "fmeasure (percentage)": 44.137}, "scores_per_subset": {"PB": {"precision": 0.6534653465346535, "recall": 0.28695652173913044, "f-measure": 0.3987915407854985}, "HV": {"precision": 0.4666666666666667, "recall": 0.525, "f-measure": 0.49411764705882355}}, "scores_per_audiofile": {"BUK5_20161101_002104a.wav": {"precision": 0.9555555555555556, "recall": 0.48863636363636365, "f-measure": 0.6466165413533834}, "BUK1_20181011_001004.wav": {"precision": 0.6470588235294118, "recall": 0.3548387096774194, "f-measure": 0.4583333333333333}, "BUK1_20181013_023504.wav": {"precision": 0.5, "recall": 0.20833333333333334, "f-measure": 0.29411764705882354}, "BUK4_20161011_000804.wav": {"precision": 0.1, "recall": 0.02127659574468085, "f-measure": 0.03508771929824561}, "BUK4_20171022_004304a.wav": {"precision": 0.42857142857142855, "recall": 0.35294117647058826, "f-measure": 0.3870967741935484}, "BUK5_20180921_015906a.wav": {"precision": 1e-05, "recall": 1e-05, "f-measure": 1e-05}, "n1.wav": {"precision": 0.4, "recall": 0.1111111111111111, "f-measure": 0.17391304347826086}, "a1.wav": {"precision": 0.475, "recall": 0.8636363636363636, "f-measure": 0.6129032258064516}}}