{"team_name": "PKU_ADSP", "set_name": "VAL", "report_date": "20082021_21_47_49", "overall_scores": {"precision": 0.6226215644820297, "recall": 0.43683559950556244, "fmeasure (percentage)": 51.344}, "scores_per_subset": {"PB": {"precision": 0.6326530612244898, "recall": 0.4043478260869565, "f-measure": 0.493368700265252}, "HV": {"precision": 0.6129032258064516, "recall": 0.475, "f-measure": 0.5352112676056338}}, "scores_per_audiofile": {"BUK5_20161101_002104a.wav": {"precision": 0.8309859154929577, "recall": 0.6704545454545454, "f-measure": 0.7421383647798742}, "BUK1_20181011_001004.wav": {"precision": 0.7037037037037037, "recall": 0.6129032258064516, "f-measure": 0.6551724137931034}, "BUK1_20181013_023504.wav": {"precision": 0.3333333333333333, "recall": 0.16666666666666666, "f-measure": 0.2222222222222222}, "BUK4_20161011_000804.wav": {"precision": 0.07692307692307693, "recall": 0.02127659574468085, "f-measure": 0.03333333333333333}, "BUK4_20171022_004304a.wav": {"precision": 0.45454545454545453, "recall": 0.5882352941176471, "f-measure": 0.5128205128205128}, "BUK5_20180921_015906a.wav": {"precision": 1e-05, "recall": 1e-05, "f-measure": 1e-05}, "n1.wav": {"precision": 0.3333333333333333, "recall": 0.1111111111111111, "f-measure": 0.16666666666666666}, "a1.wav": {"precision": 0.68, "recall": 0.7727272727272727, "f-measure": 0.723404255319149}}}