{"team_name": "PKU_ADSP", "set_name": "VAL", "report_date": "13042021_16_46_40", "overall_scores": {"precision": 0.004566087688176941, "recall": 0.40765550239234444, "fmeasure (percentage)": 0.903}, "scores_per_subset": {"PB": {"precision": 0.002445914289651371, "recall": 0.30869565217391304, "f-measure": 0.004853373436325107}, "HV": {"precision": 0.03428571428571429, "recall": 0.6, "f-measure": 0.06486486486486487}}, "scores_per_audiofile": {"BUK5_20161101_002104a.wav": {"precision": 0.014222222222222223, "recall": 0.5454545454545454, "f-measure": 0.027721628645682932}, "BUK1_20181011_001004.wav": {"precision": 0.00264861683343143, "recall": 0.2903225806451613, "f-measure": 0.005249343832020997}, "BUK1_20181013_023504.wav": {"precision": 0.00016066838046272492, "recall": 0.041666666666666664, "f-measure": 0.0003201024327784891}, "BUK4_20161011_000804.wav": {"precision": 1e-05, "recall": 1e-05, "f-measure": 1e-05}, "BUK4_20171022_004304a.wav": {"precision": 0.0044212218649517685, "recall": 0.6470588235294118, "f-measure": 0.008782435129740519}, "BUK5_20180921_015906a.wav": {"precision": 0.00029642804209278195, "recall": 0.08695652173913043, "f-measure": 0.0005908419497784342}, "n1.wav": {"precision": 0.030508474576271188, "recall": 0.5, "f-measure": 0.05750798722044728}, "a1.wav": {"precision": 0.037037037037037035, "recall": 0.6818181818181818, "f-measure": 0.0702576112412178}}}