{"team_name": "PKU_ADSP", "set_name": "VAL", "report_date": "04062021_09_15_22", "overall_scores": {"precision": 0.5649717514124294, "recall": 0.4651162790697674, "fmeasure (percentage)": 51.02}, "scores_per_subset": {"PB": {"precision": 0.591715976331361, "recall": 0.43478260869565216, "f-measure": 0.5012531328320802}, "HV": {"precision": 0.5405405405405406, "recall": 0.5, "f-measure": 0.5194805194805194}}, "scores_per_audiofile": {"BUK5_20161101_002104a.wav": {"precision": 0.7926829268292683, "recall": 0.7386363636363636, "f-measure": 0.7647058823529411}, "BUK1_20181011_001004.wav": {"precision": 0.6551724137931034, "recall": 0.6129032258064516, "f-measure": 0.6333333333333333}, "BUK1_20181013_023504.wav": {"precision": 0.36363636363636365, "recall": 0.16666666666666666, "f-measure": 0.22857142857142856}, "BUK4_20161011_000804.wav": {"precision": 0.07142857142857142, "recall": 0.02127659574468085, "f-measure": 0.03278688524590164}, "BUK4_20171022_004304a.wav": {"precision": 0.5, "recall": 0.5882352941176471, "f-measure": 0.5405405405405406}, "BUK5_20180921_015906a.wav": {"precision": 0.07692307692307693, "recall": 0.043478260869565216, "f-measure": 0.05555555555555555}, "n1.wav": {"precision": 1e-05, "recall": 1e-05, "f-measure": 1e-05}, "a1.wav": {"precision": 0.6451612903225806, "recall": 0.9090909090909091, "f-measure": 0.7547169811320755}}}