{"team_name": "PKU_ADSP", "set_name": "VAL", "report_date": "11042021_17_10_59", "overall_scores": {"precision": 0.11176968670618122, "recall": 0.19411764705882353, "fmeasure (percentage)": 14.186}, "scores_per_subset": {"PB": {"precision": 0.12941176470588237, "recall": 0.14347826086956522, "f-measure": 0.1360824742268041}, "HV": {"precision": 0.09836065573770492, "recall": 0.3, "f-measure": 0.14814814814814814}}, "scores_per_audiofile": {"BUK5_20161101_002104a.wav": {"precision": 0.16339869281045752, "recall": 0.2840909090909091, "f-measure": 0.2074688796680498}, "BUK1_20181011_001004.wav": {"precision": 1e-05, "recall": 1e-05, "f-measure": 1e-05}, "BUK1_20181013_023504.wav": {"precision": 0.06976744186046512, "recall": 0.125, "f-measure": 0.08955223880597014}, "BUK4_20161011_000804.wav": {"precision": 1e-05, "recall": 1e-05, "f-measure": 1e-05}, "BUK4_20171022_004304a.wav": {"precision": 0.2, "recall": 0.29411764705882354, "f-measure": 0.23809523809523808}, "BUK5_20180921_015906a.wav": {"precision": 1e-05, "recall": 1e-05, "f-measure": 1e-05}, "n1.wav": {"precision": 1e-05, "recall": 1e-05, "f-measure": 1e-05}, "a1.wav": {"precision": 0.09917355371900827, "recall": 0.5454545454545454, "f-measure": 0.16783216783216784}}}