{"team_name": "PKU_ADSP", "set_name": "VAL", "report_date": "18072021_16_23_35", "overall_scores": {"precision": 0.45689905943954234, "recall": 0.46332350049164206, "fmeasure (percentage)": 46.009}, "scores_per_subset": {"PB": {"precision": 0.5467625899280576, "recall": 0.33043478260869563, "f-measure": 0.41192411924119243}, "HV": {"precision": 0.3924050632911392, "recall": 0.775, "f-measure": 0.5210084033613446}}, "scores_per_audiofile": {"BUK5_20161101_002104a.wav": {"precision": 0.9782608695652174, "recall": 0.5113636363636364, "f-measure": 0.6716417910447762}, "BUK1_20181011_001004.wav": {"precision": 0.5833333333333334, "recall": 0.6774193548387096, "f-measure": 0.6268656716417911}, "BUK1_20181013_023504.wav": {"precision": 0.13333333333333333, "recall": 0.08333333333333333, "f-measure": 0.10256410256410256}, "BUK4_20161011_000804.wav": {"precision": 0.05555555555555555, "recall": 0.02127659574468085, "f-measure": 0.03076923076923077}, "BUK4_20171022_004304a.wav": {"precision": 0.375, "recall": 0.35294117647058826, "f-measure": 0.36363636363636365}, "BUK5_20180921_015906a.wav": {"precision": 0.125, "recall": 0.043478260869565216, "f-measure": 0.06451612903225806}, "n1.wav": {"precision": 0.23404255319148937, "recall": 0.6111111111111112, "f-measure": 0.3384615384615385}, "a1.wav": {"precision": 0.625, "recall": 0.9090909090909091, "f-measure": 0.7407407407407407}}}