{"team_name": "PKU_ADSP", "set_name": "VAL", "report_date": "16042021_21_51_24", "overall_scores": {"precision": 0.5678297014737372, "recall": 0.4894679695982628, "fmeasure (percentage)": 52.574}, "scores_per_subset": {"PB": {"precision": 0.547486033519553, "recall": 0.4260869565217391, "f-measure": 0.4792176039119804}, "HV": {"precision": 0.5897435897435898, "recall": 0.575, "f-measure": 0.5822784810126582}}, "scores_per_audiofile": {"BUK5_20161101_002104a.wav": {"precision": 0.9545454545454546, "recall": 0.7159090909090909, "f-measure": 0.8181818181818182}, "BUK1_20181011_001004.wav": {"precision": 0.46, "recall": 0.7419354838709677, "f-measure": 0.5679012345679012}, "BUK1_20181013_023504.wav": {"precision": 0.14285714285714285, "recall": 0.08333333333333333, "f-measure": 0.10526315789473684}, "BUK4_20161011_000804.wav": {"precision": 0.05, "recall": 0.02127659574468085, "f-measure": 0.029850746268656716}, "BUK4_20171022_004304a.wav": {"precision": 0.42105263157894735, "recall": 0.47058823529411764, "f-measure": 0.4444444444444444}, "BUK5_20180921_015906a.wav": {"precision": 0.1, "recall": 0.043478260869565216, "f-measure": 0.06060606060606061}, "n1.wav": {"precision": 0.375, "recall": 0.16666666666666666, "f-measure": 0.23076923076923078}, "a1.wav": {"precision": 0.6451612903225806, "recall": 0.9090909090909091, "f-measure": 0.7547169811320755}}}