{"team_name": "PKU_ADSP", "set_name": "VAL", "report_date": "11042021_08_49_33", "overall_scores": {"precision": 0.007197065811630643, "recall": 0.5083503054989816, "fmeasure (percentage)": 1.419}, "scores_per_subset": {"PB": {"precision": 0.009295120061967466, "recall": 0.41739130434782606, "f-measure": 0.01818526236029551}, "HV": {"precision": 0.005871725383920506, "recall": 0.65, "f-measure": 0.011638316920322292}}, "scores_per_audiofile": {"BUK5_20161101_002104a.wav": {"precision": 0.03240477544059125, "recall": 0.6477272727272727, "f-measure": 0.06172171088251218}, "BUK1_20181011_001004.wav": {"precision": 0.005242059821153253, "recall": 0.5483870967741935, "f-measure": 0.010384850335980453}, "BUK1_20181013_023504.wav": {"precision": 0.0007358351729212656, "recall": 0.041666666666666664, "f-measure": 0.0014461315979754157}, "BUK4_20161011_000804.wav": {"precision": 0.003968253968253968, "recall": 0.0425531914893617, "f-measure": 0.007259528130671506}, "BUK4_20171022_004304a.wav": {"precision": 0.022222222222222223, "recall": 0.8235294117647058, "f-measure": 0.04327666151468315}, "BUK5_20180921_015906a.wav": {"precision": 0.0017649135192375574, "recall": 0.21739130434782608, "f-measure": 0.0035014005602240898}, "n1.wav": {"precision": 0.0035371399696816574, "recall": 0.3888888888888889, "f-measure": 0.007010515773660491}, "a1.wav": {"precision": 0.007758268681094325, "recall": 0.8636363636363636, "f-measure": 0.01537838931606637}}}