{"team_name": "PKU_ADSP", "set_name": "VAL", "report_date": "18042021_22_17_13", "overall_scores": {"precision": 0.6198234894772574, "recall": 0.435799522673031, "fmeasure (percentage)": 51.177}, "scores_per_subset": {"PB": {"precision": 0.6287878787878788, "recall": 0.36086956521739133, "f-measure": 0.4585635359116022}, "HV": {"precision": 0.6111111111111112, "recall": 0.55, "f-measure": 0.5789473684210527}}, "scores_per_audiofile": {"BUK5_20161101_002104a.wav": {"precision": 0.9615384615384616, "recall": 0.5681818181818182, "f-measure": 0.7142857142857143}, "BUK1_20181011_001004.wav": {"precision": 0.8333333333333334, "recall": 0.6451612903225806, "f-measure": 0.7272727272727273}, "BUK1_20181013_023504.wav": {"precision": 0.25, "recall": 0.16666666666666666, "f-measure": 0.2}, "BUK4_20161011_000804.wav": {"precision": 0.06666666666666667, "recall": 0.02127659574468085, "f-measure": 0.03225806451612903}, "BUK4_20171022_004304a.wav": {"precision": 0.4666666666666667, "recall": 0.4117647058823529, "f-measure": 0.4375}, "BUK5_20180921_015906a.wav": {"precision": 0.1, "recall": 0.043478260869565216, "f-measure": 0.06060606060606061}, "n1.wav": {"precision": 0.2857142857142857, "recall": 0.1111111111111111, "f-measure": 0.16}, "a1.wav": {"precision": 0.6896551724137931, "recall": 0.9090909090909091, "f-measure": 0.7843137254901961}}}