{"team_name": "PKU_ADSP", "set_name": "VAL", "report_date": "12042021_10_42_07", "overall_scores": {"precision": 0.0038615760335583634, "recall": 0.4894679695982628, "fmeasure (percentage)": 0.766}, "scores_per_subset": {"PB": {"precision": 0.00564939182567591, "recall": 0.4260869565217391, "f-measure": 0.011150935882118677}, "HV": {"precision": 0.002933299324065808, "recall": 0.575, "f-measure": 0.005836822738231189}}, "scores_per_audiofile": {"BUK5_20161101_002104a.wav": {"precision": 0.016622922134733157, "recall": 0.6477272727272727, "f-measure": 0.03241398919533694}, "BUK1_20181011_001004.wav": {"precision": 0.006666666666666667, "recall": 0.6774193548387096, "f-measure": 0.013203395158755108}, "BUK1_20181013_023504.wav": {"precision": 1e-05, "recall": 1e-05, "f-measure": 1e-05}, "BUK4_20161011_000804.wav": {"precision": 0.0011750881316098707, "recall": 0.06382978723404255, "f-measure": 0.002307692307692308}, "BUK4_20171022_004304a.wav": {"precision": 0.005136309758988542, "recall": 0.7647058823529411, "f-measure": 0.01020408163265306}, "BUK5_20180921_015906a.wav": {"precision": 0.0012395413696932136, "recall": 0.17391304347826086, "f-measure": 0.0024615384615384616}, "n1.wav": {"precision": 0.0003824091778202677, "recall": 0.05555555555555555, "f-measure": 0.0007595898214963919}, "a1.wav": {"precision": 0.004209720627631076, "recall": 1.0, "f-measure": 0.008384146341463415}}}