{"team_name": "PKU_ADSP", "set_name": "VAL", "report_date": "28042021_22_12_39", "overall_scores": {"precision": 0.4929775280898876, "recall": 0.398410896708286, "fmeasure (percentage)": 44.068}, "scores_per_subset": {"PB": {"precision": 0.65, "recall": 0.2826086956521739, "f-measure": 0.3939393939393939}, "HV": {"precision": 0.39705882352941174, "recall": 0.675, "f-measure": 0.5}}, "scores_per_audiofile": {"BUK5_20161101_002104a.wav": {"precision": 0.9743589743589743, "recall": 0.4318181818181818, "f-measure": 0.5984251968503937}, "BUK1_20181011_001004.wav": {"precision": 0.6666666666666666, "recall": 0.3225806451612903, "f-measure": 0.43478260869565216}, "BUK1_20181013_023504.wav": {"precision": 0.46153846153846156, "recall": 0.25, "f-measure": 0.32432432432432434}, "BUK4_20161011_000804.wav": {"precision": 0.3, "recall": 0.06382978723404255, "f-measure": 0.10526315789473684}, "BUK4_20171022_004304a.wav": {"precision": 0.4166666666666667, "recall": 0.29411764705882354, "f-measure": 0.3448275862068966}, "BUK5_20180921_015906a.wav": {"precision": 0.2727272727272727, "recall": 0.13043478260869565, "f-measure": 0.17647058823529413}, "n1.wav": {"precision": 0.17073170731707318, "recall": 0.3888888888888889, "f-measure": 0.23728813559322035}, "a1.wav": {"precision": 0.7407407407407407, "recall": 0.9090909090909091, "f-measure": 0.8163265306122449}}}