{"team_name": "PKU_ADSP", "set_name": "VAL", "report_date": "17042021_11_32_18", "overall_scores": {"precision": 0.5398669086509377, "recall": 0.4865866957470011, "fmeasure (percentage)": 51.184}, "scores_per_subset": {"PB": {"precision": 0.5449438202247191, "recall": 0.4217391304347826, "f-measure": 0.47549019607843135}, "HV": {"precision": 0.5348837209302325, "recall": 0.575, "f-measure": 0.5542168674698795}}, "scores_per_audiofile": {"BUK5_20161101_002104a.wav": {"precision": 0.9117647058823529, "recall": 0.7045454545454546, "f-measure": 0.7948717948717948}, "BUK1_20181011_001004.wav": {"precision": 0.5945945945945946, "recall": 0.7096774193548387, "f-measure": 0.6470588235294118}, "BUK1_20181013_023504.wav": {"precision": 0.11764705882352941, "recall": 0.08333333333333333, "f-measure": 0.0975609756097561}, "BUK4_20161011_000804.wav": {"precision": 0.045454545454545456, "recall": 0.02127659574468085, "f-measure": 0.028985507246376812}, "BUK4_20171022_004304a.wav": {"precision": 0.5, "recall": 0.5882352941176471, "f-measure": 0.5405405405405406}, "BUK5_20180921_015906a.wav": {"precision": 1e-05, "recall": 1e-05, "f-measure": 1e-05}, "n1.wav": {"precision": 0.23076923076923078, "recall": 0.16666666666666666, "f-measure": 0.1935483870967742}, "a1.wav": {"precision": 0.6666666666666666, "recall": 0.9090909090909091, "f-measure": 0.7692307692307693}}}