{"team_name": "PKU_ADSP", "set_name": "VAL", "report_date": "12062021_23_45_11", "overall_scores": {"precision": 0.6323304436511983, "recall": 0.44711538461538464, "fmeasure (percentage)": 52.383}, "scores_per_subset": {"PB": {"precision": 0.62, "recall": 0.4043478260869565, "f-measure": 0.48947368421052634}, "HV": {"precision": 0.6451612903225806, "recall": 0.5, "f-measure": 0.5633802816901409}}, "scores_per_audiofile": {"BUK5_20161101_002104a.wav": {"precision": 0.8309859154929577, "recall": 0.6704545454545454, "f-measure": 0.7421383647798742}, "BUK1_20181011_001004.wav": {"precision": 0.7037037037037037, "recall": 0.6129032258064516, "f-measure": 0.6551724137931034}, "BUK1_20181013_023504.wav": {"precision": 0.3333333333333333, "recall": 0.16666666666666666, "f-measure": 0.2222222222222222}, "BUK4_20161011_000804.wav": {"precision": 0.0625, "recall": 0.02127659574468085, "f-measure": 0.031746031746031744}, "BUK4_20171022_004304a.wav": {"precision": 0.45454545454545453, "recall": 0.5882352941176471, "f-measure": 0.5128205128205128}, "BUK5_20180921_015906a.wav": {"precision": 1e-05, "recall": 1e-05, "f-measure": 1e-05}, "n1.wav": {"precision": 0.42857142857142855, "recall": 0.16666666666666666, "f-measure": 0.24}, "a1.wav": {"precision": 0.7083333333333334, "recall": 0.7727272727272727, "f-measure": 0.7391304347826086}}}