{"team_name": "PKU_ADSP", "set_name": "VAL", "report_date": "21042021_15_51_57", "overall_scores": {"precision": 0.2837410071942446, "recall": 0.3165329052969503, "fmeasure (percentage)": 29.924}, "scores_per_subset": {"PB": {"precision": 0.3411764705882353, "recall": 0.25217391304347825, "f-measure": 0.29}, "HV": {"precision": 0.24285714285714285, "recall": 0.425, "f-measure": 0.3090909090909091}}, "scores_per_audiofile": {"BUK5_20161101_002104a.wav": {"precision": 0.7941176470588235, "recall": 0.3068181818181818, "f-measure": 0.4426229508196721}, "BUK1_20181011_001004.wav": {"precision": 0.3023255813953488, "recall": 0.41935483870967744, "f-measure": 0.35135135135135137}, "BUK1_20181013_023504.wav": {"precision": 0.13636363636363635, "recall": 0.125, "f-measure": 0.13043478260869565}, "BUK4_20161011_000804.wav": {"precision": 0.125, "recall": 0.10638297872340426, "f-measure": 0.11494252873563218}, "BUK4_20171022_004304a.wav": {"precision": 0.4166666666666667, "recall": 0.5882352941176471, "f-measure": 0.4878048780487805}, "BUK5_20180921_015906a.wav": {"precision": 1e-05, "recall": 1e-05, "f-measure": 1e-05}, "n1.wav": {"precision": 0.0392156862745098, "recall": 0.1111111111111111, "f-measure": 0.057971014492753624}, "a1.wav": {"precision": 0.7894736842105263, "recall": 0.6818181818181818, "f-measure": 0.7317073170731707}}}