{"team_name": "PKU_ADSP", "set_name": "VAL", "report_date": "03052021_14_25_08", "overall_scores": {"precision": 0.5802106717319979, "recall": 0.4184308841843088, "fmeasure (percentage)": 48.622}, "scores_per_subset": {"PB": {"precision": 0.6106870229007634, "recall": 0.34782608695652173, "f-measure": 0.44321329639889195}, "HV": {"precision": 0.5526315789473685, "recall": 0.525, "f-measure": 0.5384615384615384}}, "scores_per_audiofile": {"BUK5_20161101_002104a.wav": {"precision": 0.9777777777777777, "recall": 0.5, "f-measure": 0.6616541353383458}, "BUK1_20181011_001004.wav": {"precision": 0.6129032258064516, "recall": 0.6129032258064516, "f-measure": 0.6129032258064516}, "BUK1_20181013_023504.wav": {"precision": 0.3125, "recall": 0.20833333333333334, "f-measure": 0.25}, "BUK4_20161011_000804.wav": {"precision": 0.2, "recall": 0.0425531914893617, "f-measure": 0.07017543859649122}, "BUK4_20171022_004304a.wav": {"precision": 0.4375, "recall": 0.4117647058823529, "f-measure": 0.42424242424242425}, "BUK5_20180921_015906a.wav": {"precision": 0.23076923076923078, "recall": 0.13043478260869565, "f-measure": 0.16666666666666666}, "n1.wav": {"precision": 0.16666666666666666, "recall": 0.05555555555555555, "f-measure": 0.08333333333333333}, "a1.wav": {"precision": 0.625, "recall": 0.9090909090909091, "f-measure": 0.7407407407407407}}}