{"team_name": "PKU_ADSP", "set_name": "VAL", "report_date": "20082021_22_16_00", "overall_scores": {"precision": 0.663176265270506, "recall": 0.45238095238095244, "fmeasure (percentage)": 53.786}, "scores_per_subset": {"PB": {"precision": 0.6597222222222222, "recall": 0.41304347826086957, "f-measure": 0.5080213903743316}, "HV": {"precision": 0.6666666666666666, "recall": 0.5, "f-measure": 0.5714285714285714}}, "scores_per_audiofile": {"BUK5_20161101_002104a.wav": {"precision": 0.855072463768116, "recall": 0.6704545454545454, "f-measure": 0.7515923566878981}, "BUK1_20181011_001004.wav": {"precision": 0.75, "recall": 0.6774193548387096, "f-measure": 0.711864406779661}, "BUK1_20181013_023504.wav": {"precision": 0.36363636363636365, "recall": 0.16666666666666666, "f-measure": 0.22857142857142856}, "BUK4_20161011_000804.wav": {"precision": 0.07692307692307693, "recall": 0.02127659574468085, "f-measure": 0.03333333333333333}, "BUK4_20171022_004304a.wav": {"precision": 0.45454545454545453, "recall": 0.5882352941176471, "f-measure": 0.5128205128205128}, "BUK5_20180921_015906a.wav": {"precision": 1e-05, "recall": 1e-05, "f-measure": 1e-05}, "n1.wav": {"precision": 0.5, "recall": 0.1111111111111111, "f-measure": 0.18181818181818182}, "a1.wav": {"precision": 0.6923076923076923, "recall": 0.8181818181818182, "f-measure": 0.75}}}