{"team_name": "PKU_ADSP", "set_name": "VAL", "report_date": "17042021_12_19_14", "overall_scores": {"precision": 0.5378328499868178, "recall": 0.4573991031390134, "fmeasure (percentage)": 49.437}, "scores_per_subset": {"PB": {"precision": 0.6115107913669064, "recall": 0.3695652173913043, "f-measure": 0.46070460704607047}, "HV": {"precision": 0.48, "recall": 0.6, "f-measure": 0.5333333333333333}}, "scores_per_audiofile": {"BUK5_20161101_002104a.wav": {"precision": 0.98, "recall": 0.5568181818181818, "f-measure": 0.7101449275362319}, "BUK1_20181011_001004.wav": {"precision": 0.7142857142857143, "recall": 0.6451612903225806, "f-measure": 0.6779661016949152}, "BUK1_20181013_023504.wav": {"precision": 0.21428571428571427, "recall": 0.125, "f-measure": 0.15789473684210525}, "BUK4_20161011_000804.wav": {"precision": 0.16666666666666666, "recall": 0.06382978723404255, "f-measure": 0.09230769230769231}, "BUK4_20171022_004304a.wav": {"precision": 0.4, "recall": 0.35294117647058826, "f-measure": 0.375}, "BUK5_20180921_015906a.wav": {"precision": 0.2857142857142857, "recall": 0.17391304347826086, "f-measure": 0.21621621621621623}, "n1.wav": {"precision": 0.2222222222222222, "recall": 0.2222222222222222, "f-measure": 0.2222222222222222}, "a1.wav": {"precision": 0.625, "recall": 0.9090909090909091, "f-measure": 0.7407407407407407}}}