{"team_name": "PKU_ADSP", "set_name": "VAL", "report_date": "13062021_17_17_12", "overall_scores": {"precision": 0.6955974842767295, "recall": 0.41526908635794746, "fmeasure (percentage)": 52.006}, "scores_per_subset": {"PB": {"precision": 0.7669902912621359, "recall": 0.34347826086956523, "f-measure": 0.4744744744744745}, "HV": {"precision": 0.6363636363636364, "recall": 0.525, "f-measure": 0.5753424657534246}}, "scores_per_audiofile": {"BUK5_20161101_002104a.wav": {"precision": 0.9607843137254902, "recall": 0.5568181818181818, "f-measure": 0.7050359712230215}, "BUK1_20181011_001004.wav": {"precision": 0.8095238095238095, "recall": 0.5483870967741935, "f-measure": 0.6538461538461539}, "BUK1_20181013_023504.wav": {"precision": 0.5, "recall": 0.16666666666666666, "f-measure": 0.25}, "BUK4_20161011_000804.wav": {"precision": 0.25, "recall": 0.02127659574468085, "f-measure": 0.0392156862745098}, "BUK4_20171022_004304a.wav": {"precision": 0.47058823529411764, "recall": 0.47058823529411764, "f-measure": 0.47058823529411764}, "BUK5_20180921_015906a.wav": {"precision": 1e-05, "recall": 1e-05, "f-measure": 1e-05}, "n1.wav": {"precision": 0.2222222222222222, "recall": 0.1111111111111111, "f-measure": 0.14814814814814814}, "a1.wav": {"precision": 0.7916666666666666, "recall": 0.8636363636363636, "f-measure": 0.8260869565217391}}}