{"team_name": "PKU_ADSP", "set_name": "VAL", "report_date": "11042021_22_05_55", "overall_scores": {"precision": 0.05589430894308943, "recall": 0.13836477987421383, "fmeasure (percentage)": 7.962}, "scores_per_subset": {"PB": {"precision": 0.09821428571428571, "recall": 0.09565217391304348, "f-measure": 0.09691629955947137}, "HV": {"precision": 0.0390625, "recall": 0.25, "f-measure": 0.06756756756756757}}, "scores_per_audiofile": {"BUK5_20161101_002104a.wav": {"precision": 0.20588235294117646, "recall": 0.1590909090909091, "f-measure": 0.1794871794871795}, "BUK1_20181011_001004.wav": {"precision": 0.033707865168539325, "recall": 0.0967741935483871, "f-measure": 0.05}, "BUK1_20181013_023504.wav": {"precision": 0.25, "recall": 0.08333333333333333, "f-measure": 0.125}, "BUK4_20161011_000804.wav": {"precision": 0.0425531914893617, "recall": 0.0425531914893617, "f-measure": 0.0425531914893617}, "BUK4_20171022_004304a.wav": {"precision": 0.1, "recall": 0.058823529411764705, "f-measure": 0.07407407407407407}, "BUK5_20180921_015906a.wav": {"precision": 1e-05, "recall": 1e-05, "f-measure": 1e-05}, "n1.wav": {"precision": 1e-05, "recall": 1e-05, "f-measure": 1e-05}, "a1.wav": {"precision": 0.0425531914893617, "recall": 0.45454545454545453, "f-measure": 0.07782101167315175}}}