{"team_name": "PKU_ADSP", "set_name": "VAL", "report_date": "27042021_22_25_33", "overall_scores": {"precision": 0.6723646723646723, "recall": 0.3390804597701149, "fmeasure (percentage)": 45.081}, "scores_per_subset": {"PB": {"precision": 0.6781609195402298, "recall": 0.2565217391304348, "f-measure": 0.3722397476340694}, "HV": {"precision": 0.6666666666666666, "recall": 0.5, "f-measure": 0.5714285714285714}}, "scores_per_audiofile": {"BUK5_20161101_002104a.wav": {"precision": 0.9743589743589743, "recall": 0.4318181818181818, "f-measure": 0.5984251968503937}, "BUK1_20181011_001004.wav": {"precision": 0.9285714285714286, "recall": 0.41935483870967744, "f-measure": 0.5777777777777777}, "BUK1_20181013_023504.wav": {"precision": 0.21428571428571427, "recall": 0.125, "f-measure": 0.15789473684210525}, "BUK4_20161011_000804.wav": {"precision": 1e-05, "recall": 1e-05, "f-measure": 1e-05}, "BUK4_20171022_004304a.wav": {"precision": 0.5, "recall": 0.29411764705882354, "f-measure": 0.37037037037037035}, "BUK5_20180921_015906a.wav": {"precision": 1e-05, "recall": 1e-05, "f-measure": 1e-05}, "n1.wav": {"precision": 1e-05, "recall": 1e-05, "f-measure": 1e-05}, "a1.wav": {"precision": 0.7142857142857143, "recall": 0.9090909090909091, "f-measure": 0.8}}}