{"team_name": "PKU_ADSP", "set_name": "VAL", "report_date": "18072021_16_05_58", "overall_scores": {"precision": 0.6533575317604357, "recall": 0.43902439024390244, "fmeasure (percentage)": 52.516}, "scores_per_subset": {"PB": {"precision": 0.6617647058823529, "recall": 0.391304347826087, "f-measure": 0.4918032786885246}, "HV": {"precision": 0.6451612903225806, "recall": 0.5, "f-measure": 0.5633802816901409}}, "scores_per_audiofile": {"BUK5_20161101_002104a.wav": {"precision": 0.859375, "recall": 0.625, "f-measure": 0.7236842105263158}, "BUK1_20181011_001004.wav": {"precision": 0.8076923076923077, "recall": 0.6774193548387096, "f-measure": 0.7368421052631579}, "BUK1_20181013_023504.wav": {"precision": 0.3333333333333333, "recall": 0.16666666666666666, "f-measure": 0.2222222222222222}, "BUK4_20161011_000804.wav": {"precision": 0.08333333333333333, "recall": 0.02127659574468085, "f-measure": 0.03389830508474576}, "BUK4_20171022_004304a.wav": {"precision": 0.42857142857142855, "recall": 0.5294117647058824, "f-measure": 0.47368421052631576}, "BUK5_20180921_015906a.wav": {"precision": 1e-05, "recall": 1e-05, "f-measure": 1e-05}, "n1.wav": {"precision": 0.2857142857142857, "recall": 0.1111111111111111, "f-measure": 0.16}, "a1.wav": {"precision": 0.75, "recall": 0.8181818181818182, "f-measure": 0.782608695652174}}}