{"team_name": "PKU_ADSP", "set_name": "VAL", "report_date": "24042021_22_07_00", "overall_scores": {"precision": 0.6235816477553034, "recall": 0.43686635944700464, "fmeasure (percentage)": 51.379}, "scores_per_subset": {"PB": {"precision": 0.632, "recall": 0.34347826086956523, "f-measure": 0.4450704225352113}, "HV": {"precision": 0.6153846153846154, "recall": 0.6, "f-measure": 0.6075949367088608}}, "scores_per_audiofile": {"BUK5_20161101_002104a.wav": {"precision": 0.9433962264150944, "recall": 0.5681818181818182, "f-measure": 0.7092198581560284}, "BUK1_20181011_001004.wav": {"precision": 0.6129032258064516, "recall": 0.6129032258064516, "f-measure": 0.6129032258064516}, "BUK1_20181013_023504.wav": {"precision": 0.15384615384615385, "recall": 0.08333333333333333, "f-measure": 0.10810810810810811}, "BUK4_20161011_000804.wav": {"precision": 0.1111111111111111, "recall": 0.02127659574468085, "f-measure": 0.03571428571428571}, "BUK4_20171022_004304a.wav": {"precision": 0.4, "recall": 0.35294117647058826, "f-measure": 0.375}, "BUK5_20180921_015906a.wav": {"precision": 0.25, "recall": 0.043478260869565216, "f-measure": 0.07407407407407407}, "n1.wav": {"precision": 0.42857142857142855, "recall": 0.3333333333333333, "f-measure": 0.375}, "a1.wav": {"precision": 0.72, "recall": 0.8181818181818182, "f-measure": 0.7659574468085106}}}