{"team_name": "PKU_ADSP", "set_name": "VAL", "report_date": "24042021_21_58_43", "overall_scores": {"precision": 0.6314682372738746, "recall": 0.39867197875166005, "fmeasure (percentage)": 48.877}, "scores_per_subset": {"PB": {"precision": 0.6991150442477876, "recall": 0.34347826086956523, "f-measure": 0.4606413994169096}, "HV": {"precision": 0.5757575757575758, "recall": 0.475, "f-measure": 0.5205479452054794}}, "scores_per_audiofile": {"BUK5_20161101_002104a.wav": {"precision": 0.9649122807017544, "recall": 0.625, "f-measure": 0.7586206896551724}, "BUK1_20181011_001004.wav": {"precision": 0.7222222222222222, "recall": 0.41935483870967744, "f-measure": 0.5306122448979592}, "BUK1_20181013_023504.wav": {"precision": 0.2727272727272727, "recall": 0.125, "f-measure": 0.17142857142857143}, "BUK4_20161011_000804.wav": {"precision": 0.25, "recall": 0.0425531914893617, "f-measure": 0.07272727272727272}, "BUK4_20171022_004304a.wav": {"precision": 0.4, "recall": 0.35294117647058826, "f-measure": 0.375}, "BUK5_20180921_015906a.wav": {"precision": 1e-05, "recall": 1e-05, "f-measure": 1e-05}, "n1.wav": {"precision": 0.1111111111111111, "recall": 0.05555555555555555, "f-measure": 0.07407407407407407}, "a1.wav": {"precision": 0.75, "recall": 0.8181818181818182, "f-measure": 0.782608695652174}}}