{"team_name": "PKU_ADSP", "set_name": "VAL", "report_date": "11042021_17_25_16", "overall_scores": {"precision": 0.045916114790286976, "recall": 0.14444444444444443, "fmeasure (percentage)": 6.968}, "scores_per_subset": {"PB": {"precision": 0.14689265536723164, "recall": 0.11304347826086956, "f-measure": 0.12776412776412777}, "HV": {"precision": 0.027210884353741496, "recall": 0.2, "f-measure": 0.04790419161676647}}, "scores_per_audiofile": {"BUK5_20161101_002104a.wav": {"precision": 0.19767441860465115, "recall": 0.19318181818181818, "f-measure": 0.19540229885057472}, "BUK1_20181011_001004.wav": {"precision": 0.10526315789473684, "recall": 0.06451612903225806, "f-measure": 0.08}, "BUK1_20181013_023504.wav": {"precision": 0.3076923076923077, "recall": 0.16666666666666666, "f-measure": 0.21621621621621623}, "BUK4_20161011_000804.wav": {"precision": 0.044444444444444446, "recall": 0.0425531914893617, "f-measure": 0.043478260869565216}, "BUK4_20171022_004304a.wav": {"precision": 0.09090909090909091, "recall": 0.058823529411764705, "f-measure": 0.07142857142857142}, "BUK5_20180921_015906a.wav": {"precision": 1e-05, "recall": 1e-05, "f-measure": 1e-05}, "n1.wav": {"precision": 1e-05, "recall": 1e-05, "f-measure": 1e-05}, "a1.wav": {"precision": 0.04419889502762431, "recall": 0.36363636363636365, "f-measure": 0.07881773399014778}}}