{"team_name": "PKU_ADSP", "set_name": "VAL", "report_date": "17042021_22_17_52", "overall_scores": {"precision": 0.5229357798165137, "recall": 0.4261682242990654, "fmeasure (percentage)": 46.962}, "scores_per_subset": {"PB": {"precision": 0.6031746031746031, "recall": 0.33043478260869563, "f-measure": 0.42696629213483145}, "HV": {"precision": 0.46153846153846156, "recall": 0.6, "f-measure": 0.5217391304347826}}, "scores_per_audiofile": {"BUK5_20161101_002104a.wav": {"precision": 0.9787234042553191, "recall": 0.5227272727272727, "f-measure": 0.6814814814814815}, "BUK1_20181011_001004.wav": {"precision": 0.7619047619047619, "recall": 0.5161290322580645, "f-measure": 0.6153846153846154}, "BUK1_20181013_023504.wav": {"precision": 0.1875, "recall": 0.125, "f-measure": 0.15}, "BUK4_20161011_000804.wav": {"precision": 0.16666666666666666, "recall": 0.0425531914893617, "f-measure": 0.06779661016949153}, "BUK4_20171022_004304a.wav": {"precision": 0.5, "recall": 0.47058823529411764, "f-measure": 0.48484848484848486}, "BUK5_20180921_015906a.wav": {"precision": 0.07142857142857142, "recall": 0.043478260869565216, "f-measure": 0.05405405405405406}, "n1.wav": {"precision": 0.21052631578947367, "recall": 0.2222222222222222, "f-measure": 0.21621621621621623}, "a1.wav": {"precision": 0.6060606060606061, "recall": 0.9090909090909091, "f-measure": 0.7272727272727273}}}