{"team_name": "PKU_ADSP", "set_name": "VAL", "report_date": "26042021_20_35_08", "overall_scores": {"precision": 0.5292486831161629, "recall": 0.4434378629500581, "fmeasure (percentage)": 48.256}, "scores_per_subset": {"PB": {"precision": 0.6587301587301587, "recall": 0.36086956521739133, "f-measure": 0.46629213483146065}, "HV": {"precision": 0.4423076923076923, "recall": 0.575, "f-measure": 0.5}}, "scores_per_audiofile": {"BUK5_20161101_002104a.wav": {"precision": 0.9298245614035088, "recall": 0.6022727272727273, "f-measure": 0.7310344827586207}, "BUK1_20181011_001004.wav": {"precision": 0.6153846153846154, "recall": 0.5161290322580645, "f-measure": 0.5614035087719298}, "BUK1_20181013_023504.wav": {"precision": 0.3076923076923077, "recall": 0.16666666666666666, "f-measure": 0.21621621621621623}, "BUK4_20161011_000804.wav": {"precision": 0.3, "recall": 0.06382978723404255, "f-measure": 0.10526315789473684}, "BUK4_20171022_004304a.wav": {"precision": 0.42857142857142855, "recall": 0.35294117647058826, "f-measure": 0.3870967741935484}, "BUK5_20180921_015906a.wav": {"precision": 0.16666666666666666, "recall": 0.043478260869565216, "f-measure": 0.06896551724137931}, "n1.wav": {"precision": 0.15384615384615385, "recall": 0.2222222222222222, "f-measure": 0.18181818181818182}, "a1.wav": {"precision": 0.7307692307692307, "recall": 0.8636363636363636, "f-measure": 0.7916666666666666}}}