{"team_name": "PKU_ADSP", "set_name": "VAL", "report_date": "11042021_15_45_39", "overall_scores": {"precision": 0.011906140528647115, "recall": 0.5571549534292972, "fmeasure (percentage)": 2.331}, "scores_per_subset": {"PB": {"precision": 0.0090315142198309, "recall": 0.40869565217391307, "f-measure": 0.017672494829855237}, "HV": {"precision": 0.01746506986027944, "recall": 0.875, "f-measure": 0.03424657534246575}}, "scores_per_audiofile": {"BUK5_20161101_002104a.wav": {"precision": 0.030470914127423823, "recall": 0.625, "f-measure": 0.05810882197569995}, "BUK1_20181011_001004.wav": {"precision": 0.003305102251600909, "recall": 0.5161290322580645, "f-measure": 0.006568144499178982}, "BUK1_20181013_023504.wav": {"precision": 0.004149377593360996, "recall": 0.16666666666666666, "f-measure": 0.008097165991902834}, "BUK4_20161011_000804.wav": {"precision": 0.02459016393442623, "recall": 0.06382978723404255, "f-measure": 0.03550295857988166}, "BUK4_20171022_004304a.wav": {"precision": 0.036303630363036306, "recall": 0.6470588235294118, "f-measure": 0.06875}, "BUK5_20180921_015906a.wav": {"precision": 0.002107037505267594, "recall": 0.21739130434782608, "f-measure": 0.004173622704507512}, "n1.wav": {"precision": 0.009433962264150943, "recall": 0.7777777777777778, "f-measure": 0.018641810918774968}, "a1.wav": {"precision": 0.04038461538461539, "recall": 0.9545454545454546, "f-measure": 0.07749077490774908}}}