{"team_name": "PKU_ADSP", "set_name": "VAL", "report_date": "13062021_17_25_24", "overall_scores": {"precision": 0.4451321114020471, "recall": 0.5104640582347588, "fmeasure (percentage)": 47.556}, "scores_per_subset": {"PB": {"precision": 0.4696132596685083, "recall": 0.3695652173913043, "f-measure": 0.41362530413625304}, "HV": {"precision": 0.4230769230769231, "recall": 0.825, "f-measure": 0.559322033898305}}, "scores_per_audiofile": {"BUK5_20161101_002104a.wav": {"precision": 0.9607843137254902, "recall": 0.5568181818181818, "f-measure": 0.7050359712230215}, "BUK1_20181011_001004.wav": {"precision": 0.3157894736842105, "recall": 0.7741935483870968, "f-measure": 0.4485981308411215}, "BUK1_20181013_023504.wav": {"precision": 0.058823529411764705, "recall": 0.041666666666666664, "f-measure": 0.04878048780487805}, "BUK4_20161011_000804.wav": {"precision": 0.23076923076923078, "recall": 0.06382978723404255, "f-measure": 0.1}, "BUK4_20171022_004304a.wav": {"precision": 0.5, "recall": 0.47058823529411764, "f-measure": 0.48484848484848486}, "BUK5_20180921_015906a.wav": {"precision": 1e-05, "recall": 1e-05, "f-measure": 1e-05}, "n1.wav": {"precision": 0.2708333333333333, "recall": 0.7222222222222222, "f-measure": 0.3939393939393939}, "a1.wav": {"precision": 0.6666666666666666, "recall": 0.9090909090909091, "f-measure": 0.7692307692307693}}}