{"team_name": "PKU_ADSP", "set_name": "VAL", "report_date": "27042021_22_38_17", "overall_scores": {"precision": 0.2874132804757185, "recall": 0.4498448810754912, "fmeasure (percentage)": 35.074}, "scores_per_subset": {"PB": {"precision": 0.23809523809523808, "recall": 0.32608695652173914, "f-measure": 0.27522935779816515}, "HV": {"precision": 0.3625, "recall": 0.725, "f-measure": 0.48333333333333334}}, "scores_per_audiofile": {"BUK5_20161101_002104a.wav": {"precision": 0.9761904761904762, "recall": 0.4659090909090909, "f-measure": 0.6307692307692307}, "BUK1_20181011_001004.wav": {"precision": 0.10849056603773585, "recall": 0.7419354838709677, "f-measure": 0.18930041152263374}, "BUK1_20181013_023504.wav": {"precision": 0.13333333333333333, "recall": 0.08333333333333333, "f-measure": 0.10256410256410256}, "BUK4_20161011_000804.wav": {"precision": 0.05, "recall": 0.02127659574468085, "f-measure": 0.029850746268656716}, "BUK4_20171022_004304a.wav": {"precision": 0.5454545454545454, "recall": 0.35294117647058826, "f-measure": 0.42857142857142855}, "BUK5_20180921_015906a.wav": {"precision": 0.13333333333333333, "recall": 0.08695652173913043, "f-measure": 0.10526315789473684}, "n1.wav": {"precision": 0.17647058823529413, "recall": 0.5, "f-measure": 0.2608695652173913}, "a1.wav": {"precision": 0.6896551724137931, "recall": 0.9090909090909091, "f-measure": 0.7843137254901961}}}