{"team_name": "PKU_ADSP", "set_name": "VAL", "report_date": "12062021_15_25_19", "overall_scores": {"precision": 0.5886402753872634, "recall": 0.4044678055190539, "fmeasure (percentage)": 47.948}, "scores_per_subset": {"PB": {"precision": 0.6428571428571429, "recall": 0.3521739130434783, "f-measure": 0.4550561797752809}, "HV": {"precision": 0.5428571428571428, "recall": 0.475, "f-measure": 0.5066666666666667}}, "scores_per_audiofile": {"BUK5_20161101_002104a.wav": {"precision": 0.9433962264150944, "recall": 0.5681818181818182, "f-measure": 0.7092198581560284}, "BUK1_20181011_001004.wav": {"precision": 0.6428571428571429, "recall": 0.5806451612903226, "f-measure": 0.6101694915254238}, "BUK1_20181013_023504.wav": {"precision": 0.15384615384615385, "recall": 0.08333333333333333, "f-measure": 0.10810810810810811}, "BUK4_20161011_000804.wav": {"precision": 0.2222222222222222, "recall": 0.0425531914893617, "f-measure": 0.07142857142857142}, "BUK4_20171022_004304a.wav": {"precision": 0.42857142857142855, "recall": 0.5294117647058824, "f-measure": 0.47368421052631576}, "BUK5_20180921_015906a.wav": {"precision": 1e-05, "recall": 1e-05, "f-measure": 1e-05}, "n1.wav": {"precision": 0.14285714285714285, "recall": 0.1111111111111111, "f-measure": 0.125}, "a1.wav": {"precision": 0.8095238095238095, "recall": 0.7727272727272727, "f-measure": 0.7906976744186046}}}