{"team_name": "PKU_ADSP", "set_name": "VAL", "report_date": "23042021_11_29_31", "overall_scores": {"precision": 0.6293348493462194, "recall": 0.4665964172813489, "fmeasure (percentage)": 53.588}, "scores_per_subset": {"PB": {"precision": 0.6307692307692307, "recall": 0.3565217391304348, "f-measure": 0.45555555555555555}, "HV": {"precision": 0.627906976744186, "recall": 0.675, "f-measure": 0.6506024096385542}}, "scores_per_audiofile": {"BUK5_20161101_002104a.wav": {"precision": 0.9, "recall": 0.6136363636363636, "f-measure": 0.7297297297297297}, "BUK1_20181011_001004.wav": {"precision": 0.7, "recall": 0.45161290322580644, "f-measure": 0.5490196078431373}, "BUK1_20181013_023504.wav": {"precision": 0.13333333333333333, "recall": 0.08333333333333333, "f-measure": 0.10256410256410256}, "BUK4_20161011_000804.wav": {"precision": 0.23076923076923078, "recall": 0.06382978723404255, "f-measure": 0.1}, "BUK4_20171022_004304a.wav": {"precision": 0.45, "recall": 0.5294117647058824, "f-measure": 0.4864864864864865}, "BUK5_20180921_015906a.wav": {"precision": 1e-05, "recall": 1e-05, "f-measure": 1e-05}, "n1.wav": {"precision": 0.5, "recall": 0.4444444444444444, "f-measure": 0.47058823529411764}, "a1.wav": {"precision": 0.7037037037037037, "recall": 0.8636363636363636, "f-measure": 0.7755102040816326}}}