{"team_name": "PKU_ADSP", "set_name": "VAL", "report_date": "07062021_23_17_49", "overall_scores": {"precision": 0.1346063454759107, "recall": 0.4661241098677517, "fmeasure (percentage)": 20.889}, "scores_per_subset": {"PB": {"precision": 0.632, "recall": 0.34347826086956523, "f-measure": 0.4450704225352113}, "HV": {"precision": 0.07532467532467532, "recall": 0.725, "f-measure": 0.13647058823529412}}, "scores_per_audiofile": {"BUK5_20161101_002104a.wav": {"precision": 0.9137931034482759, "recall": 0.6022727272727273, "f-measure": 0.726027397260274}, "BUK1_20181011_001004.wav": {"precision": 0.625, "recall": 0.4838709677419355, "f-measure": 0.5454545454545454}, "BUK1_20181013_023504.wav": {"precision": 0.16666666666666666, "recall": 0.08333333333333333, "f-measure": 0.1111111111111111}, "BUK4_20161011_000804.wav": {"precision": 0.14285714285714285, "recall": 0.0425531914893617, "f-measure": 0.06557377049180328}, "BUK4_20171022_004304a.wav": {"precision": 0.4375, "recall": 0.4117647058823529, "f-measure": 0.42424242424242425}, "BUK5_20180921_015906a.wav": {"precision": 1e-05, "recall": 1e-05, "f-measure": 1e-05}, "n1.wav": {"precision": 0.03287671232876712, "recall": 0.6666666666666666, "f-measure": 0.06266318537859007}, "a1.wav": {"precision": 0.85, "recall": 0.7727272727272727, "f-measure": 0.8095238095238095}}}