{"team_name": "PKU_ADSP", "set_name": "VAL", "report_date": "11042021_16_45_16", "overall_scores": {"precision": 0.09042553191489362, "recall": 0.008085612366230678, "fmeasure (percentage)": 1.484}, "scores_per_subset": {"PB": {"precision": 0.08333333333333333, "recall": 0.004081632653061225, "f-measure": 0.007782101167315175}, "HV": {"precision": 0.09883720930232558, "recall": 0.425, "f-measure": 0.16037735849056603}}, "scores_per_audiofile": {"BUK5_20161101_002104a.wav": {"precision": 0.125, "recall": 0.011363636363636364, "f-measure": 0.020833333333333332}, "BUK1_20181011_001004.wav": {"precision": 1e-05, "recall": 1e-05, "f-measure": 1e-05}, "BUK1_20181013_023504.wav": {"precision": 1e-05, "recall": 1e-05, "f-measure": 1e-05}, "BUK4_20161011_000804.wav": {"precision": 1e-05, "recall": 1e-05, "f-measure": 1e-05}, "BUK4_20171022_004304a.wav": {"precision": 1e-05, "recall": 1e-05, "f-measure": 1e-05}, "BUK5_20180921_015906a.wav": {"precision": 1e-05, "recall": 1e-05, "f-measure": 1e-05}, "n1.wav": {"precision": 1e-05, "recall": 1e-05, "f-measure": 1e-05}, "a1.wav": {"precision": 0.13934426229508196, "recall": 0.7727272727272727, "f-measure": 0.2361111111111111}}}