{"team_name": "PKU_ADSP", "set_name": "VAL", "report_date": "28042021_22_32_41", "overall_scores": {"precision": 0.5399792315680166, "recall": 0.37231503579952263, "fmeasure (percentage)": 44.074}, "scores_per_subset": {"PB": {"precision": 0.6451612903225806, "recall": 0.2608695652173913, "f-measure": 0.3715170278637771}, "HV": {"precision": 0.4642857142857143, "recall": 0.65, "f-measure": 0.5416666666666666}}, "scores_per_audiofile": {"BUK5_20161101_002104a.wav": {"precision": 0.9459459459459459, "recall": 0.3977272727272727, "f-measure": 0.56}, "BUK1_20181011_001004.wav": {"precision": 0.7142857142857143, "recall": 0.3225806451612903, "f-measure": 0.4444444444444444}, "BUK1_20181013_023504.wav": {"precision": 0.4166666666666667, "recall": 0.20833333333333334, "f-measure": 0.2777777777777778}, "BUK4_20161011_000804.wav": {"precision": 0.25, "recall": 0.06382978723404255, "f-measure": 0.1016949152542373}, "BUK4_20171022_004304a.wav": {"precision": 0.625, "recall": 0.29411764705882354, "f-measure": 0.4}, "BUK5_20180921_015906a.wav": {"precision": 0.2, "recall": 0.08695652173913043, "f-measure": 0.12121212121212122}, "n1.wav": {"precision": 0.2222222222222222, "recall": 0.3333333333333333, "f-measure": 0.26666666666666666}, "a1.wav": {"precision": 0.6896551724137931, "recall": 0.9090909090909091, "f-measure": 0.7843137254901961}}}