{"team_name": "PKU_ADSP", "set_name": "VAL", "report_date": "16042021_22_48_41", "overall_scores": {"precision": 0.5360109086401388, "recall": 0.47779005524861884, "fmeasure (percentage)": 50.523}, "scores_per_subset": {"PB": {"precision": 0.5371428571428571, "recall": 0.40869565217391307, "f-measure": 0.4641975308641975}, "HV": {"precision": 0.5348837209302325, "recall": 0.575, "f-measure": 0.5542168674698795}}, "scores_per_audiofile": {"BUK5_20161101_002104a.wav": {"precision": 0.9104477611940298, "recall": 0.6931818181818182, "f-measure": 0.7870967741935484}, "BUK1_20181011_001004.wav": {"precision": 0.6470588235294118, "recall": 0.7096774193548387, "f-measure": 0.676923076923077}, "BUK1_20181013_023504.wav": {"precision": 0.11764705882352941, "recall": 0.08333333333333333, "f-measure": 0.0975609756097561}, "BUK4_20161011_000804.wav": {"precision": 0.03571428571428571, "recall": 0.02127659574468085, "f-measure": 0.02666666666666667}, "BUK4_20171022_004304a.wav": {"precision": 0.4444444444444444, "recall": 0.47058823529411764, "f-measure": 0.45714285714285713}, "BUK5_20180921_015906a.wav": {"precision": 1e-05, "recall": 1e-05, "f-measure": 1e-05}, "n1.wav": {"precision": 0.2727272727272727, "recall": 0.16666666666666666, "f-measure": 0.20689655172413793}, "a1.wav": {"precision": 0.625, "recall": 0.9090909090909091, "f-measure": 0.7407407407407407}}}