{"team_name": "PKU_ADSP", "set_name": "VAL", "report_date": "12062021_11_53_32", "overall_scores": {"precision": 0.6212847555129435, "recall": 0.3745664739884393, "fmeasure (percentage)": 46.736}, "scores_per_subset": {"PB": {"precision": 0.680672268907563, "recall": 0.3521739130434783, "f-measure": 0.46418338108882523}, "HV": {"precision": 0.5714285714285714, "recall": 0.4, "f-measure": 0.47058823529411764}}, "scores_per_audiofile": {"BUK5_20161101_002104a.wav": {"precision": 0.9245283018867925, "recall": 0.5568181818181818, "f-measure": 0.6950354609929078}, "BUK1_20181011_001004.wav": {"precision": 0.75, "recall": 0.5806451612903226, "f-measure": 0.6545454545454545}, "BUK1_20181013_023504.wav": {"precision": 0.18181818181818182, "recall": 0.08333333333333333, "f-measure": 0.11428571428571428}, "BUK4_20161011_000804.wav": {"precision": 0.375, "recall": 0.06382978723404255, "f-measure": 0.10909090909090909}, "BUK4_20171022_004304a.wav": {"precision": 0.42857142857142855, "recall": 0.5294117647058824, "f-measure": 0.47368421052631576}, "BUK5_20180921_015906a.wav": {"precision": 1e-05, "recall": 1e-05, "f-measure": 1e-05}, "n1.wav": {"precision": 0.1111111111111111, "recall": 0.05555555555555555, "f-measure": 0.07407407407407407}, "a1.wav": {"precision": 0.7894736842105263, "recall": 0.6818181818181818, "f-measure": 0.7317073170731707}}}