{"team_name": "PKU_ADSP", "set_name": "VAL", "report_date": "11042021_17_26_18", "overall_scores": {"precision": 0.04060913705583756, "recall": 0.007823960880195598, "fmeasure (percentage)": 1.312}, "scores_per_subset": {"PB": {"precision": 0.05, "recall": 0.004, "f-measure": 0.007407407407407408}, "HV": {"precision": 0.03418803418803419, "recall": 0.17777777777777778, "f-measure": 0.05734767025089606}}, "scores_per_audiofile": {"BUK5_20161101_002104a.wav": {"precision": 1e-05, "recall": 1e-05, "f-measure": 1e-05}, "BUK1_20181011_001004.wav": {"precision": 1e-05, "recall": 1e-05, "f-measure": 1e-05}, "BUK1_20181013_023504.wav": {"precision": 1e-05, "recall": 1e-05, "f-measure": 1e-05}, "BUK4_20161011_000804.wav": {"precision": 0.0625, "recall": 0.02127659574468085, "f-measure": 0.031746031746031744}, "BUK4_20171022_004304a.wav": {"precision": 1e-05, "recall": 1e-05, "f-measure": 1e-05}, "BUK5_20180921_015906a.wav": {"precision": 1e-05, "recall": 1e-05, "f-measure": 1e-05}, "n1.wav": {"precision": 1e-05, "recall": 1e-05, "f-measure": 1e-05}, "a1.wav": {"precision": 0.03418803418803419, "recall": 0.36363636363636365, "f-measure": 0.0625}}}