{"team_name": "PKU_ADSP", "set_name": "VAL", "report_date": "13042021_17_59_17", "overall_scores": {"precision": 0.28378378378378377, "recall": 0.2986666666666667, "fmeasure (percentage)": 29.104}, "scores_per_subset": {"PB": {"precision": 0.25, "recall": 0.20869565217391303, "f-measure": 0.22748815165876776}, "HV": {"precision": 0.328125, "recall": 0.525, "f-measure": 0.40384615384615385}}, "scores_per_audiofile": {"BUK5_20161101_002104a.wav": {"precision": 0.4507042253521127, "recall": 0.36363636363636365, "f-measure": 0.4025157232704403}, "BUK1_20181011_001004.wav": {"precision": 0.21739130434782608, "recall": 0.16129032258064516, "f-measure": 0.18518518518518517}, "BUK1_20181013_023504.wav": {"precision": 0.09090909090909091, "recall": 0.16666666666666666, "f-measure": 0.11764705882352941}, "BUK4_20161011_000804.wav": {"precision": 1e-05, "recall": 1e-05, "f-measure": 1e-05}, "BUK4_20171022_004304a.wav": {"precision": 0.5833333333333334, "recall": 0.4117647058823529, "f-measure": 0.4827586206896552}, "BUK5_20180921_015906a.wav": {"precision": 1e-05, "recall": 1e-05, "f-measure": 1e-05}, "n1.wav": {"precision": 0.08571428571428572, "recall": 0.16666666666666666, "f-measure": 0.11320754716981132}, "a1.wav": {"precision": 0.6206896551724138, "recall": 0.8181818181818182, "f-measure": 0.7058823529411765}}}