{"team_name": "PKU_ADSP", "set_name": "VAL", "report_date": "07062021_23_09_44", "overall_scores": {"precision": 0.5216178521617852, "recall": 0.5104640582347588, "fmeasure (percentage)": 51.598}, "scores_per_subset": {"PB": {"precision": 0.68, "recall": 0.3695652173913043, "f-measure": 0.4788732394366197}, "HV": {"precision": 0.4230769230769231, "recall": 0.825, "f-measure": 0.559322033898305}}, "scores_per_audiofile": {"BUK5_20161101_002104a.wav": {"precision": 0.9636363636363636, "recall": 0.6022727272727273, "f-measure": 0.7412587412587412}, "BUK1_20181011_001004.wav": {"precision": 0.84, "recall": 0.6774193548387096, "f-measure": 0.75}, "BUK1_20181013_023504.wav": {"precision": 0.26666666666666666, "recall": 0.16666666666666666, "f-measure": 0.20512820512820512}, "BUK4_20161011_000804.wav": {"precision": 1e-05, "recall": 1e-05, "f-measure": 1e-05}, "BUK4_20171022_004304a.wav": {"precision": 0.4666666666666667, "recall": 0.4117647058823529, "f-measure": 0.4375}, "BUK5_20180921_015906a.wav": {"precision": 1e-05, "recall": 1e-05, "f-measure": 1e-05}, "n1.wav": {"precision": 0.28, "recall": 0.7777777777777778, "f-measure": 0.4117647058823529}, "a1.wav": {"precision": 0.6785714285714286, "recall": 0.8636363636363636, "f-measure": 0.76}}}