{"team_name": "PKU_ADSP", "set_name": "VAL", "report_date": "11042021_23_23_09", "overall_scores": {"precision": 0.051902093777646714, "recall": 0.12941176470588234, "fmeasure (percentage)": 7.409}, "scores_per_subset": {"PB": {"precision": 0.10091743119266056, "recall": 0.09565217391304348, "f-measure": 0.09821428571428571}, "HV": {"precision": 0.034934497816593885, "recall": 0.2, "f-measure": 0.05947955390334572}}, "scores_per_audiofile": {"BUK5_20161101_002104a.wav": {"precision": 0.21666666666666667, "recall": 0.14772727272727273, "f-measure": 0.17567567567567569}, "BUK1_20181011_001004.wav": {"precision": 0.022727272727272728, "recall": 0.06451612903225806, "f-measure": 0.03361344537815126}, "BUK1_20181013_023504.wav": {"precision": 0.36363636363636365, "recall": 0.16666666666666666, "f-measure": 0.22857142857142856}, "BUK4_20161011_000804.wav": {"precision": 0.04, "recall": 0.0425531914893617, "f-measure": 0.041237113402061855}, "BUK4_20171022_004304a.wav": {"precision": 0.125, "recall": 0.058823529411764705, "f-measure": 0.08}, "BUK5_20180921_015906a.wav": {"precision": 1e-05, "recall": 1e-05, "f-measure": 1e-05}, "n1.wav": {"precision": 1e-05, "recall": 1e-05, "f-measure": 1e-05}, "a1.wav": {"precision": 0.03619909502262444, "recall": 0.36363636363636365, "f-measure": 0.06584362139917696}}}