{"team_name": "PKU_ADSP", "set_name": "VAL", "report_date": "10042021_18_12_50", "overall_scores": {"precision": 0.002488746172531453, "recall": 0.4563614744351962, "fmeasure (percentage)": 0.495}, "scores_per_subset": {"PB": {"precision": 0.0037492111808159175, "recall": 0.4391304347826087, "f-measure": 0.007434944237918215}, "HV": {"precision": 0.0018625624938731497, "recall": 0.475, "f-measure": 0.0037105751391465678}}, "scores_per_audiofile": {"BUK5_20161101_002104a.wav": {"precision": 0.012817679558011049, "recall": 0.6590909090909091, "f-measure": 0.025146325601560805}, "BUK1_20181011_001004.wav": {"precision": 0.004309416074121957, "recall": 0.6451612903225806, "f-measure": 0.008561643835616438}, "BUK1_20181013_023504.wav": {"precision": 0.00020721094073767094, "recall": 0.041666666666666664, "f-measure": 0.0004123711340206186}, "BUK4_20161011_000804.wav": {"precision": 0.0006628369421122404, "recall": 0.06382978723404255, "f-measure": 0.001312048983162038}, "BUK4_20171022_004304a.wav": {"precision": 0.004270896888346553, "recall": 0.8235294117647058, "f-measure": 0.008497723823975721}, "BUK5_20180921_015906a.wav": {"precision": 0.0009721952167995333, "recall": 0.21739130434782608, "f-measure": 0.0019357336430507162}, "n1.wav": {"precision": 0.0026972353337828725, "recall": 0.4444444444444444, "f-measure": 0.005361930294906166}, "a1.wav": {"precision": 0.0015203870076019351, "recall": 0.5, "f-measure": 0.0030315557392862065}}}