{"team_name": "PKU_ADSP", "set_name": "VAL", "report_date": "11042021_16_00_32", "overall_scores": {"precision": 0.010371758825367072, "recall": 0.45755237045203967, "fmeasure (percentage)": 2.028}, "scores_per_subset": {"PB": {"precision": 0.019293351929335192, "recall": 0.36086956521739133, "f-measure": 0.03662842012356576}, "HV": {"precision": 0.0070921985815602835, "recall": 0.625, "f-measure": 0.014025245441795231}}, "scores_per_audiofile": {"BUK5_20161101_002104a.wav": {"precision": 0.04035874439461883, "recall": 0.5113636363636364, "f-measure": 0.07481296758104738}, "BUK1_20181011_001004.wav": {"precision": 0.01484375, "recall": 0.6129032258064516, "f-measure": 0.028985507246376812}, "BUK1_20181013_023504.wav": {"precision": 0.011494252873563218, "recall": 0.16666666666666666, "f-measure": 0.021505376344086023}, "BUK4_20161011_000804.wav": {"precision": 0.009900990099009901, "recall": 0.0851063829787234, "f-measure": 0.017738359201773836}, "BUK4_20171022_004304a.wav": {"precision": 0.0199203187250996, "recall": 0.5882352941176471, "f-measure": 0.038535645472061654}, "BUK5_20180921_015906a.wav": {"precision": 0.0015313935681470138, "recall": 0.043478260869565216, "f-measure": 0.0029585798816568047}, "n1.wav": {"precision": 0.001182033096926714, "recall": 0.16666666666666666, "f-measure": 0.002347417840375587}, "a1.wav": {"precision": 0.022289766970618033, "recall": 1.0, "f-measure": 0.04360753221010902}}}