{"team_name": "PKU_ADSP", "set_name": "VAL", "report_date": "12062021_22_42_40", "overall_scores": {"precision": 0.6092809068366986, "recall": 0.427860696517413, "fmeasure (percentage)": 50.27}, "scores_per_subset": {"PB": {"precision": 0.5771812080536913, "recall": 0.3739130434782609, "f-measure": 0.45382585751978893}, "HV": {"precision": 0.6451612903225806, "recall": 0.5, "f-measure": 0.5633802816901409}}, "scores_per_audiofile": {"BUK5_20161101_002104a.wav": {"precision": 0.75, "recall": 0.5795454545454546, "f-measure": 0.6538461538461539}, "BUK1_20181011_001004.wav": {"precision": 0.7, "recall": 0.6774193548387096, "f-measure": 0.6885245901639344}, "BUK1_20181013_023504.wav": {"precision": 0.3333333333333333, "recall": 0.16666666666666666, "f-measure": 0.2222222222222222}, "BUK4_20161011_000804.wav": {"precision": 0.125, "recall": 0.0425531914893617, "f-measure": 0.06349206349206349}, "BUK4_20171022_004304a.wav": {"precision": 0.38095238095238093, "recall": 0.47058823529411764, "f-measure": 0.42105263157894735}, "BUK5_20180921_015906a.wav": {"precision": 1e-05, "recall": 1e-05, "f-measure": 1e-05}, "n1.wav": {"precision": 0.375, "recall": 0.16666666666666666, "f-measure": 0.23076923076923078}, "a1.wav": {"precision": 0.7391304347826086, "recall": 0.7727272727272727, "f-measure": 0.7555555555555555}}}