{"team_name": "PKU_ADSP", "set_name": "VAL", "report_date": "23042021_17_46_57", "overall_scores": {"precision": 0.653067171790762, "recall": 0.47030430220356767, "fmeasure (percentage)": 54.682}, "scores_per_subset": {"PB": {"precision": 0.680327868852459, "recall": 0.36086956521739133, "f-measure": 0.4715909090909091}, "HV": {"precision": 0.627906976744186, "recall": 0.675, "f-measure": 0.6506024096385542}}, "scores_per_audiofile": {"BUK5_20161101_002104a.wav": {"precision": 0.9636363636363636, "recall": 0.6022727272727273, "f-measure": 0.7412587412587412}, "BUK1_20181011_001004.wav": {"precision": 0.68, "recall": 0.5483870967741935, "f-measure": 0.6071428571428571}, "BUK1_20181013_023504.wav": {"precision": 0.16666666666666666, "recall": 0.08333333333333333, "f-measure": 0.1111111111111111}, "BUK4_20161011_000804.wav": {"precision": 0.25, "recall": 0.0425531914893617, "f-measure": 0.07272727272727272}, "BUK4_20171022_004304a.wav": {"precision": 0.5, "recall": 0.47058823529411764, "f-measure": 0.48484848484848486}, "BUK5_20180921_015906a.wav": {"precision": 0.16666666666666666, "recall": 0.043478260869565216, "f-measure": 0.06896551724137931}, "n1.wav": {"precision": 0.5, "recall": 0.4444444444444444, "f-measure": 0.47058823529411764}, "a1.wav": {"precision": 0.7037037037037037, "recall": 0.8636363636363636, "f-measure": 0.7755102040816326}}}