{"team_name": "PKU_ADSP", "set_name": "VAL", "report_date": "12062021_16_49_11", "overall_scores": {"precision": 0.5853658536585366, "recall": 0.4307692307692308, "fmeasure (percentage)": 49.631}, "scores_per_subset": {"PB": {"precision": 0.7567567567567568, "recall": 0.3652173913043478, "f-measure": 0.49266862170087977}, "HV": {"precision": 0.4772727272727273, "recall": 0.525, "f-measure": 0.5}}, "scores_per_audiofile": {"BUK5_20161101_002104a.wav": {"precision": 0.9636363636363636, "recall": 0.6022727272727273, "f-measure": 0.7412587412587412}, "BUK1_20181011_001004.wav": {"precision": 0.8181818181818182, "recall": 0.5806451612903226, "f-measure": 0.6792452830188679}, "BUK1_20181013_023504.wav": {"precision": 0.375, "recall": 0.125, "f-measure": 0.1875}, "BUK4_20161011_000804.wav": {"precision": 0.2857142857142857, "recall": 0.0425531914893617, "f-measure": 0.07407407407407407}, "BUK4_20171022_004304a.wav": {"precision": 0.47058823529411764, "recall": 0.47058823529411764, "f-measure": 0.47058823529411764}, "BUK5_20180921_015906a.wav": {"precision": 1e-05, "recall": 1e-05, "f-measure": 1e-05}, "n1.wav": {"precision": 0.10526315789473684, "recall": 0.1111111111111111, "f-measure": 0.10810810810810811}, "a1.wav": {"precision": 0.76, "recall": 0.8636363636363636, "f-measure": 0.8085106382978723}}}