{"team_name": "PKU_ADSP", "set_name": "VAL", "report_date": "16042021_21_57_16", "overall_scores": {"precision": 0.5217839649394174, "recall": 0.4631578947368421, "fmeasure (percentage)": 49.073}, "scores_per_subset": {"PB": {"precision": 0.519774011299435, "recall": 0.4, "f-measure": 0.4520884520884521}, "HV": {"precision": 0.5238095238095238, "recall": 0.55, "f-measure": 0.5365853658536586}}, "scores_per_audiofile": {"BUK5_20161101_002104a.wav": {"precision": 0.9365079365079365, "recall": 0.6704545454545454, "f-measure": 0.7814569536423841}, "BUK1_20181011_001004.wav": {"precision": 0.4489795918367347, "recall": 0.7096774193548387, "f-measure": 0.55}, "BUK1_20181013_023504.wav": {"precision": 0.125, "recall": 0.08333333333333333, "f-measure": 0.1}, "BUK4_20161011_000804.wav": {"precision": 1e-05, "recall": 1e-05, "f-measure": 1e-05}, "BUK4_20171022_004304a.wav": {"precision": 0.42105263157894735, "recall": 0.47058823529411764, "f-measure": 0.4444444444444444}, "BUK5_20180921_015906a.wav": {"precision": 0.1111111111111111, "recall": 0.043478260869565216, "f-measure": 0.0625}, "n1.wav": {"precision": 0.16666666666666666, "recall": 0.1111111111111111, "f-measure": 0.13333333333333333}, "a1.wav": {"precision": 0.6666666666666666, "recall": 0.9090909090909091, "f-measure": 0.7692307692307693}}}