{"team_name": "PKU_ADSP", "set_name": "VAL", "report_date": "17042021_22_13_53", "overall_scores": {"precision": 0.48123572283259, "recall": 0.4608333333333334, "fmeasure (percentage)": 47.081}, "scores_per_subset": {"PB": {"precision": 0.6171875, "recall": 0.34347826086956523, "f-measure": 0.441340782122905}, "HV": {"precision": 0.39436619718309857, "recall": 0.7, "f-measure": 0.5045045045045045}}, "scores_per_audiofile": {"BUK5_20161101_002104a.wav": {"precision": 0.9583333333333334, "recall": 0.5227272727272727, "f-measure": 0.6764705882352942}, "BUK1_20181011_001004.wav": {"precision": 0.782608695652174, "recall": 0.5806451612903226, "f-measure": 0.6666666666666666}, "BUK1_20181013_023504.wav": {"precision": 0.125, "recall": 0.08333333333333333, "f-measure": 0.1}, "BUK4_20161011_000804.wav": {"precision": 0.23076923076923078, "recall": 0.06382978723404255, "f-measure": 0.1}, "BUK4_20171022_004304a.wav": {"precision": 0.5, "recall": 0.47058823529411764, "f-measure": 0.48484848484848486}, "BUK5_20180921_015906a.wav": {"precision": 0.16666666666666666, "recall": 0.08695652173913043, "f-measure": 0.11428571428571428}, "n1.wav": {"precision": 0.20512820512820512, "recall": 0.4444444444444444, "f-measure": 0.2807017543859649}, "a1.wav": {"precision": 0.625, "recall": 0.9090909090909091, "f-measure": 0.7407407407407407}}}