{"team_name": "PKU_ADSP", "set_name": "VAL", "report_date": "08062021_12_03_40", "overall_scores": {"precision": 0.4096289400186195, "recall": 0.4010416666666667, "fmeasure (percentage)": 40.529}, "scores_per_subset": {"PB": {"precision": 0.652542372881356, "recall": 0.3347826086956522, "f-measure": 0.4425287356321839}, "HV": {"precision": 0.29850746268656714, "recall": 0.5, "f-measure": 0.37383177570093457}}, "scores_per_audiofile": {"BUK5_20161101_002104a.wav": {"precision": 0.8852459016393442, "recall": 0.6136363636363636, "f-measure": 0.7248322147651006}, "BUK1_20181011_001004.wav": {"precision": 0.7, "recall": 0.45161290322580644, "f-measure": 0.5490196078431373}, "BUK1_20181013_023504.wav": {"precision": 0.2857142857142857, "recall": 0.08333333333333333, "f-measure": 0.12903225806451613}, "BUK4_20161011_000804.wav": {"precision": 0.07692307692307693, "recall": 0.02127659574468085, "f-measure": 0.03333333333333333}, "BUK4_20171022_004304a.wav": {"precision": 0.4, "recall": 0.35294117647058826, "f-measure": 0.375}, "BUK5_20180921_015906a.wav": {"precision": 1e-05, "recall": 1e-05, "f-measure": 1e-05}, "n1.wav": {"precision": 0.023809523809523808, "recall": 0.05555555555555555, "f-measure": 0.03333333333333333}, "a1.wav": {"precision": 0.76, "recall": 0.8636363636363636, "f-measure": 0.8085106382978723}}}