{"team_name": "PKU_ADSP", "set_name": "VAL", "report_date": "03052021_15_09_14", "overall_scores": {"precision": 0.6067366579177603, "recall": 0.38052126200274344, "fmeasure (percentage)": 46.771}, "scores_per_subset": {"PB": {"precision": 0.6636363636363637, "recall": 0.3173913043478261, "f-measure": 0.4294117647058823}, "HV": {"precision": 0.5588235294117647, "recall": 0.475, "f-measure": 0.5135135135135135}}, "scores_per_audiofile": {"BUK5_20161101_002104a.wav": {"precision": 0.9782608695652174, "recall": 0.5113636363636364, "f-measure": 0.6716417910447762}, "BUK1_20181011_001004.wav": {"precision": 0.6153846153846154, "recall": 0.5161290322580645, "f-measure": 0.5614035087719298}, "BUK1_20181013_023504.wav": {"precision": 0.36363636363636365, "recall": 0.16666666666666666, "f-measure": 0.22857142857142856}, "BUK4_20161011_000804.wav": {"precision": 0.14285714285714285, "recall": 0.02127659574468085, "f-measure": 0.037037037037037035}, "BUK4_20171022_004304a.wav": {"precision": 0.5, "recall": 0.4117647058823529, "f-measure": 0.45161290322580644}, "BUK5_20180921_015906a.wav": {"precision": 1e-05, "recall": 1e-05, "f-measure": 1e-05}, "n1.wav": {"precision": 1e-05, "recall": 1e-05, "f-measure": 1e-05}, "a1.wav": {"precision": 0.6333333333333333, "recall": 0.8636363636363636, "f-measure": 0.7307692307692307}}}