{"team_name": "PKU_ADSP", "set_name": "VAL", "report_date": "12062021_15_29_49", "overall_scores": {"precision": 0.6504065040650406, "recall": 0.41025641025641024, "fmeasure (percentage)": 50.314}, "scores_per_subset": {"PB": {"precision": 0.6779661016949152, "recall": 0.34782608695652173, "f-measure": 0.45977011494252873}, "HV": {"precision": 0.625, "recall": 0.5, "f-measure": 0.5555555555555556}}, "scores_per_audiofile": {"BUK5_20161101_002104a.wav": {"precision": 0.9230769230769231, "recall": 0.5454545454545454, "f-measure": 0.6857142857142857}, "BUK1_20181011_001004.wav": {"precision": 0.782608695652174, "recall": 0.5806451612903226, "f-measure": 0.6666666666666666}, "BUK1_20181013_023504.wav": {"precision": 0.18181818181818182, "recall": 0.08333333333333333, "f-measure": 0.11428571428571428}, "BUK4_20161011_000804.wav": {"precision": 0.3333333333333333, "recall": 0.06382978723404255, "f-measure": 0.10714285714285714}, "BUK4_20171022_004304a.wav": {"precision": 0.42857142857142855, "recall": 0.5294117647058824, "f-measure": 0.47368421052631576}, "BUK5_20180921_015906a.wav": {"precision": 1e-05, "recall": 1e-05, "f-measure": 1e-05}, "n1.wav": {"precision": 0.125, "recall": 0.05555555555555555, "f-measure": 0.07692307692307693}, "a1.wav": {"precision": 0.7916666666666666, "recall": 0.8636363636363636, "f-measure": 0.8260869565217391}}}