{"team_name": "PKU_ADSP", "set_name": "VAL", "report_date": "11042021_16_58_00", "overall_scores": {"precision": 0.0851581508515815, "recall": 0.18421052631578946, "fmeasure (percentage)": 11.647}, "scores_per_subset": {"PB": {"precision": 0.12681159420289856, "recall": 0.14583333333333334, "f-measure": 0.13565891472868216}, "HV": {"precision": 0.0641025641025641, "recall": 0.25, "f-measure": 0.10204081632653061}}, "scores_per_audiofile": {"BUK5_20161101_002104a.wav": {"precision": 0.1566265060240964, "recall": 0.29545454545454547, "f-measure": 0.2047244094488189}, "BUK1_20181011_001004.wav": {"precision": 1e-05, "recall": 1e-05, "f-measure": 1e-05}, "BUK1_20181013_023504.wav": {"precision": 0.09090909090909091, "recall": 0.20833333333333334, "f-measure": 0.12658227848101267}, "BUK4_20161011_000804.wav": {"precision": 1e-05, "recall": 1e-05, "f-measure": 1e-05}, "BUK4_20171022_004304a.wav": {"precision": 0.13333333333333333, "recall": 0.23529411764705882, "f-measure": 0.1702127659574468}, "BUK5_20180921_015906a.wav": {"precision": 1e-05, "recall": 1e-05, "f-measure": 1e-05}, "n1.wav": {"precision": 1e-05, "recall": 1e-05, "f-measure": 1e-05}, "a1.wav": {"precision": 0.15625, "recall": 0.45454545454545453, "f-measure": 0.23255813953488372}}}