{"team_name": "PKU_ADSP", "set_name": "VAL", "report_date": "21042021_20_44_47", "overall_scores": {"precision": 0.5614395886889461, "recall": 0.4768558951965065, "fmeasure (percentage)": 51.57}, "scores_per_subset": {"PB": {"precision": 0.7165354330708661, "recall": 0.39565217391304347, "f-measure": 0.5098039215686274}, "HV": {"precision": 0.46153846153846156, "recall": 0.6, "f-measure": 0.5217391304347826}}, "scores_per_audiofile": {"BUK5_20161101_002104a.wav": {"precision": 0.9642857142857143, "recall": 0.6136363636363636, "f-measure": 0.75}, "BUK1_20181011_001004.wav": {"precision": 0.7777777777777778, "recall": 0.6774193548387096, "f-measure": 0.7241379310344828}, "BUK1_20181013_023504.wav": {"precision": 0.5, "recall": 0.25, "f-measure": 0.3333333333333333}, "BUK4_20161011_000804.wav": {"precision": 1e-05, "recall": 1e-05, "f-measure": 1e-05}, "BUK4_20171022_004304a.wav": {"precision": 0.5555555555555556, "recall": 0.5882352941176471, "f-measure": 0.5714285714285714}, "BUK5_20180921_015906a.wav": {"precision": 1e-05, "recall": 1e-05, "f-measure": 1e-05}, "n1.wav": {"precision": 0.23809523809523808, "recall": 0.2777777777777778, "f-measure": 0.2564102564102564}, "a1.wav": {"precision": 0.6129032258064516, "recall": 0.8636363636363636, "f-measure": 0.7169811320754716}}}