{"team_name": "PKU_ADSP", "set_name": "VAL", "report_date": "13042021_18_18_59", "overall_scores": {"precision": 0.6167546174142481, "recall": 0.3060556464811784, "fmeasure (percentage)": 40.91}, "scores_per_subset": {"PB": {"precision": 0.6043956043956044, "recall": 0.2391304347826087, "f-measure": 0.3426791277258567}, "HV": {"precision": 0.6296296296296297, "recall": 0.425, "f-measure": 0.5074626865671642}}, "scores_per_audiofile": {"BUK5_20161101_002104a.wav": {"precision": 0.9310344827586207, "recall": 0.3068181818181818, "f-measure": 0.46153846153846156}, "BUK1_20181011_001004.wav": {"precision": 0.6785714285714286, "recall": 0.6129032258064516, "f-measure": 0.6440677966101694}, "BUK1_20181013_023504.wav": {"precision": 0.3076923076923077, "recall": 0.16666666666666666, "f-measure": 0.21621621621621623}, "BUK4_20161011_000804.wav": {"precision": 1e-05, "recall": 1e-05, "f-measure": 1e-05}, "BUK4_20171022_004304a.wav": {"precision": 0.625, "recall": 0.29411764705882354, "f-measure": 0.4}, "BUK5_20180921_015906a.wav": {"precision": 1e-05, "recall": 1e-05, "f-measure": 1e-05}, "n1.wav": {"precision": 0.2, "recall": 0.05555555555555555, "f-measure": 0.08695652173913043}, "a1.wav": {"precision": 0.7272727272727273, "recall": 0.7272727272727273, "f-measure": 0.7272727272727273}}}