{"team_name": "PKU_ADSP", "set_name": "VAL", "report_date": "04062021_00_18_20", "overall_scores": {"precision": 0.5433412687298698, "recall": 0.4575471698113207, "fmeasure (percentage)": 49.677}, "scores_per_subset": {"PB": {"precision": 0.49238578680203043, "recall": 0.4217391304347826, "f-measure": 0.45433255269320844}, "HV": {"precision": 0.6060606060606061, "recall": 0.5, "f-measure": 0.547945205479452}}, "scores_per_audiofile": {"BUK5_20161101_002104a.wav": {"precision": 0.8970588235294118, "recall": 0.6931818181818182, "f-measure": 0.782051282051282}, "BUK1_20181011_001004.wav": {"precision": 0.36507936507936506, "recall": 0.7419354838709677, "f-measure": 0.48936170212765956}, "BUK1_20181013_023504.wav": {"precision": 0.13333333333333333, "recall": 0.08333333333333333, "f-measure": 0.10256410256410256}, "BUK4_20161011_000804.wav": {"precision": 0.05263157894736842, "recall": 0.02127659574468085, "f-measure": 0.030303030303030304}, "BUK4_20171022_004304a.wav": {"precision": 0.5, "recall": 0.5882352941176471, "f-measure": 0.5405405405405406}, "BUK5_20180921_015906a.wav": {"precision": 1e-05, "recall": 1e-05, "f-measure": 1e-05}, "n1.wav": {"precision": 1e-05, "recall": 1e-05, "f-measure": 1e-05}, "a1.wav": {"precision": 0.6451612903225806, "recall": 0.9090909090909091, "f-measure": 0.7547169811320755}}}