{"team_name": "PKU_ADSP", "set_name": "VAL", "report_date": "12062021_15_22_34", "overall_scores": {"precision": 0.6648741139085799, "recall": 0.38255977496483823, "fmeasure (percentage)": 48.567}, "scores_per_subset": {"PB": {"precision": 0.6504065040650406, "recall": 0.34782608695652173, "f-measure": 0.45325779036827196}, "HV": {"precision": 0.68, "recall": 0.425, "f-measure": 0.5230769230769231}}, "scores_per_audiofile": {"BUK5_20161101_002104a.wav": {"precision": 0.9259259259259259, "recall": 0.5681818181818182, "f-measure": 0.704225352112676}, "BUK1_20181011_001004.wav": {"precision": 0.6428571428571429, "recall": 0.5806451612903226, "f-measure": 0.6101694915254238}, "BUK1_20181013_023504.wav": {"precision": 0.2, "recall": 0.08333333333333333, "f-measure": 0.11764705882352941}, "BUK4_20161011_000804.wav": {"precision": 0.2222222222222222, "recall": 0.0425531914893617, "f-measure": 0.07142857142857142}, "BUK4_20171022_004304a.wav": {"precision": 0.4, "recall": 0.47058823529411764, "f-measure": 0.43243243243243246}, "BUK5_20180921_015906a.wav": {"precision": 1e-05, "recall": 1e-05, "f-measure": 1e-05}, "n1.wav": {"precision": 0.3333333333333333, "recall": 0.1111111111111111, "f-measure": 0.16666666666666666}, "a1.wav": {"precision": 0.7894736842105263, "recall": 0.6818181818181818, "f-measure": 0.7317073170731707}}}