{"team_name": "PKU_ADSP", "set_name": "VAL", "report_date": "17042021_23_25_58", "overall_scores": {"precision": 0.5240323266695024, "recall": 0.4297674418604651, "fmeasure (percentage)": 47.224}, "scores_per_subset": {"PB": {"precision": 0.6936936936936937, "recall": 0.3347826086956522, "f-measure": 0.45161290322580644}, "HV": {"precision": 0.42105263157894735, "recall": 0.6, "f-measure": 0.4948453608247423}}, "scores_per_audiofile": {"BUK5_20161101_002104a.wav": {"precision": 0.9787234042553191, "recall": 0.5227272727272727, "f-measure": 0.6814814814814815}, "BUK1_20181011_001004.wav": {"precision": 0.8823529411764706, "recall": 0.4838709677419355, "f-measure": 0.625}, "BUK1_20181013_023504.wav": {"precision": 0.25, "recall": 0.16666666666666666, "f-measure": 0.2}, "BUK4_20161011_000804.wav": {"precision": 0.16666666666666666, "recall": 0.02127659574468085, "f-measure": 0.03773584905660377}, "BUK4_20171022_004304a.wav": {"precision": 0.5625, "recall": 0.5294117647058824, "f-measure": 0.5454545454545454}, "BUK5_20180921_015906a.wav": {"precision": 0.2222222222222222, "recall": 0.08695652173913043, "f-measure": 0.125}, "n1.wav": {"precision": 0.16666666666666666, "recall": 0.2222222222222222, "f-measure": 0.19047619047619047}, "a1.wav": {"precision": 0.6060606060606061, "recall": 0.9090909090909091, "f-measure": 0.7272727272727273}}}