{"team_name": "PKU_ADSP", "set_name": "VAL", "report_date": "14042021_22_08_12", "overall_scores": {"precision": 0.06056145515718641, "recall": 0.5255474452554745, "fmeasure (percentage)": 10.861}, "scores_per_subset": {"PB": {"precision": 0.043373493975903614, "recall": 0.391304347826087, "f-measure": 0.07809110629067245}, "HV": {"precision": 0.10031347962382445, "recall": 0.8, "f-measure": 0.17827298050139276}}, "scores_per_audiofile": {"BUK5_20161101_002104a.wav": {"precision": 0.20851063829787234, "recall": 0.5568181818181818, "f-measure": 0.30340557275541796}, "BUK1_20181011_001004.wav": {"precision": 0.03106508875739645, "recall": 0.6774193548387096, "f-measure": 0.0594059405940594}, "BUK1_20181013_023504.wav": {"precision": 0.006593406593406593, "recall": 0.125, "f-measure": 0.012526096033402923}, "BUK4_20161011_000804.wav": {"precision": 0.009216589861751152, "recall": 0.0851063829787234, "f-measure": 0.016632016632016633}, "BUK4_20171022_004304a.wav": {"precision": 0.2926829268292683, "recall": 0.7058823529411765, "f-measure": 0.41379310344827586}, "BUK5_20180921_015906a.wav": {"precision": 0.004273504273504274, "recall": 0.043478260869565216, "f-measure": 0.007782101167315175}, "n1.wav": {"precision": 0.04460966542750929, "recall": 0.6666666666666666, "f-measure": 0.08362369337979095}, "a1.wav": {"precision": 0.4, "recall": 0.9090909090909091, "f-measure": 0.5555555555555556}}}