{"team_name": "PKU_ADSP", "set_name": "VAL", "report_date": "11042021_23_21_45", "overall_scores": {"precision": 0.009541665601016729, "recall": 0.5036344755970924, "fmeasure (percentage)": 1.873}, "scores_per_subset": {"PB": {"precision": 0.010802984742176188, "recall": 0.4217391304347826, "f-measure": 0.021066348137691388}, "HV": {"precision": 0.008544087491455913, "recall": 0.625, "f-measure": 0.016857720836142953}}, "scores_per_audiofile": {"BUK5_20161101_002104a.wav": {"precision": 0.0311284046692607, "recall": 0.5454545454545454, "f-measure": 0.05889570552147239}, "BUK1_20181011_001004.wav": {"precision": 0.008053691275167786, "recall": 0.7741935483870968, "f-measure": 0.015941547658585187}, "BUK1_20181013_023504.wav": {"precision": 0.004524886877828055, "recall": 0.16666666666666666, "f-measure": 0.00881057268722467}, "BUK4_20161011_000804.wav": {"precision": 0.0042780748663101605, "recall": 0.0851063829787234, "f-measure": 0.008146639511201629}, "BUK4_20171022_004304a.wav": {"precision": 0.02586206896551724, "recall": 0.7058823529411765, "f-measure": 0.0498960498960499}, "BUK5_20180921_015906a.wav": {"precision": 0.0022999080036798527, "recall": 0.21739130434782608, "f-measure": 0.004551661356395084}, "n1.wav": {"precision": 0.0012970168612191958, "recall": 0.16666666666666666, "f-measure": 0.002574002574002574}, "a1.wav": {"precision": 0.03588907014681892, "recall": 1.0, "f-measure": 0.06929133858267716}}}