{"team_name": "PKU_ADSP", "set_name": "VAL", "report_date": "04052021_17_40_13", "overall_scores": {"precision": 0.5612648221343873, "recall": 0.42364640883977905, "fmeasure (percentage)": 48.284}, "scores_per_subset": {"PB": {"precision": 0.6396396396396397, "recall": 0.30869565217391304, "f-measure": 0.41642228739002934}, "HV": {"precision": 0.5, "recall": 0.675, "f-measure": 0.574468085106383}}, "scores_per_audiofile": {"BUK5_20161101_002104a.wav": {"precision": 0.8518518518518519, "recall": 0.5227272727272727, "f-measure": 0.647887323943662}, "BUK1_20181011_001004.wav": {"precision": 0.5517241379310345, "recall": 0.5161290322580645, "f-measure": 0.5333333333333333}, "BUK1_20181013_023504.wav": {"precision": 0.2, "recall": 0.041666666666666664, "f-measure": 0.06896551724137931}, "BUK4_20161011_000804.wav": {"precision": 1e-05, "recall": 1e-05, "f-measure": 1e-05}, "BUK4_20171022_004304a.wav": {"precision": 0.4444444444444444, "recall": 0.47058823529411764, "f-measure": 0.45714285714285713}, "BUK5_20180921_015906a.wav": {"precision": 1e-05, "recall": 1e-05, "f-measure": 1e-05}, "n1.wav": {"precision": 0.3888888888888889, "recall": 0.3888888888888889, "f-measure": 0.3888888888888889}, "a1.wav": {"precision": 0.5555555555555556, "recall": 0.9090909090909091, "f-measure": 0.6896551724137931}}}