{"team_name": "PKU_ADSP", "set_name": "VAL", "report_date": "14042021_17_55_28", "overall_scores": {"precision": 0.5923970432946146, "recall": 0.3425954198473282, "fmeasure (percentage)": 43.413}, "scores_per_subset": {"PB": {"precision": 0.559322033898305, "recall": 0.28695652173913044, "f-measure": 0.3793103448275862}, "HV": {"precision": 0.6296296296296297, "recall": 0.425, "f-measure": 0.5074626865671642}}, "scores_per_audiofile": {"BUK5_20161101_002104a.wav": {"precision": 0.9117647058823529, "recall": 0.3522727272727273, "f-measure": 0.5081967213114754}, "BUK1_20181011_001004.wav": {"precision": 0.5454545454545454, "recall": 0.7741935483870968, "f-measure": 0.64}, "BUK1_20181013_023504.wav": {"precision": 0.25, "recall": 0.16666666666666666, "f-measure": 0.2}, "BUK4_20161011_000804.wav": {"precision": 0.2222222222222222, "recall": 0.0425531914893617, "f-measure": 0.07142857142857142}, "BUK4_20171022_004304a.wav": {"precision": 0.5555555555555556, "recall": 0.29411764705882354, "f-measure": 0.38461538461538464}, "BUK5_20180921_015906a.wav": {"precision": 1e-05, "recall": 1e-05, "f-measure": 1e-05}, "n1.wav": {"precision": 0.16666666666666666, "recall": 0.05555555555555555, "f-measure": 0.08333333333333333}, "a1.wav": {"precision": 0.7619047619047619, "recall": 0.7272727272727273, "f-measure": 0.7441860465116279}}}