{"team_name": "PKU_ADSP", "set_name": "VAL", "report_date": "12062021_11_18_11", "overall_scores": {"precision": 0.6149445834823025, "recall": 0.427860696517413, "fmeasure (percentage)": 50.462}, "scores_per_subset": {"PB": {"precision": 0.7678571428571429, "recall": 0.3739130434782609, "f-measure": 0.5029239766081871}, "HV": {"precision": 0.5128205128205128, "recall": 0.5, "f-measure": 0.5063291139240507}}, "scores_per_audiofile": {"BUK5_20161101_002104a.wav": {"precision": 0.9444444444444444, "recall": 0.5795454545454546, "f-measure": 0.7183098591549296}, "BUK1_20181011_001004.wav": {"precision": 0.8181818181818182, "recall": 0.5806451612903226, "f-measure": 0.6792452830188679}, "BUK1_20181013_023504.wav": {"precision": 0.7, "recall": 0.2916666666666667, "f-measure": 0.4117647058823529}, "BUK4_20161011_000804.wav": {"precision": 0.2857142857142857, "recall": 0.0425531914893617, "f-measure": 0.07407407407407407}, "BUK4_20171022_004304a.wav": {"precision": 0.47058823529411764, "recall": 0.47058823529411764, "f-measure": 0.47058823529411764}, "BUK5_20180921_015906a.wav": {"precision": 1e-05, "recall": 1e-05, "f-measure": 1e-05}, "n1.wav": {"precision": 0.11764705882352941, "recall": 0.1111111111111111, "f-measure": 0.11428571428571428}, "a1.wav": {"precision": 0.8181818181818182, "recall": 0.8181818181818182, "f-measure": 0.8181818181818182}}}