{"team_name": "PKU_ADSP", "set_name": "VAL", "report_date": "16042021_20_52_11", "overall_scores": {"precision": 0.3574468085106383, "recall": 0.454054054054054, "fmeasure (percentage)": 40.0}, "scores_per_subset": {"PB": {"precision": 0.45901639344262296, "recall": 0.3652173913043478, "f-measure": 0.4067796610169492}, "HV": {"precision": 0.2926829268292683, "recall": 0.6, "f-measure": 0.39344262295081966}}, "scores_per_audiofile": {"BUK5_20161101_002104a.wav": {"precision": 0.98, "recall": 0.5568181818181818, "f-measure": 0.7101449275362319}, "BUK1_20181011_001004.wav": {"precision": 0.5588235294117647, "recall": 0.6129032258064516, "f-measure": 0.5846153846153846}, "BUK1_20181013_023504.wav": {"precision": 0.15789473684210525, "recall": 0.125, "f-measure": 0.13953488372093023}, "BUK4_20161011_000804.wav": {"precision": 0.03225806451612903, "recall": 0.02127659574468085, "f-measure": 0.02564102564102564}, "BUK4_20171022_004304a.wav": {"precision": 0.45, "recall": 0.5294117647058824, "f-measure": 0.4864864864864865}, "BUK5_20180921_015906a.wav": {"precision": 0.10344827586206896, "recall": 0.13043478260869565, "f-measure": 0.11538461538461539}, "n1.wav": {"precision": 0.08888888888888889, "recall": 0.2222222222222222, "f-measure": 0.12698412698412698}, "a1.wav": {"precision": 0.5405405405405406, "recall": 0.9090909090909091, "f-measure": 0.6779661016949152}}}