{"team_name": "PKU_ADSP", "set_name": "VAL", "report_date": "25042021_17_31_48", "overall_scores": {"precision": 0.6281763180639586, "recall": 0.4300591715976331, "fmeasure (percentage)": 51.057}, "scores_per_subset": {"PB": {"precision": 0.6528925619834711, "recall": 0.34347826086956523, "f-measure": 0.45014245014245013}, "HV": {"precision": 0.6052631578947368, "recall": 0.575, "f-measure": 0.5897435897435898}}, "scores_per_audiofile": {"BUK5_20161101_002104a.wav": {"precision": 0.9333333333333333, "recall": 0.6363636363636364, "f-measure": 0.7567567567567568}, "BUK1_20181011_001004.wav": {"precision": 0.5714285714285714, "recall": 0.3870967741935484, "f-measure": 0.46153846153846156}, "BUK1_20181013_023504.wav": {"precision": 0.2222222222222222, "recall": 0.08333333333333333, "f-measure": 0.12121212121212122}, "BUK4_20161011_000804.wav": {"precision": 0.16666666666666666, "recall": 0.0425531914893617, "f-measure": 0.06779661016949153}, "BUK4_20171022_004304a.wav": {"precision": 0.42857142857142855, "recall": 0.35294117647058826, "f-measure": 0.3870967741935484}, "BUK5_20180921_015906a.wav": {"precision": 0.2, "recall": 0.043478260869565216, "f-measure": 0.07142857142857142}, "n1.wav": {"precision": 0.2727272727272727, "recall": 0.16666666666666666, "f-measure": 0.20689655172413793}, "a1.wav": {"precision": 0.7407407407407407, "recall": 0.9090909090909091, "f-measure": 0.8163265306122449}}}