{"team_name": "PKU_ADSP", "set_name": "VAL", "report_date": "04062021_17_16_50", "overall_scores": {"precision": 0.6375, "recall": 0.3772403982930298, "fmeasure (percentage)": 47.399}, "scores_per_subset": {"PB": {"precision": 0.6, "recall": 0.3391304347826087, "f-measure": 0.43333333333333335}, "HV": {"precision": 0.68, "recall": 0.425, "f-measure": 0.5230769230769231}}, "scores_per_audiofile": {"BUK5_20161101_002104a.wav": {"precision": 0.7536231884057971, "recall": 0.5909090909090909, "f-measure": 0.6624203821656051}, "BUK1_20181011_001004.wav": {"precision": 0.5806451612903226, "recall": 0.5806451612903226, "f-measure": 0.5806451612903226}, "BUK1_20181013_023504.wav": {"precision": 0.6666666666666666, "recall": 0.08333333333333333, "f-measure": 0.14814814814814814}, "BUK4_20161011_000804.wav": {"precision": 1e-05, "recall": 1e-05, "f-measure": 1e-05}, "BUK4_20171022_004304a.wav": {"precision": 0.375, "recall": 0.35294117647058826, "f-measure": 0.36363636363636365}, "BUK5_20180921_015906a.wav": {"precision": 1e-05, "recall": 1e-05, "f-measure": 1e-05}, "n1.wav": {"precision": 0.2857142857142857, "recall": 0.1111111111111111, "f-measure": 0.16}, "a1.wav": {"precision": 0.8333333333333334, "recall": 0.6818181818181818, "f-measure": 0.75}}}