{"team_name": "PKU_ADSP", "set_name": "VAL", "report_date": "01052021_10_46_47", "overall_scores": {"precision": 0.37339122344549536, "recall": 0.48744939271255067, "fmeasure (percentage)": 42.286}, "scores_per_subset": {"PB": {"precision": 0.6515151515151515, "recall": 0.3739130434782609, "f-measure": 0.47513812154696133}, "HV": {"precision": 0.2616822429906542, "recall": 0.7, "f-measure": 0.38095238095238093}}, "scores_per_audiofile": {"BUK5_20161101_002104a.wav": {"precision": 0.9814814814814815, "recall": 0.6022727272727273, "f-measure": 0.7464788732394366}, "BUK1_20181011_001004.wav": {"precision": 0.75, "recall": 0.6774193548387096, "f-measure": 0.711864406779661}, "BUK1_20181013_023504.wav": {"precision": 0.14285714285714285, "recall": 0.08333333333333333, "f-measure": 0.10526315789473684}, "BUK4_20161011_000804.wav": {"precision": 0.2, "recall": 0.0425531914893617, "f-measure": 0.07017543859649122}, "BUK4_20171022_004304a.wav": {"precision": 0.5, "recall": 0.47058823529411764, "f-measure": 0.48484848484848486}, "BUK5_20180921_015906a.wav": {"precision": 1e-05, "recall": 1e-05, "f-measure": 1e-05}, "n1.wav": {"precision": 0.10810810810810811, "recall": 0.4444444444444444, "f-measure": 0.17391304347826086}, "a1.wav": {"precision": 0.6060606060606061, "recall": 0.9090909090909091, "f-measure": 0.7272727272727273}}}