{"team_name": "PKU_ADSP", "set_name": "VAL", "report_date": "11042021_17_27_45", "overall_scores": {"precision": 0.07046070460704608, "recall": 0.05352941176470589, "fmeasure (percentage)": 6.084}, "scores_per_subset": {"PB": {"precision": 0.16666666666666666, "recall": 0.029166666666666667, "f-measure": 0.04964539007092199}, "HV": {"precision": 0.044673539518900345, "recall": 0.325, "f-measure": 0.07854984894259819}}, "scores_per_audiofile": {"BUK5_20161101_002104a.wav": {"precision": 0.23809523809523808, "recall": 0.056818181818181816, "f-measure": 0.09174311926605505}, "BUK1_20181011_001004.wav": {"precision": 0.3333333333333333, "recall": 0.03225806451612903, "f-measure": 0.058823529411764705}, "BUK1_20181013_023504.wav": {"precision": 1e-05, "recall": 1e-05, "f-measure": 1e-05}, "BUK4_20161011_000804.wav": {"precision": 1e-05, "recall": 1e-05, "f-measure": 1e-05}, "BUK4_20171022_004304a.wav": {"precision": 0.3333333333333333, "recall": 0.058823529411764705, "f-measure": 0.1}, "BUK5_20180921_015906a.wav": {"precision": 1e-05, "recall": 1e-05, "f-measure": 1e-05}, "n1.wav": {"precision": 1e-05, "recall": 1e-05, "f-measure": 1e-05}, "a1.wav": {"precision": 0.04609929078014184, "recall": 0.5909090909090909, "f-measure": 0.08552631578947369}}}