{"team_name": "PKU_ADSP", "set_name": "VAL", "report_date": "11042021_15_53_30", "overall_scores": {"precision": 0.03503688092729189, "recall": 0.15042412818096138, "fmeasure (percentage)": 5.684}, "scores_per_subset": {"PB": {"precision": 0.12962962962962962, "recall": 0.08936170212765958, "f-measure": 0.10579345088161209}, "HV": {"precision": 0.02025586353944563, "recall": 0.475, "f-measure": 0.03885480572597137}}, "scores_per_audiofile": {"BUK5_20161101_002104a.wav": {"precision": 0.23809523809523808, "recall": 0.17045454545454544, "f-measure": 0.1986754966887417}, "BUK1_20181011_001004.wav": {"precision": 0.03571428571428571, "recall": 0.0967741935483871, "f-measure": 0.05217391304347826}, "BUK1_20181013_023504.wav": {"precision": 0.3333333333333333, "recall": 0.08333333333333333, "f-measure": 0.13333333333333333}, "BUK4_20161011_000804.wav": {"precision": 1e-05, "recall": 1e-05, "f-measure": 1e-05}, "BUK4_20171022_004304a.wav": {"precision": 0.125, "recall": 0.058823529411764705, "f-measure": 0.08}, "BUK5_20180921_015906a.wav": {"precision": 1e-05, "recall": 1e-05, "f-measure": 1e-05}, "n1.wav": {"precision": 1e-05, "recall": 1e-05, "f-measure": 1e-05}, "a1.wav": {"precision": 0.09405940594059406, "recall": 0.8636363636363636, "f-measure": 0.16964285714285715}}}