{"team_name": "PKU_ADSP", "set_name": "VAL", "report_date": "30042021_23_34_45", "overall_scores": {"precision": 0.3670576322673192, "recall": 0.47128927410617555, "fmeasure (percentage)": 41.269}, "scores_per_subset": {"PB": {"precision": 0.6541353383458647, "recall": 0.3782608695652174, "f-measure": 0.4793388429752066}, "HV": {"precision": 0.25510204081632654, "recall": 0.625, "f-measure": 0.36231884057971014}}, "scores_per_audiofile": {"BUK5_20161101_002104a.wav": {"precision": 0.9629629629629629, "recall": 0.5909090909090909, "f-measure": 0.7323943661971831}, "BUK1_20181011_001004.wav": {"precision": 0.7241379310344828, "recall": 0.6774193548387096, "f-measure": 0.7}, "BUK1_20181013_023504.wav": {"precision": 0.21428571428571427, "recall": 0.125, "f-measure": 0.15789473684210525}, "BUK4_20161011_000804.wav": {"precision": 0.2, "recall": 0.0425531914893617, "f-measure": 0.07017543859649122}, "BUK4_20171022_004304a.wav": {"precision": 0.5625, "recall": 0.5294117647058824, "f-measure": 0.5454545454545454}, "BUK5_20180921_015906a.wav": {"precision": 1e-05, "recall": 1e-05, "f-measure": 1e-05}, "n1.wav": {"precision": 0.07692307692307693, "recall": 0.2777777777777778, "f-measure": 0.12048192771084337}, "a1.wav": {"precision": 0.6060606060606061, "recall": 0.9090909090909091, "f-measure": 0.7272727272727273}}}