{"team_name": "PKU_ADSP", "set_name": "VAL", "report_date": "07062021_23_54_59", "overall_scores": {"precision": 0.27692307692307694, "recall": 0.4628571428571429, "fmeasure (percentage)": 34.652}, "scores_per_subset": {"PB": {"precision": 0.6, "recall": 0.3521739130434783, "f-measure": 0.4438356164383562}, "HV": {"precision": 0.18, "recall": 0.675, "f-measure": 0.28421052631578947}}, "scores_per_audiofile": {"BUK5_20161101_002104a.wav": {"precision": 0.9259259259259259, "recall": 0.5681818181818182, "f-measure": 0.704225352112676}, "BUK1_20181011_001004.wav": {"precision": 0.59375, "recall": 0.6129032258064516, "f-measure": 0.6031746031746031}, "BUK1_20181013_023504.wav": {"precision": 0.16666666666666666, "recall": 0.08333333333333333, "f-measure": 0.1111111111111111}, "BUK4_20161011_000804.wav": {"precision": 0.125, "recall": 0.0425531914893617, "f-measure": 0.06349206349206349}, "BUK4_20171022_004304a.wav": {"precision": 0.4444444444444444, "recall": 0.47058823529411764, "f-measure": 0.45714285714285713}, "BUK5_20180921_015906a.wav": {"precision": 1e-05, "recall": 1e-05, "f-measure": 1e-05}, "n1.wav": {"precision": 0.05982905982905983, "recall": 0.3888888888888889, "f-measure": 0.1037037037037037}, "a1.wav": {"precision": 0.6060606060606061, "recall": 0.9090909090909091, "f-measure": 0.7272727272727273}}}