{"team_name": "PKU_ADSP", "set_name": "VAL", "report_date": "03052021_15_21_25", "overall_scores": {"precision": 0.6229508196721312, "recall": 0.3979057591623036, "fmeasure (percentage)": 48.562}, "scores_per_subset": {"PB": {"precision": 0.6846846846846847, "recall": 0.33043478260869563, "f-measure": 0.44574780058651026}, "HV": {"precision": 0.5714285714285714, "recall": 0.5, "f-measure": 0.5333333333333333}}, "scores_per_audiofile": {"BUK5_20161101_002104a.wav": {"precision": 0.9787234042553191, "recall": 0.5227272727272727, "f-measure": 0.6814814814814815}, "BUK1_20181011_001004.wav": {"precision": 0.72, "recall": 0.5806451612903226, "f-measure": 0.6428571428571429}, "BUK1_20181013_023504.wav": {"precision": 0.23076923076923078, "recall": 0.125, "f-measure": 0.16216216216216217}, "BUK4_20161011_000804.wav": {"precision": 1e-05, "recall": 1e-05, "f-measure": 1e-05}, "BUK4_20171022_004304a.wav": {"precision": 0.5, "recall": 0.47058823529411764, "f-measure": 0.48484848484848486}, "BUK5_20180921_015906a.wav": {"precision": 0.14285714285714285, "recall": 0.043478260869565216, "f-measure": 0.06666666666666667}, "n1.wav": {"precision": 1e-05, "recall": 1e-05, "f-measure": 1e-05}, "a1.wav": {"precision": 0.6896551724137931, "recall": 0.9090909090909091, "f-measure": 0.7843137254901961}}}