{"team_name": "PKU_ADSP", "set_name": "VAL", "report_date": "11042021_17_09_03", "overall_scores": {"precision": 0.061966697042498554, "recall": 0.187, "fmeasure (percentage)": 9.309}, "scores_per_subset": {"PB": {"precision": 0.12639405204460966, "recall": 0.14166666666666666, "f-measure": 0.13359528487229863}, "HV": {"precision": 0.041044776119402986, "recall": 0.275, "f-measure": 0.07142857142857142}}, "scores_per_audiofile": {"BUK5_20161101_002104a.wav": {"precision": 0.1588235294117647, "recall": 0.3068181818181818, "f-measure": 0.20930232558139536}, "BUK1_20181011_001004.wav": {"precision": 1e-05, "recall": 1e-05, "f-measure": 1e-05}, "BUK1_20181013_023504.wav": {"precision": 0.0975609756097561, "recall": 0.16666666666666666, "f-measure": 0.12307692307692308}, "BUK4_20161011_000804.wav": {"precision": 1e-05, "recall": 1e-05, "f-measure": 1e-05}, "BUK4_20171022_004304a.wav": {"precision": 0.12, "recall": 0.17647058823529413, "f-measure": 0.14285714285714285}, "BUK5_20180921_015906a.wav": {"precision": 1e-05, "recall": 1e-05, "f-measure": 1e-05}, "n1.wav": {"precision": 1e-05, "recall": 1e-05, "f-measure": 1e-05}, "a1.wav": {"precision": 0.09016393442622951, "recall": 0.5, "f-measure": 0.1527777777777778}}}