{"team_name": "PKU_ADSP", "set_name": "VAL", "report_date": "11062021_22_47_00", "overall_scores": {"precision": 0.6255876427132303, "recall": 0.4368112543962485, "fmeasure (percentage)": 51.443}, "scores_per_subset": {"PB": {"precision": 0.7788461538461539, "recall": 0.3521739130434783, "f-measure": 0.48502994011976047}, "HV": {"precision": 0.5227272727272727, "recall": 0.575, "f-measure": 0.5476190476190477}}, "scores_per_audiofile": {"BUK5_20161101_002104a.wav": {"precision": 0.9811320754716981, "recall": 0.5909090909090909, "f-measure": 0.7375886524822695}, "BUK1_20181011_001004.wav": {"precision": 0.8095238095238095, "recall": 0.5483870967741935, "f-measure": 0.6538461538461539}, "BUK1_20181013_023504.wav": {"precision": 0.625, "recall": 0.20833333333333334, "f-measure": 0.3125}, "BUK4_20161011_000804.wav": {"precision": 1e-05, "recall": 1e-05, "f-measure": 1e-05}, "BUK4_20171022_004304a.wav": {"precision": 0.5, "recall": 0.4117647058823529, "f-measure": 0.45161290322580644}, "BUK5_20180921_015906a.wav": {"precision": 1e-05, "recall": 1e-05, "f-measure": 1e-05}, "n1.wav": {"precision": 0.23076923076923078, "recall": 0.16666666666666666, "f-measure": 0.1935483870967742}, "a1.wav": {"precision": 0.6451612903225806, "recall": 0.9090909090909091, "f-measure": 0.7547169811320755}}}