{"team_name": "PKU_ADSP", "set_name": "VAL", "report_date": "11042021_00_06_55", "overall_scores": {"precision": 0.0007340381982185458, "recall": 0.06933333333333333, "fmeasure (percentage)": 0.145}, "scores_per_subset": {"PB": {"precision": 0.0024928092042186003, "recall": 0.11304347826086956, "f-measure": 0.004878048780487805}, "HV": {"precision": 0.00043038519474930065, "recall": 0.05, "f-measure": 0.0008534243652656284}}, "scores_per_audiofile": {"BUK5_20161101_002104a.wav": {"precision": 0.006730229949523275, "recall": 0.13636363636363635, "f-measure": 0.012827365045430252}, "BUK1_20181011_001004.wav": {"precision": 0.0030432136335970784, "recall": 0.3225806451612903, "f-measure": 0.006029544769369913}, "BUK1_20181013_023504.wav": {"precision": 0.0007251631617113851, "recall": 0.041666666666666664, "f-measure": 0.0014255167498218105}, "BUK4_20161011_000804.wav": {"precision": 1e-05, "recall": 1e-05, "f-measure": 1e-05}, "BUK4_20171022_004304a.wav": {"precision": 0.0016181229773462784, "recall": 0.058823529411764705, "f-measure": 0.0031496062992125984}, "BUK5_20180921_015906a.wav": {"precision": 0.0006975933031042902, "recall": 0.08695652173913043, "f-measure": 0.001384083044982699}, "n1.wav": {"precision": 0.0009828009828009828, "recall": 0.1111111111111111, "f-measure": 0.001948368241597662}, "a1.wav": {"precision": 1e-05, "recall": 1e-05, "f-measure": 1e-05}}}