{"team_name": "PKU_ADSP", "set_name": "VAL", "report_date": "13042021_17_21_10", "overall_scores": {"precision": 0.21736935117394598, "recall": 0.2661514683153014, "fmeasure (percentage)": 23.93}, "scores_per_subset": {"PB": {"precision": 0.1553030303030303, "recall": 0.1782608695652174, "f-measure": 0.1659919028340081}, "HV": {"precision": 0.3620689655172414, "recall": 0.525, "f-measure": 0.42857142857142855}}, "scores_per_audiofile": {"BUK5_20161101_002104a.wav": {"precision": 0.43478260869565216, "recall": 0.3409090909090909, "f-measure": 0.3821656050955414}, "BUK1_20181011_001004.wav": {"precision": 0.14285714285714285, "recall": 0.03225806451612903, "f-measure": 0.05263157894736842}, "BUK1_20181013_023504.wav": {"precision": 0.1111111111111111, "recall": 0.16666666666666666, "f-measure": 0.13333333333333333}, "BUK4_20161011_000804.wav": {"precision": 1e-05, "recall": 1e-05, "f-measure": 1e-05}, "BUK4_20171022_004304a.wav": {"precision": 0.6, "recall": 0.35294117647058826, "f-measure": 0.4444444444444444}, "BUK5_20180921_015906a.wav": {"precision": 1e-05, "recall": 1e-05, "f-measure": 1e-05}, "n1.wav": {"precision": 0.1111111111111111, "recall": 0.16666666666666666, "f-measure": 0.13333333333333333}, "a1.wav": {"precision": 0.5806451612903226, "recall": 0.8181818181818182, "f-measure": 0.6792452830188679}}}