{"team_name": "PKU_ADSP", "set_name": "VAL", "report_date": "01052021_11_10_13", "overall_scores": {"precision": 0.5899304966943549, "recall": 0.4306930693069307, "fmeasure (percentage)": 49.789}, "scores_per_subset": {"PB": {"precision": 0.6492537313432836, "recall": 0.3782608695652174, "f-measure": 0.47802197802197804}, "HV": {"precision": 0.5405405405405406, "recall": 0.5, "f-measure": 0.5194805194805194}}, "scores_per_audiofile": {"BUK5_20161101_002104a.wav": {"precision": 0.9622641509433962, "recall": 0.5795454545454546, "f-measure": 0.723404255319149}, "BUK1_20181011_001004.wav": {"precision": 0.75, "recall": 0.6774193548387096, "f-measure": 0.711864406779661}, "BUK1_20181013_023504.wav": {"precision": 0.13333333333333333, "recall": 0.08333333333333333, "f-measure": 0.10256410256410256}, "BUK4_20161011_000804.wav": {"precision": 0.2, "recall": 0.0425531914893617, "f-measure": 0.07017543859649122}, "BUK4_20171022_004304a.wav": {"precision": 0.625, "recall": 0.5882352941176471, "f-measure": 0.6060606060606061}, "BUK5_20180921_015906a.wav": {"precision": 0.08333333333333333, "recall": 0.043478260869565216, "f-measure": 0.05714285714285714}, "n1.wav": {"precision": 1e-05, "recall": 1e-05, "f-measure": 1e-05}, "a1.wav": {"precision": 0.5714285714285714, "recall": 0.9090909090909091, "f-measure": 0.7017543859649122}}}