{"team_name": "PKU_ADSP", "set_name": "VAL", "report_date": "13042021_18_10_36", "overall_scores": {"precision": 0.6593557230980124, "recall": 0.21521252796420579, "fmeasure (percentage)": 32.451}, "scores_per_subset": {"PB": {"precision": 0.6065573770491803, "recall": 0.1608695652173913, "f-measure": 0.2542955326460481}, "HV": {"precision": 0.7222222222222222, "recall": 0.325, "f-measure": 0.4482758620689655}}, "scores_per_audiofile": {"BUK5_20161101_002104a.wav": {"precision": 0.9090909090909091, "recall": 0.22727272727272727, "f-measure": 0.36363636363636365}, "BUK1_20181011_001004.wav": {"precision": 0.6666666666666666, "recall": 0.3225806451612903, "f-measure": 0.43478260869565216}, "BUK1_20181013_023504.wav": {"precision": 0.3333333333333333, "recall": 0.16666666666666666, "f-measure": 0.2222222222222222}, "BUK4_20161011_000804.wav": {"precision": 1e-05, "recall": 1e-05, "f-measure": 1e-05}, "BUK4_20171022_004304a.wav": {"precision": 0.6, "recall": 0.17647058823529413, "f-measure": 0.2727272727272727}, "BUK5_20180921_015906a.wav": {"precision": 1e-05, "recall": 1e-05, "f-measure": 1e-05}, "n1.wav": {"precision": 1e-05, "recall": 1e-05, "f-measure": 1e-05}, "a1.wav": {"precision": 0.7647058823529411, "recall": 0.5909090909090909, "f-measure": 0.6666666666666666}}}