{"team_name": "PKU_ADSP", "set_name": "VAL", "report_date": "13042021_17_27_21", "overall_scores": {"precision": 0.3170628780419187, "recall": 0.3108965517241379, "fmeasure (percentage)": 31.395}, "scores_per_subset": {"PB": {"precision": 0.2768361581920904, "recall": 0.21304347826086956, "f-measure": 0.24078624078624078}, "HV": {"precision": 0.3709677419354839, "recall": 0.575, "f-measure": 0.45098039215686275}}, "scores_per_audiofile": {"BUK5_20161101_002104a.wav": {"precision": 0.5517241379310345, "recall": 0.36363636363636365, "f-measure": 0.4383561643835616}, "BUK1_20181011_001004.wav": {"precision": 0.23333333333333334, "recall": 0.22580645161290322, "f-measure": 0.22950819672131148}, "BUK1_20181013_023504.wav": {"precision": 0.075, "recall": 0.125, "f-measure": 0.09375}, "BUK4_20161011_000804.wav": {"precision": 1e-05, "recall": 1e-05, "f-measure": 1e-05}, "BUK4_20171022_004304a.wav": {"precision": 0.6363636363636364, "recall": 0.4117647058823529, "f-measure": 0.5}, "BUK5_20180921_015906a.wav": {"precision": 1e-05, "recall": 1e-05, "f-measure": 1e-05}, "n1.wav": {"precision": 0.125, "recall": 0.2222222222222222, "f-measure": 0.16}, "a1.wav": {"precision": 0.6333333333333333, "recall": 0.8636363636363636, "f-measure": 0.7307692307692307}}}