{"team_name": "PKU_ADSP", "set_name": "VAL", "report_date": "25042021_16_21_43", "overall_scores": {"precision": 0.5909327774882752, "recall": 0.42156133828996284, "fmeasure (percentage)": 49.208}, "scores_per_subset": {"PB": {"precision": 0.6982758620689655, "recall": 0.3521739130434783, "f-measure": 0.4682080924855491}, "HV": {"precision": 0.5121951219512195, "recall": 0.525, "f-measure": 0.5185185185185185}}, "scores_per_audiofile": {"BUK5_20161101_002104a.wav": {"precision": 0.95, "recall": 0.6477272727272727, "f-measure": 0.7702702702702703}, "BUK1_20181011_001004.wav": {"precision": 0.75, "recall": 0.4838709677419355, "f-measure": 0.5882352941176471}, "BUK1_20181013_023504.wav": {"precision": 0.2222222222222222, "recall": 0.08333333333333333, "f-measure": 0.12121212121212122}, "BUK4_20161011_000804.wav": {"precision": 0.2, "recall": 0.02127659574468085, "f-measure": 0.038461538461538464}, "BUK4_20171022_004304a.wav": {"precision": 0.42857142857142855, "recall": 0.35294117647058826, "f-measure": 0.3870967741935484}, "BUK5_20180921_015906a.wav": {"precision": 1e-05, "recall": 1e-05, "f-measure": 1e-05}, "n1.wav": {"precision": 0.13333333333333333, "recall": 0.1111111111111111, "f-measure": 0.12121212121212122}, "a1.wav": {"precision": 0.7307692307692307, "recall": 0.8636363636363636, "f-measure": 0.7916666666666666}}}