{"team_name": "PKU_ADSP", "set_name": "VAL", "report_date": "10042021_22_56_55", "overall_scores": {"precision": 0.004803127253505271, "recall": 0.5333333333333333, "fmeasure (percentage)": 0.952}, "scores_per_subset": {"PB": {"precision": 0.0044545586597588725, "recall": 0.4, "f-measure": 0.008810994588900061}, "HV": {"precision": 0.005210877707213809, "recall": 0.8, "f-measure": 0.010354311600064715}}, "scores_per_audiofile": {"BUK5_20161101_002104a.wav": {"precision": 0.017110891740704178, "recall": 0.5909090909090909, "f-measure": 0.033258714422769425}, "BUK1_20181011_001004.wav": {"precision": 0.003870967741935484, "recall": 0.5806451612903226, "f-measure": 0.0076906643879512925}, "BUK1_20181013_023504.wav": {"precision": 1e-05, "recall": 1e-05, "f-measure": 1e-05}, "BUK4_20161011_000804.wav": {"precision": 0.0009760858955588092, "recall": 0.0425531914893617, "f-measure": 0.0019083969465648854}, "BUK4_20171022_004304a.wav": {"precision": 0.008492569002123142, "recall": 0.7058823529411765, "f-measure": 0.016783216783216783}, "BUK5_20180921_015906a.wav": {"precision": 0.0016070711128967456, "recall": 0.34782608695652173, "f-measure": 0.003199360127974405}, "n1.wav": {"precision": 0.004135338345864661, "recall": 0.6111111111111112, "f-measure": 0.008215085884988798}, "a1.wav": {"precision": 0.006032749209997127, "recall": 0.9545454545454546, "f-measure": 0.011989723094490437}}}