{"team_name": "PKU_ADSP", "set_name": "VAL", "report_date": "07062021_22_05_06", "overall_scores": {"precision": 0.5217391304347826, "recall": 0.007741935483870969, "fmeasure (percentage)": 1.526}, "scores_per_subset": {"PB": {"precision": 0.5, "recall": 0.00392156862745098, "f-measure": 0.007782101167315175}, "HV": {"precision": 0.5454545454545454, "recall": 0.3, "f-measure": 0.3870967741935484}}, "scores_per_audiofile": {"BUK5_20161101_002104a.wav": {"precision": 1e-05, "recall": 1e-05, "f-measure": 1e-05}, "BUK1_20181011_001004.wav": {"precision": 1e-05, "recall": 1e-05, "f-measure": 1e-05}, "BUK1_20181013_023504.wav": {"precision": 1e-05, "recall": 1e-05, "f-measure": 1e-05}, "BUK4_20161011_000804.wav": {"precision": 1e-05, "recall": 1e-05, "f-measure": 1e-05}, "BUK4_20171022_004304a.wav": {"precision": 0.5, "recall": 0.058823529411764705, "f-measure": 0.10526315789473684}, "BUK5_20180921_015906a.wav": {"precision": 1e-05, "recall": 1e-05, "f-measure": 1e-05}, "n1.wav": {"precision": 0.1, "recall": 0.05555555555555555, "f-measure": 0.07142857142857142}, "a1.wav": {"precision": 0.9166666666666666, "recall": 0.5, "f-measure": 0.6470588235294118}}}