{"team_name": "PKU_ADSP", "set_name": "VAL", "report_date": "03052021_15_23_41", "overall_scores": {"precision": 0.5648854961832062, "recall": 0.39897304236200254, "fmeasure (percentage)": 46.765}, "scores_per_subset": {"PB": {"precision": 0.6491228070175439, "recall": 0.3217391304347826, "f-measure": 0.43023255813953487}, "HV": {"precision": 0.5, "recall": 0.525, "f-measure": 0.5121951219512195}}, "scores_per_audiofile": {"BUK5_20161101_002104a.wav": {"precision": 0.9782608695652174, "recall": 0.5113636363636364, "f-measure": 0.6716417910447762}, "BUK1_20181011_001004.wav": {"precision": 0.72, "recall": 0.5806451612903226, "f-measure": 0.6428571428571429}, "BUK1_20181013_023504.wav": {"precision": 0.15384615384615385, "recall": 0.08333333333333333, "f-measure": 0.10810810810810811}, "BUK4_20161011_000804.wav": {"precision": 1e-05, "recall": 1e-05, "f-measure": 1e-05}, "BUK4_20171022_004304a.wav": {"precision": 0.5, "recall": 0.47058823529411764, "f-measure": 0.48484848484848486}, "BUK5_20180921_015906a.wav": {"precision": 0.14285714285714285, "recall": 0.043478260869565216, "f-measure": 0.06666666666666667}, "n1.wav": {"precision": 0.07692307692307693, "recall": 0.05555555555555555, "f-measure": 0.06451612903225806}, "a1.wav": {"precision": 0.6896551724137931, "recall": 0.9090909090909091, "f-measure": 0.7843137254901961}}}