{"team_name": "PKU_ADSP", "set_name": "VAL", "report_date": "12062021_15_14_16", "overall_scores": {"precision": 0.6293706293706294, "recall": 0.39237057220708443, "fmeasure (percentage)": 48.338}, "scores_per_subset": {"PB": {"precision": 0.7142857142857143, "recall": 0.34782608695652173, "f-measure": 0.4678362573099415}, "HV": {"precision": 0.5625, "recall": 0.45, "f-measure": 0.5}}, "scores_per_audiofile": {"BUK5_20161101_002104a.wav": {"precision": 0.9259259259259259, "recall": 0.5681818181818182, "f-measure": 0.704225352112676}, "BUK1_20181011_001004.wav": {"precision": 0.7391304347826086, "recall": 0.5483870967741935, "f-measure": 0.6296296296296297}, "BUK1_20181013_023504.wav": {"precision": 0.25, "recall": 0.08333333333333333, "f-measure": 0.125}, "BUK4_20161011_000804.wav": {"precision": 0.2857142857142857, "recall": 0.0425531914893617, "f-measure": 0.07407407407407407}, "BUK4_20171022_004304a.wav": {"precision": 0.5294117647058824, "recall": 0.5294117647058824, "f-measure": 0.5294117647058824}, "BUK5_20180921_015906a.wav": {"precision": 1e-05, "recall": 1e-05, "f-measure": 1e-05}, "n1.wav": {"precision": 0.18181818181818182, "recall": 0.1111111111111111, "f-measure": 0.13793103448275862}, "a1.wav": {"precision": 0.7619047619047619, "recall": 0.7272727272727273, "f-measure": 0.7441860465116279}}}