{"team_name": "PKU_ADSP", "set_name": "VAL", "report_date": "03052021_16_28_49", "overall_scores": {"precision": 0.580392156862745, "recall": 0.4059850374064838, "fmeasure (percentage)": 47.777}, "scores_per_subset": {"PB": {"precision": 0.6915887850467289, "recall": 0.3217391304347826, "f-measure": 0.4391691394658754}, "HV": {"precision": 0.5, "recall": 0.55, "f-measure": 0.5238095238095238}}, "scores_per_audiofile": {"BUK5_20161101_002104a.wav": {"precision": 0.9591836734693877, "recall": 0.5340909090909091, "f-measure": 0.6861313868613139}, "BUK1_20181011_001004.wav": {"precision": 0.68, "recall": 0.5483870967741935, "f-measure": 0.6071428571428571}, "BUK1_20181013_023504.wav": {"precision": 0.42857142857142855, "recall": 0.125, "f-measure": 0.1935483870967742}, "BUK4_20161011_000804.wav": {"precision": 0.125, "recall": 0.02127659574468085, "f-measure": 0.03636363636363636}, "BUK4_20171022_004304a.wav": {"precision": 0.42857142857142855, "recall": 0.35294117647058826, "f-measure": 0.3870967741935484}, "BUK5_20180921_015906a.wav": {"precision": 1e-05, "recall": 1e-05, "f-measure": 1e-05}, "n1.wav": {"precision": 0.16666666666666666, "recall": 0.16666666666666666, "f-measure": 0.16666666666666666}, "a1.wav": {"precision": 0.7307692307692307, "recall": 0.8636363636363636, "f-measure": 0.7916666666666666}}}