{"team_name": "PKU_ADSP", "set_name": "VAL", "report_date": "03052021_11_49_50", "overall_scores": {"precision": 0.11489195267429354, "recall": 0.49421661409043105, "fmeasure (percentage)": 18.644}, "scores_per_subset": {"PB": {"precision": 0.10955710955710955, "recall": 0.40869565217391307, "f-measure": 0.17279411764705882}, "HV": {"precision": 0.12077294685990338, "recall": 0.625, "f-measure": 0.20242914979757085}}, "scores_per_audiofile": {"BUK5_20161101_002104a.wav": {"precision": 0.5306122448979592, "recall": 0.5909090909090909, "f-measure": 0.5591397849462365}, "BUK1_20181011_001004.wav": {"precision": 0.09871244635193133, "recall": 0.7419354838709677, "f-measure": 0.17424242424242425}, "BUK1_20181013_023504.wav": {"precision": 0.13043478260869565, "recall": 0.125, "f-measure": 0.1276595744680851}, "BUK4_20161011_000804.wav": {"precision": 0.029411764705882353, "recall": 0.02127659574468085, "f-measure": 0.024691358024691357}, "BUK4_20171022_004304a.wav": {"precision": 0.46153846153846156, "recall": 0.7058823529411765, "f-measure": 0.5581395348837209}, "BUK5_20180921_015906a.wav": {"precision": 0.006756756756756757, "recall": 0.13043478260869565, "f-measure": 0.01284796573875803}, "n1.wav": {"precision": 0.043478260869565216, "recall": 0.3888888888888889, "f-measure": 0.0782122905027933}, "a1.wav": {"precision": 0.391304347826087, "recall": 0.8181818181818182, "f-measure": 0.5294117647058824}}}