{"team_name": "PKU_ADSP", "set_name": "VAL", "report_date": "01052021_11_16_34", "overall_scores": {"precision": 0.5807243707796194, "recall": 0.44517647058823534, "fmeasure (percentage)": 50.4}, "scores_per_subset": {"PB": {"precision": 0.6515151515151515, "recall": 0.3739130434782609, "f-measure": 0.47513812154696133}, "HV": {"precision": 0.5238095238095238, "recall": 0.55, "f-measure": 0.5365853658536586}}, "scores_per_audiofile": {"BUK5_20161101_002104a.wav": {"precision": 0.9622641509433962, "recall": 0.5795454545454546, "f-measure": 0.723404255319149}, "BUK1_20181011_001004.wav": {"precision": 0.75, "recall": 0.6774193548387096, "f-measure": 0.711864406779661}, "BUK1_20181013_023504.wav": {"precision": 0.14285714285714285, "recall": 0.08333333333333333, "f-measure": 0.10526315789473684}, "BUK4_20161011_000804.wav": {"precision": 0.2, "recall": 0.0425531914893617, "f-measure": 0.07017543859649122}, "BUK4_20171022_004304a.wav": {"precision": 0.625, "recall": 0.5882352941176471, "f-measure": 0.6060606060606061}, "BUK5_20180921_015906a.wav": {"precision": 1e-05, "recall": 1e-05, "f-measure": 1e-05}, "n1.wav": {"precision": 0.25, "recall": 0.1111111111111111, "f-measure": 0.15384615384615385}, "a1.wav": {"precision": 0.5882352941176471, "recall": 0.9090909090909091, "f-measure": 0.7142857142857143}}}