{"team_name": "PKU_ADSP", "set_name": "VAL", "report_date": "17042021_12_04_25", "overall_scores": {"precision": 0.5294329217120249, "recall": 0.48368017524644025, "fmeasure (percentage)": 50.552}, "scores_per_subset": {"PB": {"precision": 0.5363128491620112, "recall": 0.41739130434782606, "f-measure": 0.46943765281173594}, "HV": {"precision": 0.5227272727272727, "recall": 0.575, "f-measure": 0.5476190476190477}}, "scores_per_audiofile": {"BUK5_20161101_002104a.wav": {"precision": 0.8857142857142857, "recall": 0.7045454545454546, "f-measure": 0.7848101265822784}, "BUK1_20181011_001004.wav": {"precision": 0.6111111111111112, "recall": 0.7096774193548387, "f-measure": 0.6567164179104478}, "BUK1_20181013_023504.wav": {"precision": 0.11764705882352941, "recall": 0.08333333333333333, "f-measure": 0.0975609756097561}, "BUK4_20161011_000804.wav": {"precision": 0.043478260869565216, "recall": 0.02127659574468085, "f-measure": 0.02857142857142857}, "BUK4_20171022_004304a.wav": {"precision": 0.4444444444444444, "recall": 0.47058823529411764, "f-measure": 0.45714285714285713}, "BUK5_20180921_015906a.wav": {"precision": 0.06666666666666667, "recall": 0.043478260869565216, "f-measure": 0.05263157894736842}, "n1.wav": {"precision": 0.21428571428571427, "recall": 0.16666666666666666, "f-measure": 0.1875}, "a1.wav": {"precision": 0.6666666666666666, "recall": 0.9090909090909091, "f-measure": 0.7692307692307693}}}