{"team_name": "PKU_ADSP", "set_name": "VAL", "report_date": "03052021_14_51_23", "overall_scores": {"precision": 0.617283950617284, "recall": 0.39473684210526316, "fmeasure (percentage)": 48.154}, "scores_per_subset": {"PB": {"precision": 0.6944444444444444, "recall": 0.32608695652173914, "f-measure": 0.4437869822485207}, "HV": {"precision": 0.5555555555555556, "recall": 0.5, "f-measure": 0.5263157894736842}}, "scores_per_audiofile": {"BUK5_20161101_002104a.wav": {"precision": 0.9583333333333334, "recall": 0.5227272727272727, "f-measure": 0.6764705882352942}, "BUK1_20181011_001004.wav": {"precision": 0.8666666666666667, "recall": 0.41935483870967744, "f-measure": 0.5652173913043478}, "BUK1_20181013_023504.wav": {"precision": 0.25, "recall": 0.125, "f-measure": 0.16666666666666666}, "BUK4_20161011_000804.wav": {"precision": 0.25, "recall": 0.0425531914893617, "f-measure": 0.07272727272727272}, "BUK4_20171022_004304a.wav": {"precision": 0.6, "recall": 0.5294117647058824, "f-measure": 0.5625}, "BUK5_20180921_015906a.wav": {"precision": 0.2, "recall": 0.08695652173913043, "f-measure": 0.12121212121212122}, "n1.wav": {"precision": 1e-05, "recall": 1e-05, "f-measure": 1e-05}, "a1.wav": {"precision": 0.6666666666666666, "recall": 0.9090909090909091, "f-measure": 0.7692307692307693}}}