{"team_name": "PKU_ADSP", "set_name": "VAL", "report_date": "11042021_00_05_04", "overall_scores": {"precision": 0.0012981627391233795, "recall": 0.108, "fmeasure (percentage)": 0.257}, "scores_per_subset": {"PB": {"precision": 0.00261172373766686, "recall": 0.11739130434782609, "f-measure": 0.005109765329295988}, "HV": {"precision": 0.0008637443316778234, "recall": 0.1, "f-measure": 0.0017126953543138515}}, "scores_per_audiofile": {"BUK5_20161101_002104a.wav": {"precision": 0.007274762171236709, "recall": 0.14772727272727273, "f-measure": 0.013866666666666666}, "BUK1_20181011_001004.wav": {"precision": 0.002805486284289277, "recall": 0.2903225806451613, "f-measure": 0.005557270762581044}, "BUK1_20181013_023504.wav": {"precision": 0.0007288629737609329, "recall": 0.041666666666666664, "f-measure": 0.0014326647564469914}, "BUK4_20161011_000804.wav": {"precision": 1e-05, "recall": 1e-05, "f-measure": 1e-05}, "BUK4_20171022_004304a.wav": {"precision": 0.003134796238244514, "recall": 0.11764705882352941, "f-measure": 0.0061068702290076335}, "BUK5_20180921_015906a.wav": {"precision": 0.0007097232079489, "recall": 0.08695652173913043, "f-measure": 0.0014079549454417458}, "n1.wav": {"precision": 0.00196078431372549, "recall": 0.2222222222222222, "f-measure": 0.003887269193391642}, "a1.wav": {"precision": 1e-05, "recall": 1e-05, "f-measure": 1e-05}}}