{"team_name": "PKU_ADSP", "set_name": "VAL", "report_date": "28042021_15_16_41", "overall_scores": {"precision": 0.5508982035928144, "recall": 0.3750318471337579, "fmeasure (percentage)": 44.626}, "scores_per_subset": {"PB": {"precision": 0.6666666666666666, "recall": 0.2782608695652174, "f-measure": 0.39263803680981596}, "HV": {"precision": 0.46938775510204084, "recall": 0.575, "f-measure": 0.5168539325842697}}, "scores_per_audiofile": {"BUK5_20161101_002104a.wav": {"precision": 0.9512195121951219, "recall": 0.4431818181818182, "f-measure": 0.6046511627906976}, "BUK1_20181011_001004.wav": {"precision": 0.75, "recall": 0.2903225806451613, "f-measure": 0.4186046511627907}, "BUK1_20181013_023504.wav": {"precision": 0.35714285714285715, "recall": 0.20833333333333334, "f-measure": 0.2631578947368421}, "BUK4_20161011_000804.wav": {"precision": 0.36363636363636365, "recall": 0.0851063829787234, "f-measure": 0.13793103448275862}, "BUK4_20171022_004304a.wav": {"precision": 0.7142857142857143, "recall": 0.29411764705882354, "f-measure": 0.4166666666666667}, "BUK5_20180921_015906a.wav": {"precision": 0.18181818181818182, "recall": 0.08695652173913043, "f-measure": 0.11764705882352941}, "n1.wav": {"precision": 0.15789473684210525, "recall": 0.16666666666666666, "f-measure": 0.16216216216216217}, "a1.wav": {"precision": 0.6666666666666666, "recall": 0.9090909090909091, "f-measure": 0.7692307692307693}}}