{"team_name": "PKU_ADSP", "set_name": "VAL", "report_date": "21042021_21_29_57", "overall_scores": {"precision": 0.5625, "recall": 0.42156133828996284, "fmeasure (percentage)": 48.194}, "scores_per_subset": {"PB": {"precision": 0.6428571428571429, "recall": 0.3521739130434783, "f-measure": 0.4550561797752809}, "HV": {"precision": 0.5, "recall": 0.525, "f-measure": 0.5121951219512195}}, "scores_per_audiofile": {"BUK5_20161101_002104a.wav": {"precision": 0.96, "recall": 0.5454545454545454, "f-measure": 0.6956521739130435}, "BUK1_20181011_001004.wav": {"precision": 0.64, "recall": 0.5161290322580645, "f-measure": 0.5714285714285714}, "BUK1_20181013_023504.wav": {"precision": 0.2, "recall": 0.125, "f-measure": 0.15384615384615385}, "BUK4_20161011_000804.wav": {"precision": 0.3333333333333333, "recall": 0.0851063829787234, "f-measure": 0.13559322033898305}, "BUK4_20171022_004304a.wav": {"precision": 0.43478260869565216, "recall": 0.5882352941176471, "f-measure": 0.5}, "BUK5_20180921_015906a.wav": {"precision": 1e-05, "recall": 1e-05, "f-measure": 1e-05}, "n1.wav": {"precision": 0.08333333333333333, "recall": 0.05555555555555555, "f-measure": 0.06666666666666667}, "a1.wav": {"precision": 0.6666666666666666, "recall": 0.9090909090909091, "f-measure": 0.7692307692307693}}}