{"team_name": "PKU_ADSP", "set_name": "VAL", "report_date": "26042021_22_27_12", "overall_scores": {"precision": 0.7043847241867044, "recall": 0.4277300613496933, "fmeasure (percentage)": 53.225}, "scores_per_subset": {"PB": {"precision": 0.664, "recall": 0.36086956521739133, "f-measure": 0.4676056338028169}, "HV": {"precision": 0.75, "recall": 0.525, "f-measure": 0.6176470588235294}}, "scores_per_audiofile": {"BUK5_20161101_002104a.wav": {"precision": 0.9, "recall": 0.6136363636363636, "f-measure": 0.7297297297297297}, "BUK1_20181011_001004.wav": {"precision": 0.7391304347826086, "recall": 0.5483870967741935, "f-measure": 0.6296296296296297}, "BUK1_20181013_023504.wav": {"precision": 0.3333333333333333, "recall": 0.16666666666666666, "f-measure": 0.2222222222222222}, "BUK4_20161011_000804.wav": {"precision": 0.2222222222222222, "recall": 0.0425531914893617, "f-measure": 0.07142857142857142}, "BUK4_20171022_004304a.wav": {"precision": 0.375, "recall": 0.35294117647058826, "f-measure": 0.36363636363636365}, "BUK5_20180921_015906a.wav": {"precision": 1e-05, "recall": 1e-05, "f-measure": 1e-05}, "n1.wav": {"precision": 1.0, "recall": 0.1111111111111111, "f-measure": 0.2}, "a1.wav": {"precision": 0.7307692307692307, "recall": 0.8636363636363636, "f-measure": 0.7916666666666666}}}